67 42 203 255 31 27 126 190 23 237 113 97 109 38 173 99 116 28 221 26 94 195 27 82 122 241 80 27 17 236 90 150 55 216 18 213 184 164 248 151 111 124 21 19 99 108 66 107 253 50 135 99 140 76 202 183 56 163 44 53 101 166 208 77 141 243 224 81 130 110 86 251 84 223 216 26 245 79 164 57 186 9 191 171 51 188 149 136 203 10 194 24 211 72 200 3 26 109 109 214 112 130 93 10 45 30 48 91 63 61 134 106 59 196 39 76 29 52 205 206 26 84 183 226 135 46 168 238 104 187 95 125 168 180 83 89 54 216 125 3 18 68 54 7 194 139 43 171 250 114 84 205 87 242 249 99 216 71 202 60 217 183 40 214 47 97 134 176 113 164 48 80 29 75 218 215 99 127 245 164 164 147 171 230 170 93 58 209 166 106 48 229 130 180 32 113 144 56 111 140 14 73 251 3 111 111 15 97 152 234 110 110 145 96 249 92 252 155 174 166 14 83 125 130 40 21 195 79 137 80 14 197 159 233 24 34 84 89 56 147
40 202 223 223 251 126 191 87 236 117 109 97 100 189 35 53 98 124 156 223 219 90 210 59 211 90 249 81 42 88 254 123 216 119 221 18 225 184 180 104 95 127 120 101 15 98 105 255 123 197 102 175 12 140 251 76 39 44 37 60 37 80 166 205 193 141 249 96 124 70 239 214 251 220 215 245 26 229 25 188 9 171 171 115 164 149 168 137 138 194 26 210 152 200 88 24 101 108 101 109 198 29 136 45 14 49 31 63 121 6 104 59 196 35 76 13 84 15 204 222 212 26 64 167 42 168 166 104 234 95 191 95 180 24 188 67 217 126 217 144 71 26 65 194 43 43 43 250 123 252 114 85 237 31 115 249 99 200 126 218 189 76 150 41 97 39 48 134 176 48 132 48 72 203 223 186 95 231 127 36 128 44 230 170 93 186 213 58 72 54 42 34 180 2 49 48 113 168 172 142 89 75 107 111 111 111 105 25 233 238 110 255 110 145 120 252 220 230 166 14 83 46 83 42 0 40 15 203 64 137 197 15 233 153 233 84 98 84 81 40
9 223 222 223 251 239 87 175 119 236 101 101 99 99 21 38 28 126 252 223 159 217 123 211 59 251 91 248 88 58 91 254 123 216 119 236 18 249 40 124 126 95 127 120 98 139 107 122 254 98 197 28 140 168 236 111 12 101 44 37 24 37 73 197 237 233 229 120 102 233 214 111 214 255 244 215 229 25 252 137 185 171 115 175 17 160 137 136 194 138 210 26 202 216 220 66 9 101 108 100 221 202 5 140 113 46 63 121 63 40 43 196 35 76 13 196 9 196 206 220 214 196 10 136 169 226 104 232 95 255 31 187 91 180 0 152 219 217 246 73 24 69 6 107 43 43 122 123 254 123 252 114 85 242 159 115 233 106 218 255 78 156 105 97 33 52 7 48 6 128 16 132 72 223 251 87 223 79 231 8 100 164 46 89 170 209 186 205 58 72 34 148 2 49 2 113 48 168 140 217 199 43 107 111 111 47 105 41 232 238 223 110 255 110 249 252 124 196 6 83 46 83 46 128 40 40 203 107 233 225 137 233 137 249 217 249 84 98 86 0
9 222 219 223 223 239 175 119 175 101 100 101 97 118 98 28 62 252 190 253 217 159 217 123 187 91 219 90 248 91 190 123 254 123 216 118 236 58 56 124 119 119 126 127 233 107 123 255 122 230 68 221 136 172 236 110 101 4 37 12 33 10 65 73 237 237 233 101 233 230 233 214 111 214 191 244 209 244 153 185 41 83 167 17 174 9 168 132 136 218 142 200 154 202 216 89 64 9 100 108 236 204 136 1 156 47 121 59 104 43 196 35 78 15 68 13 212 136 220 222 212 196 136 136 160 184 232 108 239 94 251 223 63 74 144 152 217 219 217 88 65 0 105 43 43 122 123 238 123 190 123 125 114 93 115 157 107 248 251 222 222 202 41 97 96 17 16 7 128 0 192 16 204 187 219 251 87 111 111 102 0 36 89 38 209 170 205 170 204 42 148 34 49 3 113 2 97 136 137 204 233 107 111 103 47 105 41 104 232 247 238 254 110 255 222 189 252 68 81 46 83 46 132 40 44 24 107 107 233 233 233 137 233 217 249 217 249 84 106 16
9 219 223 219 127 175 119 175 101 53 101 100 101 97 126 126 252 190 253 255 253 217 221 250 91 219 91 251 90 254 123 254 107 222 123 152 62 252 58 116 124 111 119 239 107 107 255 59 253 98 196 204 132 172 228 125 100 37 20 33 24 64 8 73 109 253 173 233 229 169 230 169 214 47 244 191 244 217 253 43 17 189 145 166 137 168 132 136 137 142 136 138 202 154 218 216 89 192 8 100 236 204 0 152 13 121 47 104 43 228 99 68 47 196 45 68 29 220 220 220 222 196 168 128 137 168 168 108 118 239 222 127 202 154 74 152 217 217 219 217 64 64 41 43 122 123 126 123 254 122 191 123 125 115 221 107 249 123 254 251 222 235 97 97 97 98 1 129 8 129 4 224 153 207 219 221 251 111 111 102 36 2 52 209 38 237 168 204 170 148 42 17 66 81 3 96 128 137 168 233 169 111 111 47 104 41 104 104 232 232 190 238 253 126 254 254 253 84 84 83 46 132 42 44 10 45 107 235 232 233 169 233 201 249 217 185 217 249 80 106
11 223 219 223 253 119 167 101 101 101 101 101 100 101 127 254 238 252 255 245 255 253 217 207 251 91 251 91 247 59 246 123 254 59 222 123 252 30 244 58 92 111 235 103 107 127 123 253 91 228 80 196 172 180 164 228 101 36 33 20 33 8 8 201 101 109 105 237 105 228 169 198 169 244 47 244 191 221 249 17 43 145 164 137 168 192 136 137 136 136 139 202 154 218 218 218 216 8 64 8 236 236 137 8 25 45 120 43 228 35 100 99 196 37 70 13 92 221 156 220 220 236 144 168 136 168 40 124 233 254 251 220 218 10 154 202 216 217 217 203 64 64 41 122 122 62 123 254 59 127 123 251 123 189 91 248 91 239 249 254 235 235 97 96 97 97 64 8 161 16 144 1 105 218 223 219 255 107 111 102 6 52 130 52 201 172 196 168 148 42 81 42 145 66 96 0 32 136 169 169 105 47 47 104 57 104 106 106 236 232 238 223 246 247 126 255 254 125 86 116 196 46 45 10 37 43 234 233 233 233 169 249 232 153 249 217 185 217 185 66
222 217 207 247 127 253 101 37 101 101 101 101 101 100 191 239 254 190 249 255 221 223 253 251 219 123 27 255 91 214 59 246 123 222 123 252 123 244 30 220 118 175 110 107 123 123 253 123 253 80 244 64 164 164 164 36 100 33 5 35 0 10 12 73 73 109 109 104 173 105 196 169 244 185 244 47 221 239 213 233 145 42 161 168 128 136 152 136 152 168 200 154 218 222 218 218 218 66 10 74 236 236 40 9 9 56 45 100 35 102 35 228 97 68 9 76 92 220 213 220 220 220 172 136 168 40 41 104 252 251 254 251 222 154 206 154 216 217 216 201 192 66 40 59 62 123 246 123 191 107 223 59 253 75 249 75 253 250 191 219 235 233 113 97 96 97 80 1 0 161 1 1 105 255 219 127 251 111 111 102 20 2 116 130 172 196 173 196 42 83 42 145 42 32 64 48 0 184 169 57 41 47 104 43 108 106 110 238 232 236 254 190 223 254 127 254 191 254 61 70 100 45 10 39 10 234 107 233 233 233 233 233 249 217 217 249 217 57 68 8
217 223 253 207 223 111 101 101 37 103 101 103 101 101 175 253 239 248 254 249 191 221 255 255 249 219 239 219 255 123 246 59 254 91 246 123 220 123 252 94 221 110 111 123 123 255 123 253 123 252 80 228 8 164 37 36 36 4 49 32 2 12 10 201 105 125 105 109 121 237 105 244 169 244 185 157 239 221 238 209 104 161 40 160 137 136 136 156 136 152 136 202 222 218 214 216 202 74 202 238 252 236 8 9 8 41 38 37 100 35 228 35 116 65 92 92 92 220 212 220 220 220 136 168 40 40 41 104 184 190 123 238 249 206 158 220 218 216 217 200 192 108 42 62 123 222 123 247 107 255 91 189 107 249 75 253 235 247 217 255 235 169 249 97 105 96 99 0 1 1 33 3 105 251 254 251 127 47 111 118 98 116 2 46 148 172 196 172 83 42 145 42 32 32 32 66 56 172 57 169 41 104 43 44 42 110 110 230 228 108 190 207 254 251 246 254 254 63 198 100 196 12 39 10 234 107 171 233 233 233 249 233 248 249 153 217 249 196 24 4
217 245 222 215 111 111 101 97 101 53 103 100 101 103 253 175 253 191 217 191 221 255 191 223 254 255 219 253 251 255 123 222 59 238 27 246 123 252 123 221 78 111 119 95 255 123 191 123 253 122 252 192 164 4 100 36 4 32 4 0 28 10 201 72 104 105 109 105 125 105 237 105 244 169 221 189 157 235 221 238 225 40 176 136 136 136 137 136 152 137 136 222 218 206 218 206 202 234 174 254 238 236 10 24 25 48 33 52 37 228 35 116 35 212 221 92 94 220 220 212 220 156 168 40 40 56 40 40 216 123 254 251 238 220 212 220 220 218 216 200 204 104 62 59 246 91 255 123 239 123 127 107 249 107 252 235 223 235 255 250 171 233 233 104 97 96 96 33 2 65 65 105 107 251 123 191 251 111 127 111 118 98 44 149 46 148 172 96 172 153 43 36 32 32 64 56 106 57 173 41 56 41 60 42 110 110 238 102 228 236 207 254 255 254 251 254 223 198 39 196 196 4 9 232 107 171 105 233 233 233 233 249 249 185 249 217 217 152 196 32
209 217 247 254 111 110 101 101 97 103 101 101 116 253 239 125 159 217 63 221 223 251 222 191 255 191 191 249 247 235 247 123 174 59 118 27 126 91 245 95 111 63 111 239 123 223 123 251 122 253 234 228 0 36 4 4 32 4 0 36 12 200 104 72 104 105 105 111 105 45 105 109 105 221 61 221 185 221 239 233 232 168 8 137 136 136 136 136 136 136 136 154 222 218 206 234 234 238 126 230 236 238 25 26 144 9 48 35 36 37 116 35 212 35 220 221 156 222 220 212 220 200 40 40 40 44 40 24 120 246 251 190 190 190 212 220 220 220 218 200 200 108 123 246 59 253 122 254 107 239 123 251 107 252 235 251 235 255 250 223 233 233 105 121 112 96 104 16 65 64 65 104 251 123 239 123 255 119 111 127 107 110 36 44 149 46 32 172 136 45 36 48 96 1 33 104 57 106 41 42 43 56 41 110 46 230 110 230 100 108 190 254 254 255 190 251 254 231 196 4 196 0 10 41 235 104 232 233 105 233 233 121 249 249 249 185 217 201 128 32
8 209 217 253 110 103 102 97 101 97 103 101 101 253 249 239 249 159 220 223 255 222 127 127 63 127 249 253 121 247 233 255 59 246 59 94 91 255 91 251 127 111 231 123 191 59 191 123 191 250 228 224 100 2 5 64 68 4 6 32 12 104 74 108 104 105 105 104 109 121 125 105 45 61 217 61 221 253 173 232 232 136 152 137 136 137 136 140 136 136 136 214 218 222 234 106 238 252 174 110 238 189 254 145 10 16 11 36 33 36 101 212 35 220 191 220 221 220 222 220 220 216 40 56 40 40 8 58 120 121 222 247 188 212 190 220 220 220 220 216 204 104 238 123 253 123 253 123 231 123 255 123 247 234 251 233 127 251 191 251 233 232 107 57 121 98 98 104 64 67 68 104 123 223 107 255 63 191 127 111 110 102 44 4 44 32 46 136 60 52 96 100 34 32 2 41 104 41 42 43 56 43 40 46 230 47 230 102 100 108 222 254 127 254 251 254 255 102 196 196 4 2 41 43 105 236 232 169 233 105 249 248 249 249 249 217 249 201 0 2
2 8 217 189 111 102 103 100 97 117 97 101 117 125 125 249 255 124 215 127 219 251 247 127 123 191 251 185 125 57 255 251 214 59 214 123 255 219 255 127 255 231 123 247 123 191 59 183 186 223 240 228 98 5 16 68 64 36 32 4 40 76 108 104 40 104 105 105 105 121 121 109 45 27 61 221 253 253 248 236 232 136 140 136 169 136 137 136 168 168 128 140 222 234 234 238 190 238 110 238 191 254 189 110 17 10 36 129 36 33 100 101 220 191 212 191 220 217 220 220 212 156 58 40 40 40 40 120 122 120 253 222 214 180 220 254 220 220 220 220 200 236 123 255 123 253 123 223 123 223 123 251 123 251 235 249 123 255 251 255 249 105 120 123 120 100 42 112 68 68 192 104 239 123 253 127 254 127 247 47 46 110 4 44 32 36 152 44 52 40 36 96 32 66 41 42 41 40 43 56 43 40 46 228 47 230 38 102 100 108 190 255 254 247 126 239 252 230 70 196 16 57 43 105 105 168 104 233 233 169 249 249 185 249 185 248 217 201 32 32
9 136 153 45 110 103 102 100 102 97 101 113 101 125 125 253 245 255 124 207 247 254 251 247 247 251 189 107 185 93 235 255 235 214 59 251 251 254 191 255 247 247 247 123 127 59 247 62 223 250 207 224 117 128 133 128 68 2 4 33 28 108 108 104 104 120 121 105 105 121 89 125 9 57 27 245 253 245 252 104 236 137 136 140 136 137 168 136 168 132 136 140 238 234 110 254 174 110 238 255 254 191 110 63 110 38 64 100 1 36 33 100 221 212 191 212 239 156 221 220 220 88 164 40 42 40 40 120 124 122 220 127 190 214 252 212 254 220 220 156 204 232 255 122 223 122 127 91 223 123 255 123 251 251 251 249 191 251 254 219 253 123 121 122 123 104 112 42 72 84 64 232 123 251 127 191 111 255 63 46 110 46 44 34 36 16 44 53 40 52 32 32 64 41 42 41 42 41 24 43 40 42 228 46 230 102 102 38 100 108 254 246 255 254 191 254 239 228 230 196 196 41 41 104 105 108 232 233 233 233 249 248 249 153 120 249 217 137 64 0
8 137 41 44 111 102 102 102 101 100 97 117 113 125 117 125 221 249 255 251 207 251 253 251 255 255 107 185 75 249 255 235 247 235 191 251 127 255 255 253 247 247 253 239 59 247 59 221 254 219 234 197 224 1 128 4 0 36 32 4 41 108 124 104 40 120 120 41 105 121 123 89 57 25 241 27 245 249 221 236 232 136 136 136 136 136 136 168 144 136 140 140 236 236 254 238 110 238 255 254 254 110 55 110 46 64 36 80 38 129 36 33 244 221 212 183 212 223 220 157 220 220 12 44 44 40 56 120 120 252 126 254 215 62 214 188 156 238 220 220 236 252 248 191 122 223 123 255 91 251 123 127 251 249 251 123 250 239 251 127 251 253 123 123 122 124 104 76 8 74 68 104 251 127 239 111 191 127 230 110 46 46 38 36 16 36 52 42 52 40 32 4 32 40 57 42 57 10 41 44 42 228 43 102 38 102 102 102 36 108 254 253 254 255 254 247 238 102 244 196 196 41 40 105 104 104 104 233 233 233 249 249 249 120 249 121 121 72 2 1
8 9 40 45 110 102 102 103 100 101 100 97 113 117 61 124 125 253 187 239 251 127 251 253 253 191 235 75 249 249 251 255 235 127 249 253 239 255 191 223 253 223 255 127 247 59 221 239 223 190 143 224 193 128 0 4 6 2 5 32 44 110 108 104 104 122 124 105 105 57 121 123 91 49 25 117 27 253 189 236 248 136 136 136 136 140 136 132 172 140 156 156 236 236 238 238 110 255 246 191 254 126 110 46 80 38 68 36 137 36 1 36 35 116 213 212 55 220 223 220 221 220 12 44 42 40 24 120 120 124 254 253 254 213 62 220 164 220 238 220 252 188 252 122 247 123 253 107 127 123 127 187 255 123 235 251 254 251 255 235 251 187 239 123 127 122 108 8 200 76 72 104 127 251 107 254 119 255 110 110 46 39 36 64 36 80 96 52 46 32 4 34 128 42 56 57 10 41 42 44 228 42 102 34 102 38 102 102 100 108 252 254 254 126 255 254 230 214 102 196 196 40 43 120 108 106 104 233 233 169 249 249 248 249 121 248 121 76 65 1
8 12 41 44 110 102 103 102 101 100 101 98 97 112 126 61 93 252 239 251 127 251 127 239 253 233 235 187 251 185 127 249 127 219 251 221 251 255 159 255 159 255 253 191 63 221 254 223 254 207 224 129 192 16 0 1 1 21 16 4 46 108 108 104 104 124 122 105 105 57 121 122 123 91 51 25 253 187 236 244 236 136 136 168 136 136 133 136 141 140 156 140 236 236 230 230 251 190 239 254 127 238 110 80 46 66 36 2 36 129 36 3 116 35 116 213 220 255 220 223 220 157 12 41 40 8 56 120 120 124 253 254 125 252 221 190 220 236 220 254 252 188 252 223 106 251 122 95 123 63 251 255 251 253 187 254 235 239 251 187 250 239 251 239 123 127 120 88 72 72 72 40 251 123 254 111 254 123 102 110 39 52 8 36 66 36 80 104 32 4 40 192 38 56 58 9 41 42 46 37 44 102 34 102 35 102 38 102 116 100 252 190 254 223 222 239 246 230 198 196 196 40 122 107 120 104 40 105 233 232 217 249 217 249 249 121 248 89 64 32
8 8 44 45 46 103 102 103 100 101 100 97 96 97 125 87 61 253 255 251 235 111 127 223 231 233 187 251 187 123 249 127 251 191 223 250 255 255 255 159 255 239 255 123 221 255 223 246 223 110 201 192 129 224 4 2 1 1 5 0 108 108 110 104 104 120 61 105 105 121 121 123 123 123 89 43 185 252 188 108 228 137 136 136 168 128 168 157 140 132 172 156 236 252 228 255 254 231 254 254 254 110 126 110 66 38 6 37 32 52 1 116 131 118 35 116 213 220 255 220 223 76 9 40 8 40 56 120 120 124 124 253 126 252 252 221 190 220 252 252 254 252 252 254 123 122 254 122 127 251 253 187 247 251 252 251 237 235 223 254 127 219 237 123 251 123 127 120 88 72 104 40 107 127 127 238 123 246 106 103 52 3 100 2 36 66 36 96 0 40 64 48 24 62 9 41 40 47 33 45 36 36 102 35 102 34 102 54 102 84 220 222 251 246 127 246 111 230 198 196 196 120 107 122 107 104 104 105 233 169 217 217 185 248 217 249 121 252 80 2
40 24 44 44 102 38 103 102 100 100 101 96 99 96 117 127 127 253 254 127 231 127 255 251 199 235 251 187 123 251 123 250 127 223 255 223 251 127 223 255 251 254 191 255 255 207 254 221 222 203 200 193 192 144 0 1 128 33 8 4 108 44 108 40 104 120 105 105 107 121 120 91 59 123 123 185 186 189 108 236 108 137 152 137 128 168 136 172 133 140 140 172 252 228 252 126 251 238 127 254 254 126 110 110 102 2 37 2 36 0 53 129 116 131 118 35 116 221 220 191 220 109 8 8 44 40 56 122 56 124 126 124 253 252 252 252 221 222 252 252 252 190 252 255 254 255 106 127 250 255 235 119 187 255 251 125 235 255 255 255 255 239 235 254 123 247 123 63 120 200 120 104 123 127 223 127 254 122 103 98 99 100 130 36 2 36 64 33 32 2 48 64 56 25 41 40 41 33 37 36 36 36 37 102 38 102 50 102 38 102 220 239 222 251 246 127 230 102 198 196 196 236 122 107 110 104 106 105 232 201 249 153 248 249 248 249 185 121 252 1
136 56 45 36 52 102 38 102 100 100 100 97 104 97 96 119 191 255 255 239 127 247 254 223 235 251 250 91 251 122 250 127 191 255 223 253 247 255 251 191 255 254 127 239 223 254 223 238 223 206 233 196 200 64 0 0 33 0 2 8 44 124 44 104 104 104 41 105 121 123 121 123 122 123 123 122 157 46 172 108 236 152 137 192 136 136 168 132 132 156 140 188 236 252 124 254 254 223 252 223 254 254 110 110 102 37 6 36 32 36 1 52 129 116 131 116 99 252 213 212 254 76 8 10 40 40 57 56 90 116 124 118 244 125 252 220 252 245 252 252 244 252 254 252 255 246 126 250 239 187 254 107 223 251 239 250 255 255 251 239 254 235 239 251 255 123 253 122 127 88 236 56 119 247 123 191 127 191 98 99 102 98 37 3 36 32 40 64 32 52 2 48 92 41 40 57 35 33 32 36 37 36 52 36 102 54 102 42 102 190 236 206 191 254 187 246 102 230 70 196 196 236 237 110 106 106 105 106 233 233 217 216 249 184 249 249 121 249 121 1
8 184 36 38 36 37 102 38 100 100 100 112 97 112 113 232 251 255 239 254 251 123 239 251 219 249 251 251 123 251 63 255 223 191 127 223 245 223 254 127 251 253 247 223 191 222 190 223 238 239 220 200 196 68 0 4 0 64 8 8 44 46 104 104 104 104 105 105 120 121 123 123 123 123 59 247 110 172 46 172 252 252 144 168 136 136 128 192 196 140 156 172 252 252 252 254 239 238 223 252 247 254 110 110 103 6 36 32 36 128 36 1 52 129 116 139 252 247 252 213 212 76 8 40 40 40 24 25 124 74 116 252 118 252 253 252 252 252 249 252 188 252 252 246 254 251 222 253 123 254 235 255 219 255 250 255 255 251 127 247 239 239 235 127 187 223 122 254 90 127 120 244 184 126 253 127 191 98 99 102 102 103 2 52 128 32 8 36 2 64 50 2 56 40 41 33 41 32 40 32 38 36 52 36 53 102 47 102 186 236 238 239 126 191 244 187 230 102 198 68 196 108 172 110 106 107 106 233 232 249 249 217 184 249 249 249 248 120 121 0
8 32 32 36 36 36 100 100 100 102 100 100 112 97 112 249 255 247 247 254 255 254 251 253 251 251 123 219 251 123 223 254 253 111 255 254 223 251 191 255 127 254 221 247 222 191 221 254 239 254 239 204 192 68 132 64 4 32 8 10 36 104 104 40 106 104 104 107 121 121 123 123 123 91 245 27 238 46 188 164 252 252 236 168 152 132 132 132 192 172 140 188 252 252 252 247 230 239 254 255 188 239 46 111 102 36 2 38 64 36 0 36 1 52 129 252 127 252 247 252 212 68 8 40 42 8 56 24 89 124 202 116 252 254 188 245 252 252 220 245 124 252 220 188 255 254 127 127 254 251 191 249 127 249 254 255 255 255 223 95 239 111 127 123 223 219 247 58 254 122 119 120 60 189 123 127 98 35 102 106 103 102 54 2 34 0 36 64 66 2 192 56 42 56 49 41 32 41 96 34 32 38 37 20 100 45 102 191 236 238 175 254 127 244 191 230 162 230 70 196 68 172 108 110 106 106 235 232 169 249 217 248 249 121 249 249 185 120 120 1
16 2 32 33 38 100 36 102 100 100 116 100 100 112 97 249 247 254 223 251 126 247 255 219 127 251 219 219 187 223 254 254 255 255 223 255 254 254 223 251 247 254 255 217 255 221 255 247 238 111 238 204 196 192 72 20 128 1 12 38 40 104 104 106 120 104 104 123 123 57 59 123 123 253 75 238 46 188 166 156 124 252 236 136 160 128 132 160 132 156 188 188 244 244 252 252 239 254 251 254 238 166 47 110 102 130 36 64 100 8 52 4 100 1 52 253 220 223 252 247 252 68 8 40 8 40 24 56 88 89 124 202 252 252 246 188 253 188 252 220 253 124 252 188 126 255 239 255 247 253 249 253 249 247 255 247 223 253 251 255 47 95 127 255 251 255 155 127 122 191 122 123 116 57 127 123 98 102 43 99 98 86 98 34 128 32 2 64 64 192 4 232 56 50 40 34 41 32 96 32 34 33 5 39 68 100 181 108 238 235 222 223 252 123 230 166 230 162 198 68 196 108 44 110 110 107 234 233 105 248 249 249 249 185 249 249 122 249 120 1
16 32 16 32 96 36 116 100 100 102 100 100 100 100 112 241 217 239 239 255 255 126 255 253 251 254 219 251 215 254 251 253 223 127 254 127 255 251 255 223 251 127 239 255 217 251 127 127 238 230 238 236 212 192 64 88 64 0 4 24 40 108 40 122 106 104 104 123 107 122 91 123 223 107 239 110 188 167 156 62 244 244 236 161 160 192 128 132 129 157 188 180 188 212 252 252 254 239 254 223 110 47 110 102 230 36 128 36 68 36 8 38 20 36 1 252 253 188 255 252 247 204 136 9 44 8 56 24 122 88 88 188 246 252 252 252 188 252 252 188 252 221 124 124 191 191 255 251 253 223 245 249 189 249 247 251 251 239 223 247 79 127 253 251 223 251 127 250 247 122 253 126 123 125 123 111 102 107 99 35 118 98 194 129 32 0 66 2 192 192 200 40 248 40 42 41 40 32 32 32 41 0 35 196 36 68 100 236 237 252 223 222 254 254 98 230 166 198 134 196 84 100 110 110 111 234 235 233 233 217 248 217 248 185 249 249 185 90 249 0
32 16 40 4 32 96 38 100 100 100 100 100 100 116 116 112 249 111 191 254 127 239 254 255 251 251 251 223 250 254 223 191 251 223 123 255 191 247 251 254 255 127 239 239 251 239 255 254 236 238 238 172 236 224 64 80 64 4 64 14 41 40 106 106 106 104 104 107 123 107 123 223 91 239 111 238 230 157 63 244 62 244 228 161 128 136 160 128 132 156 181 188 148 60 220 252 254 246 255 254 47 110 110 230 102 136 38 64 36 2 36 80 38 32 36 245 220 221 244 247 220 204 8 136 9 40 152 56 88 122 88 116 60 252 252 252 244 252 244 252 252 124 249 124 127 254 255 239 255 253 207 253 249 252 249 127 251 254 223 215 127 247 247 255 219 255 251 223 234 247 94 223 63 91 127 111 107 99 107 118 35 226 67 4 0 8 2 200 32 192 200 232 40 42 41 40 32 33 40 32 0 33 196 32 68 36 68 172 236 253 238 254 246 190 230 98 198 135 212 164 228 68 110 111 238 235 234 233 233 249 217 248 249 121 249 249 92 185 26 1
4 34 32 33 4 32 96 37 100 100 100 100 100 100 116 116 121 191 254 251 247 253 239 223 191 251 255 251 255 255 247 251 223 219 247 247 245 159 223 127 247 247 175 255 111 239 255 255 238 238 236 252 228 96 68 64 68 64 4 41 40 40 106 106 106 104 106 123 107 123 255 123 127 111 238 238 247 119 244 55 244 62 228 128 128 128 144 160 132 148 157 149 60 156 188 252 190 255 252 127 46 110 110 102 238 38 66 36 0 36 16 100 64 36 32 100 253 212 221 252 255 204 136 9 40 9 58 152 120 90 106 90 124 188 252 252 188 244 252 252 124 252 92 125 254 253 239 191 255 255 249 223 252 249 253 187 239 253 253 239 247 127 239 127 239 187 127 187 127 234 253 127 219 111 126 111 107 107 119 107 226 99 70 0 2 1 200 0 192 32 200 232 40 41 40 33 48 32 48 4 32 4 96 196 32 68 52 236 236 236 254 254 254 230 166 230 75 212 135 196 164 100 111 236 239 170 235 232 105 248 249 249 249 249 249 121 249 94 161 64
16 32 32 64 40 64 34 96 36 100 100 100 100 100 100 116 125 238 223 247 251 247 247 254 219 254 235 254 255 251 127 253 249 255 218 247 247 255 255 255 127 127 255 239 238 191 255 255 238 238 236 108 244 100 64 68 192 68 0 40 40 44 106 106 106 106 123 107 123 127 123 253 95 239 238 223 238 119 115 244 39 228 36 132 132 128 128 128 128 132 145 156 157 188 180 156 191 254 191 246 110 110 110 238 102 74 38 64 37 0 100 0 100 8 36 32 212 252 220 189 252 204 8 24 41 42 153 58 216 122 90 126 94 124 252 124 244 60 252 252 252 124 252 116 189 255 247 255 239 191 239 249 255 253 248 239 255 255 245 251 231 127 119 239 255 123 187 111 251 247 251 255 127 127 110 111 107 111 107 225 99 102 66 2 65 0 1 192 0 192 168 104 41 40 33 34 33 52 64 40 36 32 5 104 68 32 196 236 236 236 252 190 254 228 230 167 214 75 196 132 100 100 236 231 174 235 170 233 232 249 217 249 121 248 249 249 57 217 96 4
1 32 16 36 68 32 72 96 98 52 100 100 100 100 100 100 124 223 254 159 231 251 254 191 190 250 190 251 255 255 253 191 125 123 251 222 191 253 223 247 255 254 255 239 223 255 239 255 174 238 236 228 124 100 68 66 100 192 8 56 44 44 106 106 106 123 107 122 127 123 254 63 127 111 251 174 223 238 247 99 228 36 132 4 136 192 128 192 160 144 132 157 156 181 156 188 254 187 246 189 110 46 110 110 110 102 66 36 32 38 0 100 16 36 0 4 96 220 252 252 221 220 12 8 40 153 59 216 122 216 126 94 126 126 124 188 124 188 252 252 252 252 92 252 253 254 127 239 223 231 223 253 253 247 252 254 255 223 253 119 251 245 255 247 253 127 111 251 223 251 239 223 239 127 111 111 111 107 235 99 101 98 194 65 8 1 1 32 200 0 104 56 40 33 36 35 32 65 32 32 32 4 32 70 98 68 96 108 108 236 252 254 190 230 225 214 167 198 64 100 4 100 228 236 171 170 249 104 233 249 249 248 249 249 249 217 217 121 64 32
0 32 33 4 36 64 96 192 118 98 38 100 100 100 100 100 126 254 223 103 159 127 239 126 251 62 123 223 251 253 191 93 223 251 239 247 253 251 239 223 191 127 255 223 127 255 255 239 238 238 236 172 228 100 68 100 64 64 9 40 44 40 106 106 107 107 123 119 91 247 123 223 127 255 239 223 174 127 238 231 96 196 5 128 132 128 192 192 128 160 144 148 213 156 189 188 183 214 187 110 46 110 110 46 110 102 102 16 36 0 36 32 100 0 4 16 36 252 252 252 244 221 9 8 8 57 216 59 216 122 220 126 62 126 118 116 188 244 252 220 252 252 244 252 252 251 127 239 235 223 255 251 125 221 255 191 254 127 127 253 247 235 247 253 254 255 127 251 123 247 127 111 255 239 107 47 111 235 107 103 99 224 66 192 3 1 2 128 64 74 40 104 36 48 33 33 1 33 64 32 128 36 6 34 70 100 68 108 108 236 252 254 230 39 230 225 230 132 68 64 100 68 100 236 170 249 232 169 233 217 217 249 248 249 217 249 217 216 96 8
8 0 4 96 4 96 192 96 192 102 98 36 100 100 100 100 222 247 255 207 127 223 127 254 62 251 253 251 239 253 92 251 223 247 255 239 223 247 255 191 127 191 251 223 239 255 253 238 230 238 236 244 164 100 100 68 64 64 24 40 40 40 106 106 107 123 95 107 215 91 239 111 254 191 253 111 127 238 231 230 228 64 192 132 128 128 160 192 192 144 160 144 148 221 188 181 220 159 110 46 46 110 102 110 110 102 86 102 1 36 32 36 96 4 4 6 17 252 252 252 252 253 8 8 8 152 57 216 123 220 126 126 118 126 62 102 244 188 244 252 252 124 252 252 252 255 223 239 127 253 191 127 251 189 127 238 251 239 254 247 125 247 233 127 191 254 223 95 254 123 223 251 235 231 111 111 239 107 111 107 227 98 192 66 8 3 129 128 64 104 106 44 48 36 40 3 33 16 48 1 96 16 33 70 38 68 100 108 108 236 124 254 230 230 39 102 240 68 4 68 72 100 196 236 249 234 233 233 232 217 217 121 249 249 249 217 217 217 88 0
0 32 0 4 96 0 100 192 96 72 102 112 38 100 100 100 247 222 255 253 223 127 251 119 251 127 123 247 247 247 252 223 239 223 247 239 191 223 191 95 187 235 253 255 239 253 127 238 238 174 236 236 100 36 100 68 192 72 72 44 41 40 106 107 123 127 123 223 43 255 111 255 223 253 239 126 238 239 230 230 228 192 64 128 128 129 128 128 192 196 144 160 144 156 241 156 189 110 46 46 110 110 46 102 110 118 102 70 36 128 100 32 36 8 4 145 38 253 252 252 252 220 136 8 40 26 152 121 212 119 254 62 126 62 102 182 102 244 60 252 220 244 252 252 252 255 223 127 223 223 127 223 127 95 255 255 239 255 127 254 215 127 255 247 254 254 251 251 95 253 235 223 111 235 107 239 111 111 107 171 99 234 66 200 2 128 64 16 32 104 108 96 46 32 128 34 64 33 32 33 0 96 1 32 68 36 84 108 44 108 220 254 102 231 102 246 102 64 70 4 100 64 102 228 236 105 232 233 233 249 217 249 121 185 249 249 217 217 217 2
128 16 8 64 64 96 32 96 64 96 88 102 96 36 102 100 44 255 253 223 247 127 95 251 127 219 247 122 246 247 191 255 207 255 207 253 222 191 95 159 239 255 255 254 127 254 223 238 238 236 228 236 102 100 36 68 64 8 74 44 40 42 106 123 126 123 251 123 251 103 191 223 254 127 247 238 238 174 230 230 228 192 192 4 160 144 128 128 128 192 196 144 168 144 156 125 44 46 38 110 110 110 102 46 118 110 102 102 0 100 8 36 0 132 0 36 217 254 252 244 252 244 24 24 8 185 10 216 121 220 127 222 62 102 180 102 150 102 124 220 252 156 252 252 188 255 223 207 223 239 223 127 222 127 251 255 223 127 255 251 254 255 223 255 223 223 191 127 223 223 254 239 239 107 239 107 111 111 235 99 171 98 202 66 144 0 2 66 1 104 106 100 32 4 32 192 40 0 49 1 32 1 40 4 48 68 36 108 44 108 252 126 103 102 246 102 102 70 96 68 5 100 192 100 236 104 233 169 233 217 249 249 249 249 121 248 217 217 217 1
0 128 0 0 96 64 98 34 96 80 96 96 102 96 36 102 108 252 253 255 223 191 254 127 123 254 219 243 123 254 254 191 251 199 127 223 255 91 187 239 127 255 253 255 254 255 222 238 236 228 236 100 100 102 68 4 80 72 44 42 41 106 123 126 91 251 123 235 126 250 222 255 254 239 127 174 236 228 166 230 228 192 192 132 2 160 192 136 192 160 224 196 152 40 20 189 44 102 110 110 110 46 110 118 38 102 102 102 116 64 36 32 4 4 68 16 252 245 254 252 244 252 252 136 152 8 216 26 216 61 222 127 230 182 102 180 102 30 126 244 220 252 252 252 188 255 255 222 239 222 239 223 95 255 255 253 247 247 127 247 247 253 247 221 247 223 95 239 191 191 127 237 239 235 107 107 111 239 107 107 98 170 66 210 66 0 64 131 66 104 44 96 4 32 64 34 0 32 0 32 3 96 0 36 4 48 68 44 108 110 124 239 102 246 102 102 102 102 68 64 68 4 100 192 108 168 233 232 105 249 249 249 249 121 217 248 185 217 217 64
0 128 2 32 0 96 64 104 34 104 64 112 96 100 96 44 44 252 189 255 191 254 127 191 239 187 239 218 247 255 191 251 255 251 223 239 215 254 239 254 255 223 223 255 254 254 191 238 236 108 228 100 100 102 68 72 20 72 41 41 42 123 94 123 255 107 187 119 251 254 239 254 191 251 239 108 228 228 228 230 228 196 192 1 160 8 128 224 128 196 160 208 76 80 40 44 36 36 110 110 110 110 126 110 102 38 102 102 102 100 0 5 0 4 4 68 244 252 249 238 252 252 220 156 12 152 24 216 30 220 127 246 102 102 183 102 61 126 254 94 252 252 252 220 124 247 127 191 222 238 221 247 255 253 253 127 253 254 246 127 254 215 249 245 217 251 247 191 255 127 191 239 175 234 107 111 231 111 107 107 234 66 147 66 98 68 8 192 42 104 96 37 33 4 48 4 96 16 34 0 96 32 32 2 40 4 32 108 124 92 110 110 118 102 102 102 102 102 68 68 64 196 20 100 232 232 248 249 249 249 121 249 249 249 249 248 217 249 217 192
4 128 32 2 34 0 96 96 108 98 98 96 104 96 100 44 44 188 125 191 254 255 255 238 191 111 251 253 218 255 251 247 187 255 239 223 235 191 252 191 255 127 254 239 127 255 238 230 252 236 100 100 100 100 100 68 72 12 43 40 123 94 123 255 123 251 119 187 255 127 254 254 219 223 231 172 100 228 228 100 228 196 196 192 16 128 64 132 208 128 196 164 82 76 40 36 36 52 110 110 110 94 110 110 102 102 38 102 102 100 36 64 6 0 4 4 68 252 252 252 190 188 220 68 152 30 152 152 220 94 252 95 102 231 102 63 110 255 126 246 222 252 252 252 124 116 255 214 255 219 191 157 247 191 253 253 255 251 253 254 223 190 247 249 245 251 251 253 255 255 111 175 234 171 111 239 47 111 107 235 106 211 66 34 70 64 64 136 104 104 96 36 6 32 4 32 1 96 0 32 0 32 16 40 4 33 4 100 124 92 110 110 110 102 102 102 102 102 68 68 68 96 196 132 168 104 252 249 249 248 249 249 217 249 249 249 248 217 249 192
32 1 2 32 4 33 64 96 96 112 106 96 98 96 98 44 44 28 189 126 254 251 254 239 107 255 247 187 253 251 127 249 127 255 251 239 191 188 183 191 247 253 223 255 251 191 110 254 238 252 100 102 100 100 116 84 78 12 44 43 118 107 239 122 255 95 249 255 255 191 223 254 223 247 203 100 164 100 228 228 100 196 196 196 192 16 128 72 164 192 129 192 188 104 38 96 36 36 110 110 94 110 110 110 102 102 102 38 102 100 96 4 0 20 0 4 68 252 252 220 220 156 188 220 92 152 158 152 220 188 222 252 199 102 127 110 255 126 255 118 254 254 188 252 252 124 246 247 221 191 213 179 157 245 251 252 255 255 247 191 254 231 190 247 248 255 127 247 247 223 239 234 171 111 175 111 110 107 235 107 219 42 106 70 6 64 80 76 108 108 96 128 40 5 96 0 33 32 32 0 48 1 96 64 96 132 32 5 124 124 110 102 110 102 102 102 102 102 68 68 68 68 80 128 40 248 184 245 121 121 121 217 217 249 249 217 121 249 217 192
2 0 40 128 36 16 48 72 98 96 104 98 100 98 110 44 12 52 52 251 253 254 255 239 127 247 253 253 249 255 251 127 255 255 255 251 188 247 188 245 63 251 239 191 127 110 190 236 254 238 100 100 100 100 100 116 108 12 40 118 43 239 91 251 123 255 127 253 255 223 251 223 247 223 231 192 100 164 100 228 228 68 196 196 192 192 1 160 64 192 200 128 104 44 100 36 96 52 110 126 46 46 110 110 102 102 102 102 38 100 100 32 4 128 4 16 5 252 252 252 220 220 156 220 156 220 152 150 156 220 220 222 228 95 110 253 126 223 126 255 252 222 246 252 244 244 125 254 191 213 63 221 247 157 253 223 239 223 251 254 255 254 247 174 255 223 191 127 254 255 239 233 111 175 103 47 111 235 107 251 107 110 110 66 64 16 64 76 108 108 100 32 64 48 32 36 128 48 2 36 8 32 1 96 64 34 4 32 125 126 110 110 102 102 102 102 102 102 68 68 68 68 68 8 168 152 208 184 125 121 121 249 217 249 249 249 185 249 185 192
1 128 0 34 16 36 16 100 64 96 96 100 98 44 110 12 36 28 49 125 255 127 255 127 223 127 239 245 253 235 191 255 247 127 255 254 246 156 215 188 251 239 255 127 255 222 236 254 236 230 100 100 100 100 100 100 108 41 38 57 237 123 254 91 255 127 127 255 247 253 221 254 221 243 199 228 192 102 164 100 228 196 70 228 196 192 128 32 128 192 192 72 44 102 36 112 36 96 126 110 46 46 46 110 102 102 102 102 100 36 100 6 0 36 0 4 20 245 252 252 252 220 220 156 220 156 212 152 142 220 220 220 222 174 223 94 223 126 253 246 255 246 222 246 124 244 124 255 213 189 221 255 221 247 221 247 222 253 251 253 254 223 246 223 255 127 123 253 127 251 239 238 239 103 47 107 238 107 251 107 110 110 110 98 68 64 128 76 44 110 100 64 32 64 34 2 32 128 100 16 36 128 32 4 100 5 32 20 124 119 110 46 102 102 102 102 102 102 68 68 68 68 68 136 152 240 152 88 249 125 121 121 249 217 249 217 121 185 192 144
128 2 16 16 34 18 52 64 104 64 98 100 108 110 36 36 140 48 28 125 119 255 127 255 95 255 127 235 253 223 223 255 255 127 247 127 246 246 156 219 255 223 223 253 255 251 238 172 238 228 100 100 100 100 100 100 108 100 57 47 121 255 59 254 126 255 255 254 223 254 245 220 247 221 227 196 228 192 100 228 100 196 228 68 196 224 0 128 2 129 196 72 100 100 104 36 98 37 46 110 46 46 110 110 102 102 102 102 100 100 36 0 132 0 132 0 36 20 253 220 252 252 156 220 156 212 156 204 156 206 220 220 238 223 254 219 94 251 254 249 230 253 246 220 246 92 252 249 247 213 189 221 255 221 247 221 255 247 253 239 255 254 222 255 223 247 254 119 247 255 239 239 111 103 107 238 107 249 107 111 110 110 110 102 64 64 64 140 108 44 100 98 64 34 0 32 1 40 8 116 64 96 32 32 4 32 4 32 116 60 110 102 102 102 102 102 102 102 68 68 68 68 68 136 144 152 120 152 57 249 121 120 249 249 216 249 249 208 208 192
16 18 2 64 16 36 2 96 64 96 70 96 108 108 52 5 32 156 52 124 221 127 191 127 255 127 253 239 223 253 254 255 247 223 119 231 127 252 250 253 223 223 255 255 255 254 230 236 236 228 100 100 100 100 100 100 100 124 101 120 127 123 252 127 191 255 247 127 254 254 254 245 220 247 213 96 212 228 192 100 228 100 196 196 196 192 128 32 129 32 192 68 96 100 100 96 37 42 110 38 46 110 110 110 102 102 102 102 100 100 16 4 4 148 0 68 4 36 220 249 252 252 244 156 212 148 220 156 220 220 214 220 221 190 223 252 187 238 251 238 217 246 253 246 220 222 252 253 249 247 213 125 221 253 221 255 127 239 255 247 254 254 255 221 191 223 215 254 119 255 239 231 107 111 175 107 251 107 111 111 110 110 110 102 68 68 64 76 46 100 36 98 102 0 32 0 40 8 96 24 100 64 96 32 32 6 36 4 40 108 110 102 102 102 102 102 102 102 68 196 196 68 68 136 136 25 152 120 185 89 121 121 249 249 185 249 248 249 208 192
0 64 80 1 96 8 96 4 96 96 112 68 44 108 76 32 68 52 157 124 125 255 126 255 95 223 255 247 223 255 223 251 247 243 207 126 255 223 221 127 191 254 255 239 223 253 238 228 236 228 100 100 116 102 100 100 100 100 60 117 123 255 127 239 253 191 254 254 255 254 253 190 245 220 119 212 96 196 228 208 100 228 68 196 196 192 0 128 48 129 2 66 84 96 100 100 32 110 46 46 46 110 110 110 102 102 102 102 116 116 100 0 4 4 4 0 6 5 252 220 189 252 252 244 156 212 156 220 220 220 220 222 156 159 246 254 174 251 238 250 254 217 230 245 254 252 254 189 253 249 247 220 221 221 125 253 251 127 254 239 191 254 223 223 215 239 223 215 190 254 175 235 111 175 106 250 43 111 111 111 110 110 110 102 84 68 84 76 100 36 96 36 98 36 0 32 10 33 8 96 1 96 64 36 128 36 5 36 36 44 110 102 102 102 102 102 102 102 68 68 196 68 196 136 8 152 25 56 89 121 123 121 185 249 248 248 121 248 249 192
2 2 72 72 16 96 8 112 64 104 98 96 108 100 124 68 33 68 60 253 124 127 191 63 127 247 191 239 247 159 239 239 123 239 255 251 253 223 219 191 246 191 251 239 247 223 236 236 228 228 100 100 100 100 100 100 100 100 116 60 255 111 239 127 191 238 251 127 254 255 238 244 190 245 220 119 212 96 196 228 192 102 212 68 212 192 129 128 136 0 192 86 74 70 112 100 100 46 46 46 102 110 110 110 102 102 102 118 102 116 100 4 64 4 32 4 65 4 221 244 252 125 252 252 116 156 220 220 156 220 212 220 220 246 143 254 123 238 250 254 187 254 209 230 249 190 253 127 249 245 249 255 221 157 253 253 191 251 191 191 254 255 223 223 255 222 255 255 127 191 235 239 231 42 250 107 111 103 111 111 110 110 110 118 102 84 84 68 196 98 52 112 36 16 40 0 33 8 32 64 96 2 96 32 52 0 37 4 100 46 46 102 102 102 102 102 102 102 68 68 68 196 68 24 140 24 152 27 89 121 120 123 249 217 121 120 120 249 184 192
32 72 76 200 72 0 96 8 112 104 100 104 100 108 100 100 68 40 92 124 252 253 126 253 127 123 239 239 237 239 235 239 237 255 127 191 127 239 254 118 189 249 253 223 239 254 236 236 228 228 100 100 100 100 100 100 100 100 100 124 63 231 123 255 238 247 253 251 255 254 254 110 245 190 245 156 119 196 96 196 228 208 102 212 70 192 160 160 16 192 0 200 198 114 70 98 100 46 47 102 46 110 102 110 102 102 118 102 118 102 116 64 5 16 4 64 4 65 212 157 252 252 249 252 252 188 220 220 220 220 220 220 220 221 238 255 126 250 254 187 254 251 254 153 254 253 255 253 223 249 249 249 223 221 253 245 251 175 223 254 254 255 247 127 221 239 191 127 127 234 239 239 239 122 106 47 111 47 111 111 110 110 126 110 118 102 212 70 68 84 102 52 20 36 32 96 2 48 0 40 72 98 128 34 16 36 128 38 4 38 102 38 102 102 102 102 102 102 70 68 68 196 68 76 24 156 26 217 90 121 89 248 123 185 249 121 56 248 193 192
0 72 72 8 72 192 0 98 24 104 104 100 104 116 100 100 100 78 124 124 252 220 253 123 255 247 235 239 235 239 239 239 237 191 255 111 251 247 253 247 123 253 221 251 255 238 236 236 228 228 100 100 102 100 100 100 100 100 100 124 103 63 239 255 255 238 251 255 255 247 252 253 110 244 190 117 156 100 196 96 196 228 208 102 196 64 128 0 32 8 192 196 112 230 98 70 98 43 102 46 110 110 110 102 102 118 102 86 102 102 102 84 16 133 0 132 72 36 65 220 245 252 252 253 252 220 252 220 220 220 220 220 220 220 191 246 239 246 219 254 251 254 249 254 253 191 253 247 125 239 185 249 252 223 252 253 223 223 191 255 255 254 247 239 239 254 123 223 191 111 238 239 254 111 111 107 47 111 111 107 110 110 110 110 110 246 102 70 68 84 84 70 100 2 32 32 48 2 48 136 108 192 34 20 34 32 36 0 38 100 39 102 38 102 102 102 102 102 70 68 68 68 68 76 84 24 221 26 185 91 120 89 249 251 249 217 121 248 200 192
16 88 8 74 72 72 68 26 106 104 104 104 100 104 100 100 100 126 118 124 252 220 253 223 127 255 175 234 238 231 235 111 238 191 255 239 251 123 247 253 191 239 253 223 127 238 236 236 228 228 100 100 100 102 102 100 100 100 100 100 124 239 255 127 251 255 251 255 255 127 191 252 252 110 117 158 101 132 100 196 100 196 228 192 68 224 0 128 8 1 4 192 196 96 102 98 75 102 42 102 110 110 110 102 118 102 118 102 70 102 118 102 68 128 196 16 4 66 4 213 220 221 252 188 221 252 156 252 212 220 220 220 220 220 214 183 246 239 252 251 252 250 254 253 254 249 127 252 255 253 191 249 253 252 255 249 239 247 253 253 223 223 126 239 255 191 255 253 111 111 237 252 235 111 111 111 111 111 111 47 110 110 110 110 254 110 102 198 68 68 84 102 70 48 32 34 128 48 2 56 200 96 20 42 0 34 0 36 66 102 100 38 102 39 102 102 102 102 70 68 68 68 68 68 78 92 25 252 27 248 91 121 248 217 251 249 249 249 136 208
16 28 88 76 76 74 88 110 106 40 120 106 120 100 96 100 102 118 126 94 252 244 217 223 127 127 234 236 239 238 237 239 223 255 239 255 191 255 122 247 239 239 253 191 254 238 108 236 100 228 100 100 100 100 102 100 100 100 100 100 108 191 253 127 247 219 254 255 191 255 188 247 244 117 110 101 132 100 133 100 196 100 212 196 200 96 128 16 1 0 8 68 192 70 96 107 102 74 102 42 110 102 110 118 102 118 102 102 102 86 102 102 196 68 160 196 128 68 68 4 220 220 249 220 252 217 252 220 252 212 156 220 212 220 221 214 187 190 239 252 249 238 223 254 253 254 249 191 253 253 248 127 253 252 249 253 255 111 239 253 191 239 191 255 247 223 251 255 111 238 237 253 238 107 107 111 47 47 103 46 110 110 110 252 110 110 228 70 84 68 68 68 118 70 32 128 96 136 56 14 104 64 112 64 34 32 36 1 36 98 102 100 39 102 38 102 102 102 70 100 196 68 100 68 92 94 84 25 244 91 248 91 121 121 121 251 249 248 208 137
4 24 94 108 68 216 10 42 106 104 108 120 106 96 102 104 116 110 126 190 252 252 253 251 247 255 236 238 238 239 231 191 191 191 253 239 239 255 255 126 239 191 254 222 255 238 172 110 228 100 100 116 100 100 116 100 100 100 100 100 110 125 251 223 111 254 239 251 253 191 247 188 215 244 117 100 100 164 102 132 100 196 100 196 192 192 0 136 0 128 64 2 100 112 98 102 106 102 74 110 110 110 118 110 118 102 102 102 118 102 198 230 70 196 84 128 68 2 68 68 220 220 220 245 220 188 221 252 220 124 220 156 220 220 156 189 238 175 254 251 252 251 246 223 246 253 253 252 255 245 253 253 127 253 253 253 255 239 255 255 231 191 253 254 255 247 191 253 238 239 237 237 239 43 111 47 47 103 47 102 110 110 254 110 110 174 102 84 70 68 68 196 68 102 8 32 128 40 140 104 74 96 64 96 16 32 16 36 16 36 98 102 100 38 102 102 102 102 102 68 68 68 68 84 92 94 222 84 25 252 219 249 123 89 121 249 235 249 216 32
4 30 124 12 108 204 42 106 42 104 104 108 120 98 40 100 106 126 190 220 254 252 252 255 123 254 238 238 111 231 191 127 175 253 251 237 247 191 239 254 255 254 223 255 254 110 46 236 116 100 100 100 100 100 100 100 102 116 100 100 125 126 239 255 255 238 127 239 239 119 63 215 188 215 212 116 100 100 164 100 132 116 196 70 196 192 128 4 128 2 0 100 64 100 100 106 102 106 110 110 110 126 46 86 110 102 102 102 102 230 102 198 198 100 196 68 1 70 16 68 220 220 220 220 253 220 252 157 252 156 220 220 212 212 220 172 171 254 254 254 250 254 250 246 223 255 221 189 125 251 189 125 253 254 245 189 253 255 191 255 255 253 127 255 191 127 253 239 231 238 237 237 239 110 47 47 102 47 102 46 46 254 110 110 230 102 54 102 68 68 68 68 68 92 32 1 96 136 56 104 104 64 96 68 104 16 32 16 36 64 37 98 102 116 102 102 102 102 102 68 70 68 68 196 84 222 30 222 92 217 125 251 249 123 120 248 249 249 249 0
1 124 158 108 68 124 106 42 108 108 104 104 100 108 100 40 118 238 220 190 252 246 252 127 247 255 238 239 239 127 126 191 189 255 253 255 237 238 247 254 254 255 251 247 191 110 236 100 236 100 100 100 100 100 102 102 118 102 100 100 126 247 254 255 191 127 111 111 239 239 215 31 215 188 199 212 100 100 100 164 100 196 68 196 84 200 128 132 4 16 0 1 100 96 116 102 106 110 110 110 126 110 214 46 102 102 102 102 228 102 230 70 230 228 68 68 68 20 70 17 220 220 220 220 220 253 220 252 157 252 220 220 220 212 220 169 246 191 254 254 254 250 254 251 255 159 191 93 245 252 123 253 253 253 254 253 253 191 251 255 247 253 239 247 119 255 255 238 235 239 229 173 111 107 47 102 47 102 46 47 254 110 102 110 102 86 102 38 68 68 68 196 68 84 0 32 0 40 168 104 104 96 68 96 64 40 16 32 0 36 72 36 114 102 100 102 102 102 102 70 68 70 70 68 196 222 222 30 222 221 249 252 235 121 123 248 249 121 249 128
0 31 44 78 108 108 106 100 108 108 104 106 40 102 100 100 168 222 254 252 254 252 254 223 127 239 239 239 255 223 254 253 159 249 223 189 239 191 238 255 255 255 127 249 110 238 100 236 100 100 102 116 100 100 100 86 102 102 100 100 247 118 127 253 63 254 47 111 237 127 237 215 63 231 148 199 68 100 100 102 165 68 196 68 196 192 128 8 8 68 1 4 32 102 96 108 110 110 110 126 110 246 110 102 38 102 102 230 102 228 102 228 70 228 100 84 68 100 85 70 221 220 220 220 156 220 253 220 124 213 220 220 220 220 220 212 41 252 254 252 126 254 249 127 247 255 29 247 92 221 253 251 253 245 253 127 253 251 254 255 127 255 247 238 239 254 223 239 235 111 233 105 111 111 102 47 102 46 47 254 111 110 110 102 118 102 70 68 36 68 68 68 196 70 0 1 40 42 40 106 108 100 96 64 96 64 56 8 96 8 52 68 52 98 102 100 102 102 102 70 70 70 70 68 70 222 222 222 222 219 253 217 249 123 121 219 249 249 217 32
8 44 14 108 124 108 44 104 100 100 104 104 98 33 100 100 204 254 238 252 252 238 247 255 239 237 239 255 254 253 253 253 185 207 125 239 187 238 255 255 254 251 254 123 230 46 252 100 100 100 116 102 100 100 116 100 198 102 100 100 100 255 254 127 254 63 111 239 111 173 127 229 230 39 231 132 70 68 100 229 68 132 68 196 68 192 0 136 1 64 4 0 36 40 100 108 110 110 126 110 254 110 102 102 102 38 230 102 230 102 228 102 244 68 100 100 84 68 100 221 222 221 212 220 220 212 220 252 220 60 221 220 220 220 220 220 220 253 252 246 238 253 239 127 127 254 247 29 239 213 221 252 223 125 253 249 191 247 251 254 191 239 223 239 126 191 191 239 237 233 105 105 107 111 107 102 46 47 254 47 110 46 46 102 102 102 198 70 70 68 84 196 68 68 0 128 41 56 42 124 108 100 104 96 96 98 76 96 8 48 8 52 64 36 98 102 116 102 102 70 70 70 70 70 156 222 222 222 223 191 217 253 249 249 123 249 251 217 249 32
8 140 100 108 110 108 120 108 104 100 104 104 105 112 96 100 172 236 254 254 252 239 238 254 239 238 254 251 253 255 245 253 204 249 235 255 236 254 254 247 251 254 187 254 106 252 102 100 116 102 100 102 100 100 116 100 100 70 102 100 100 190 247 190 127 235 239 111 237 103 236 103 229 230 39 70 4 196 84 100 196 84 132 68 196 64 192 128 64 8 128 4 1 36 42 108 110 126 110 254 110 110 102 102 102 230 38 230 102 230 102 244 102 102 100 116 100 68 68 252 221 222 220 220 220 220 212 220 252 220 252 221 220 220 220 156 212 252 125 188 255 239 223 251 191 255 126 239 221 239 213 157 189 255 249 252 247 191 255 254 237 254 239 254 191 253 235 239 237 232 105 105 111 107 111 106 43 252 47 102 46 46 102 38 102 230 70 70 70 68 84 84 70 68 16 0 40 41 124 110 124 108 96 96 112 124 112 8 40 9 52 8 37 64 36 82 102 100 102 70 70 198 70 222 206 220 222 207 127 217 127 249 253 217 249 187 249 249 185 32
24 4 12 108 108 124 108 108 108 106 104 104 104 105 96 96 236 228 246 254 190 110 254 111 238 126 239 239 127 252 255 245 253 253 255 238 190 254 255 254 247 123 254 250 126 110 100 100 100 100 102 100 100 100 100 116 100 100 102 100 100 231 190 127 127 235 111 237 111 173 103 228 103 245 102 6 196 4 196 68 100 196 196 132 68 224 72 68 4 16 0 4 4 8 124 110 126 110 126 110 110 46 102 102 228 102 230 38 230 102 118 102 100 102 116 100 100 70 68 156 252 213 222 156 220 156 212 220 220 252 220 252 217 220 220 212 156 252 188 125 254 254 253 251 255 191 251 127 111 157 231 217 189 245 255 221 188 255 223 255 126 231 254 247 253 253 239 175 233 233 105 107 107 47 107 43 220 47 102 38 46 102 38 102 230 102 70 70 198 68 68 84 84 100 100 4 44 56 109 124 46 110 96 96 96 116 92 40 10 40 9 36 4 37 96 52 74 102 100 70 198 70 158 206 222 158 222 255 215 127 121 255 249 245 249 249 249 185 96 2
4 12 44 108 110 100 108 108 108 104 104 104 104 104 96 96 244 228 236 254 110 246 111 238 118 239 231 247 247 255 125 255 221 252 255 254 190 191 238 247 254 191 187 254 252 110 100 116 100 100 100 100 100 100 100 116 102 100 100 116 100 60 127 251 127 110 239 107 229 103 165 103 116 103 100 196 6 196 4 196 70 68 196 68 133 80 64 192 2 132 64 1 0 12 108 126 110 126 110 110 110 102 102 230 102 228 102 230 38 118 102 102 102 116 102 100 100 68 68 220 220 252 221 222 156 212 157 220 156 220 188 220 252 221 220 220 220 188 124 220 239 253 254 255 253 251 127 254 223 231 157 251 245 189 221 253 245 255 255 251 127 126 247 126 254 249 231 232 233 232 105 107 111 107 43 220 47 102 38 38 102 38 102 164 102 102 70 230 70 68 100 68 84 68 100 38 44 44 124 109 110 110 96 112 96 112 60 10 44 8 48 4 36 64 100 80 102 66 102 212 70 222 206 222 220 220 255 215 223 239 127 249 253 121 125 249 249 96 32 64
32 12 44 108 108 108 108 44 44 106 106 104 104 120 112 96 96 228 236 238 222 47 174 110 175 103 246 227 239 251 251 249 223 125 190 251 253 238 255 238 255 250 254 251 190 108 100 100 100 100 100 116 116 116 102 100 100 100 100 116 116 124 253 127 253 239 111 175 98 229 103 53 103 100 100 68 196 36 196 4 68 68 68 196 64 133 64 64 132 4 8 2 8 13 108 110 62 110 102 110 110 102 102 102 230 102 244 102 86 38 102 102 118 102 100 100 100 196 70 220 220 220 252 221 214 156 220 153 220 156 220 252 156 252 221 156 220 124 220 252 253 223 223 191 191 253 223 255 251 215 123 249 250 213 252 245 253 255 253 251 255 255 126 191 255 191 233 169 232 233 105 110 107 107 220 47 102 38 38 102 38 102 166 102 36 102 230 70 70 68 100 196 68 68 68 60 44 46 108 108 110 110 112 96 112 98 72 44 12 32 24 40 16 37 64 116 192 102 214 102 212 204 222 222 222 156 223 191 251 127 253 191 217 253 121 253 249 96 64 64
0 60 44 108 124 108 44 44 42 106 106 104 104 120 120 112 112 96 236 254 237 166 110 175 103 183 103 238 251 223 187 251 189 223 219 191 255 247 238 191 254 251 251 254 108 108 102 100 100 100 100 100 116 116 116 100 100 100 100 116 116 124 125 253 255 239 239 98 167 98 117 102 33 100 100 68 70 196 5 100 6 196 84 68 212 64 16 64 4 2 2 8 8 13 44 126 110 110 110 110 110 102 102 230 102 246 102 116 102 70 38 118 102 102 100 100 100 68 212 222 220 156 220 252 157 158 156 220 153 220 220 212 188 156 244 221 220 156 124 188 245 254 191 255 253 223 223 253 255 251 255 251 253 186 213 252 253 252 239 191 255 191 127 239 191 249 169 168 232 249 105 106 107 255 111 102 38 38 102 39 102 166 102 38 102 164 102 70 102 196 68 68 84 84 68 108 45 110 108 100 102 126 110 116 100 106 120 44 32 9 40 24 40 2 36 64 102 208 102 198 102 220 206 222 214 220 191 249 247 255 251 217 255 249 253 217 252 96 64 192
4 46 44 108 108 44 60 56 110 106 106 104 104 120 88 122 112 96 236 237 238 108 175 103 183 103 175 239 127 250 254 183 223 255 254 255 251 253 251 254 191 255 255 247 108 124 100 100 100 100 100 100 100 116 116 100 100 100 102 100 116 124 125 253 239 239 235 231 98 55 98 100 100 34 100 68 196 68 68 4 196 5 212 212 68 82 66 0 0 0 24 8 24 4 44 110 110 110 110 110 110 102 230 102 246 102 118 102 100 102 70 38 102 102 100 100 100 68 68 220 222 220 220 220 188 157 158 156 156 220 220 220 220 180 156 252 221 92 180 212 188 255 127 223 254 191 127 253 251 254 251 254 251 213 186 221 252 252 255 255 191 127 127 239 249 187 168 168 232 233 105 107 239 107 111 102 38 102 35 102 166 102 38 102 166 102 36 102 198 68 68 84 68 84 68 108 108 108 108 100 116 110 126 110 100 120 106 48 12 40 9 40 2 36 64 100 208 102 192 102 222 236 158 222 206 222 248 127 249 239 127 251 249 239 249 221 121 96 64 64
8 44 36 108 110 60 57 44 110 110 106 106 104 120 120 120 106 98 228 172 108 110 103 179 103 171 237 253 254 191 239 222 255 239 127 127 255 251 253 254 251 255 239 239 124 108 100 100 100 100 100 100 100 100 116 100 100 100 100 100 100 124 124 252 231 111 111 227 119 102 38 96 116 100 96 68 196 70 100 68 4 196 5 212 84 68 66 0 128 32 8 24 64 8 44 110 46 110 110 110 110 230 102 230 102 86 102 102 102 100 102 70 38 102 100 100 102 68 68 212 156 222 220 220 220 60 157 158 156 220 220 212 220 220 188 220 252 221 94 180 188 247 251 127 254 127 247 127 247 123 126 235 253 123 221 254 125 244 255 254 127 191 254 127 239 248 168 168 232 232 104 239 107 111 111 102 102 39 102 162 102 38 102 164 102 39 102 180 70 68 196 100 84 84 70 108 108 108 44 100 102 126 110 110 44 108 120 106 40 12 40 128 37 8 38 72 116 192 102 216 238 222 254 206 206 254 246 121 255 251 254 223 251 249 255 217 189 96 64 66
8 36 44 108 126 122 44 44 110 46 106 110 104 122 120 120 106 230 112 108 108 111 246 103 171 233 237 252 191 111 251 247 127 255 255 223 254 251 255 253 254 255 238 251 238 100 100 100 100 100 100 100 100 100 100 100 100 100 116 100 100 124 124 252 252 111 111 87 227 102 96 36 96 100 116 64 196 100 68 70 68 4 196 7 212 68 72 64 64 128 10 4 12 9 36 38 110 110 110 110 238 102 230 102 86 102 70 102 102 102 102 102 70 38 100 100 100 68 68 68 220 212 222 220 220 220 188 153 158 220 220 220 220 156 220 124 156 220 252 94 180 189 255 191 127 223 95 119 123 253 251 251 251 253 251 253 222 125 238 254 255 254 127 255 253 237 168 169 232 232 232 107 111 47 111 102 103 102 166 102 34 102 166 102 37 102 166 70 6 100 68 84 100 84 108 124 108 108 100 36 116 110 110 110 124 110 100 104 10 40 0 96 128 36 72 100 72 100 216 238 222 126 220 198 254 252 127 239 251 239 251 251 247 187 249 255 98 34 192 68
1 8 44 108 126 126 44 60 46 106 110 110 110 120 122 56 238 114 230 108 108 254 103 238 233 233 237 125 103 255 223 123 254 255 255 255 254 247 127 191 255 190 247 238 238 100 102 100 100 100 100 100 100 100 100 100 100 116 102 100 100 124 124 252 252 111 126 238 71 98 102 96 36 104 100 68 64 68 68 84 68 68 36 212 7 68 96 192 80 4 5 136 8 132 128 124 110 110 110 174 110 230 102 118 102 70 102 70 102 102 102 102 102 68 36 100 100 68 70 68 212 212 156 222 220 220 216 188 221 222 212 220 220 220 220 220 252 220 220 188 30 61 191 127 251 123 255 95 191 219 255 251 251 251 189 223 253 222 254 253 254 255 255 239 254 173 169 40 168 248 248 111 110 111 111 103 102 230 102 38 102 170 102 103 102 164 70 134 100 132 68 68 84 100 126 44 44 110 100 100 36 102 110 126 110 124 108 104 40 2 33 2 32 64 100 200 100 8 236 214 254 220 254 252 254 254 253 247 231 251 255 253 219 253 235 235 98 224 4 68
64 10 44 108 126 94 62 44 106 46 110 110 126 126 120 106 122 238 106 108 110 111 110 239 233 105 237 237 253 255 253 253 251 253 255 239 255 254 127 253 159 243 190 230 230 102 100 100 100 100 116 100 102 100 100 100 100 100 100 100 100 124 124 124 252 126 239 111 102 198 98 102 104 100 96 84 196 68 68 68 68 68 68 36 68 68 64 64 196 8 8 8 192 0 4 236 110 110 174 110 238 102 102 102 102 102 70 102 198 102 102 102 102 100 68 36 100 100 68 100 100 212 220 220 222 220 220 220 188 220 222 220 220 220 220 220 220 124 220 92 61 63 127 239 95 253 127 253 219 255 123 255 249 255 207 252 219 127 255 254 247 239 191 247 111 41 44 168 168 248 248 110 47 103 111 103 230 102 102 102 174 102 35 102 230 70 148 100 132 68 132 100 68 84 108 44 60 108 100 100 100 44 126 110 126 46 44 104 128 97 2 32 2 36 64 100 200 108 204 252 222 254 252 254 246 255 251 189 251 247 223 247 253 249 235 235 226 96 64 132
0 44 44 108 126 126 124 42 46 110 110 118 126 94 118 122 236 106 102 110 103 110 239 111 233 233 253 229 252 253 254 125 252 255 239 255 253 223 255 191 243 159 231 166 230 102 100 100 100 100 100 100 100 100 102 100 100 100 100 100 100 116 124 126 124 247 47 111 230 102 70 106 100 96 100 96 68 68 68 68 68 68 100 68 36 68 72 192 80 8 136 4 8 4 0 110 110 238 110 238 110 102 102 102 102 102 102 230 102 70 102 102 102 100 100 68 36 100 100 100 116 100 220 212 220 206 220 220 220 244 220 222 156 220 212 220 220 220 124 220 124 127 191 95 247 126 245 254 239 251 247 187 127 247 223 215 255 255 254 255 190 239 243 187 107 44 40 168 172 248 120 111 103 47 99 103 102 102 102 230 102 39 102 162 102 212 198 132 68 132 68 36 68 84 124 44 44 108 100 116 116 108 110 110 102 44 40 44 96 0 33 2 36 8 52 192 110 204 236 212 254 126 254 222 255 254 127 249 247 251 247 223 253 125 233 235 226 100 64 0
128 44 60 110 126 126 126 46 110 110 126 110 94 118 94 254 106 110 106 103 110 239 47 239 232 233 236 253 253 252 249 190 252 247 255 255 253 253 127 227 159 229 135 102 166 102 100 100 100 100 100 100 100 100 100 100 100 100 100 100 100 100 124 60 94 124 111 231 102 102 110 102 96 100 96 100 192 68 100 70 68 84 84 100 100 68 80 64 192 8 4 8 4 0 132 110 238 110 238 110 110 102 102 102 102 102 230 102 102 102 70 102 102 102 100 100 68 100 100 100 100 116 244 220 220 220 222 220 212 220 252 220 214 220 220 212 220 220 220 60 244 254 95 247 95 247 126 223 191 239 251 111 253 63 247 255 255 247 255 126 111 255 239 107 47 44 42 168 40 244 252 111 111 99 39 99 102 102 230 102 103 102 166 102 242 102 196 68 132 68 4 68 132 68 92 44 36 108 100 100 84 108 102 110 110 44 44 33 48 32 4 36 1 36 10 36 204 252 204 236 190 246 252 239 222 127 255 191 185 231 250 239 191 189 169 235 230 98 64 32
64 45 46 126 94 126 126 110 110 126 110 126 126 94 254 110 110 106 47 106 237 111 238 237 169 168 237 253 125 253 252 253 254 188 255 255 127 253 251 127 229 135 100 134 102 38 100 100 100 100 100 100 100 100 100 100 100 100 100 100 100 100 126 92 124 110 111 103 102 46 102 102 100 96 100 104 68 64 84 68 68 84 84 68 100 68 68 68 192 64 8 4 0 4 0 110 110 238 110 110 110 102 102 102 102 230 102 102 102 102 102 70 102 102 100 100 102 70 100 100 100 100 118 252 212 220 220 222 220 156 220 252 156 222 220 220 220 156 220 212 60 255 251 95 243 223 127 223 111 247 239 223 127 119 63 253 255 191 247 254 239 237 237 111 44 42 168 40 160 40 252 103 111 103 99 39 98 230 102 103 102 228 102 246 102 226 70 196 68 132 68 4 100 4 76 36 44 100 116 100 100 100 124 110 110 44 96 33 33 16 32 0 100 4 36 12 228 204 236 236 246 190 126 254 251 255 191 249 167 153 235 223 253 171 185 239 226 106 96 0
1 44 62 126 126 126 126 110 126 46 126 126 126 222 126 102 110 110 106 235 111 175 239 253 168 169 237 252 253 253 245 252 125 254 239 255 253 223 191 127 103 102 135 100 6 100 36 100 116 100 100 100 100 116 102 100 100 100 100 100 100 100 126 126 124 107 111 103 110 102 38 102 100 100 96 100 72 68 64 84 68 100 84 84 70 68 84 68 96 68 0 32 36 128 36 110 110 110 110 110 46 102 102 102 230 102 102 102 102 102 102 102 70 102 100 102 100 102 68 116 100 100 236 246 252 220 212 220 222 212 220 220 252 220 222 220 220 220 220 220 252 251 255 235 95 255 207 63 251 103 255 191 191 127 253 247 255 119 191 247 239 109 237 109 42 172 40 160 41 168 44 44 103 103 103 98 164 98 103 102 230 102 116 102 230 102 194 68 196 68 5 68 6 196 4 44 36 36 100 100 100 100 108 110 110 96 32 32 16 49 1 40 0 36 4 36 4 236 228 228 236 126 190 254 191 191 249 191 153 47 159 247 191 185 171 234 170 102 104 64
16 36 126 62 118 110 126 126 110 126 126 126 254 126 254 110 110 110 107 111 239 235 255 239 169 169 237 245 245 253 253 253 124 239 247 255 255 223 127 253 103 103 100 38 100 4 100 36 100 100 100 100 102 100 116 100 116 100 100 100 100 100 126 118 110 107 110 110 102 102 102 38 100 100 100 96 196 64 84 72 196 84 100 84 100 70 70 68 196 66 4 0 0 36 0 110 110 102 110 110 102 38 102 228 102 102 102 102 102 102 102 102 102 102 102 100 102 100 100 84 102 100 228 108 222 252 156 220 220 222 220 220 212 252 220 222 220 212 220 220 252 253 251 255 251 207 254 187 127 187 127 253 127 239 254 253 245 255 247 175 238 236 45 109 172 40 224 41 168 42 44 37 100 103 103 230 98 33 98 230 102 118 102 228 102 230 70 196 70 68 84 4 196 4 4 36 36 100 100 102 100 100 124 110 110 100 32 0 32 0 34 128 34 0 36 4 36 228 100 228 172 254 222 183 254 249 191 217 47 159 247 143 249 175 170 170 102 42 96 96
0 20 62 102 62 94 126 118 126 126 62 238 62 126 126 46 110 111 111 175 239 223 111 237 41 169 237 237 244 253 253 253 125 253 231 253 127 255 127 127 101 103 102 116 36 100 68 100 36 100 102 100 100 100 100 84 100 100 100 100 100 100 118 126 111 110 102 110 102 102 102 100 36 100 100 100 64 68 64 68 80 196 84 102 68 70 70 100 196 68 32 8 2 64 36 110 102 110 110 110 102 102 166 102 100 102 102 102 102 102 102 102 102 102 102 102 100 100 100 116 68 100 100 236 220 220 252 156 220 220 222 220 156 212 220 220 222 212 220 156 252 245 253 251 223 253 255 111 187 127 247 111 254 223 223 253 249 119 251 238 238 236 108 47 56 176 41 172 40 60 36 36 37 100 103 102 99 98 164 98 102 102 230 102 228 102 198 198 68 68 100 68 4 36 36 4 38 100 100 102 100 100 108 110 110 100 32 32 0 32 192 34 64 32 1 36 6 36 228 116 252 252 127 214 223 247 217 191 159 247 151 249 175 168 171 102 42 96 32 96
4 0 102 54 94 62 110 118 126 110 238 62 190 62 118 110 111 110 111 235 254 239 239 111 169 169 109 237 233 253 221 249 253 189 249 251 191 127 255 127 103 101 118 102 100 36 100 68 100 38 100 100 100 100 100 100 68 100 100 100 100 100 100 111 110 102 110 102 102 102 102 100 100 37 100 100 68 68 68 64 68 80 196 68 70 84 102 196 100 68 2 16 66 2 64 102 110 110 110 110 102 230 102 38 102 100 102 102 102 102 102 102 102 102 102 102 100 102 100 102 100 68 100 108 188 212 220 252 220 220 212 220 212 156 220 156 220 158 220 220 252 252 253 247 251 251 255 191 127 255 126 191 191 247 191 255 252 249 255 230 238 236 108 58 39 56 172 40 44 36 37 36 37 101 100 103 106 230 98 36 98 102 102 230 102 228 70 198 70 196 68 68 4 20 68 36 68 36 116 100 100 100 108 46 110 100 32 4 48 0 32 64 48 16 32 32 38 36 36 228 220 124 254 127 119 223 253 219 231 159 249 159 168 171 102 46 100 34 100 32
2 68 16 206 62 110 126 102 126 238 126 254 62 244 62 103 110 103 231 127 239 231 235 235 169 41 253 237 237 253 221 253 253 249 125 253 127 191 95 247 103 103 103 102 100 100 52 100 84 100 36 100 100 100 100 100 100 68 100 100 116 100 100 110 110 110 102 102 102 102 102 100 100 100 100 100 68 84 196 70 64 100 64 68 212 70 196 116 68 196 20 2 8 64 2 8 110 110 46 110 230 102 102 102 38 102 100 102 102 102 102 102 102 102 102 102 102 102 102 100 100 102 196 108 212 188 220 220 252 220 220 212 220 220 156 212 156 220 220 220 244 252 189 221 253 239 254 63 255 127 254 239 247 191 191 251 239 253 255 236 238 236 108 102 24 47 40 44 52 100 37 101 36 39 101 108 230 98 102 106 36 98 228 102 230 102 196 70 198 68 68 68 20 132 5 68 36 70 36 100 100 100 108 110 110 100 4 32 4 32 16 40 64 32 2 33 32 100 36 52 252 124 126 223 254 255 223 255 155 185 159 232 171 102 42 100 38 100 32 32
68 2 68 62 230 62 110 62 238 126 222 94 244 62 231 46 103 230 127 231 111 239 234 235 41 169 237 237 237 253 125 221 253 253 125 93 239 31 253 95 99 103 99 102 116 116 100 52 100 68 100 100 116 100 100 100 100 100 70 100 100 116 100 102 110 110 102 102 102 102 102 100 100 100 100 100 68 68 68 84 68 64 196 80 100 196 68 196 68 68 192 40 2 8 8 10 110 110 102 238 102 102 102 102 102 38 102 100 102 102 102 102 102 102 102 102 102 102 102 100 100 228 100 228 108 220 188 220 220 220 156 156 220 220 212 157 220 220 220 220 220 252 221 125 245 253 255 254 126 127 253 255 111 247 219 255 223 255 245 236 252 108 44 116 110 40 44 36 60 36 102 37 101 100 33 100 100 102 42 102 98 180 106 244 102 230 70 228 70 68 100 70 68 20 36 6 68 100 68 36 100 100 108 46 110 100 32 68 36 64 32 0 32 8 33 2 96 32 37 52 124 252 255 254 223 247 127 223 252 139 232 169 102 42 100 34 100 36 34 64
4 68 3 230 62 238 30 230 62 222 126 246 94 103 46 103 166 127 229 111 235 239 235 235 169 41 109 237 237 249 189 125 253 189 253 127 79 253 31 254 67 99 103 114 102 116 116 100 36 100 100 100 100 100 100 100 100 100 100 100 100 100 100 108 110 110 102 102 102 102 102 100 100 100 100 100 68 68 196 84 68 68 192 196 64 70 196 68 68 68 96 8 8 10 8 110 46 110 238 102 102 102 102 102 102 102 38 102 100 102 102 102 102 102 102 102 102 102 102 100 100 100 228 100 236 252 220 252 220 220 220 157 220 220 220 220 157 220 220 220 220 220 253 125 117 253 255 251 223 253 251 254 247 110 223 223 254 191 191 220 252 44 100 60 108 44 36 44 36 36 37 100 101 101 100 40 100 108 102 34 246 106 212 106 228 102 230 70 68 68 68 68 68 68 4 68 4 196 100 84 36 116 44 110 110 100 68 48 72 32 8 32 2 32 8 96 1 96 32 101 126 252 254 253 255 219 254 255 159 232 169 96 40 116 35 102 34 33 64 0
64 4 228 26 174 54 230 158 222 126 254 126 246 110 99 166 127 231 111 237 238 171 235 233 41 41 109 233 253 249 93 253 253 253 253 251 254 94 222 95 98 103 123 103 122 102 116 100 100 37 100 100 116 100 100 100 100 100 100 102 100 100 100 44 110 110 102 102 102 102 102 100 100 100 100 100 196 100 68 196 68 68 68 192 68 192 68 68 70 70 64 24 8 136 14 46 46 238 110 102 102 102 102 102 102 102 102 102 102 116 102 102 102 102 102 102 102 102 102 100 102 100 100 228 252 124 252 156 252 220 220 212 221 220 220 220 212 157 220 220 220 220 253 253 117 189 253 255 255 239 127 255 238 127 254 253 251 255 220 251 220 100 45 108 44 36 44 36 36 52 36 37 100 101 100 100 44 102 102 246 42 244 42 228 98 228 102 198 84 196 100 68 68 68 68 4 68 5 68 102 84 100 108 110 110 100 116 68 32 8 32 0 40 1 96 1 96 32 100 32 245 252 252 247 255 255 251 191 232 169 96 56 96 40 116 34 97 0 32 16
64 64 5 238 54 238 62 254 254 254 94 254 110 99 230 123 231 111 237 231 239 234 235 233 41 41 105 173 249 253 125 249 252 189 189 191 247 254 91 254 70 126 103 123 103 82 102 100 116 100 52 100 102 100 100 100 100 100 100 100 100 100 100 124 110 110 102 102 102 102 102 116 100 102 100 100 100 84 68 68 100 68 70 84 192 196 66 196 68 198 66 8 8 40 46 46 230 110 110 102 102 102 102 102 102 102 102 102 118 102 100 102 102 102 102 102 102 102 102 102 100 100 100 100 252 252 252 244 220 252 220 220 220 221 220 220 220 220 221 220 220 220 221 253 249 245 252 127 255 127 223 223 251 254 253 255 251 255 251 220 251 78 108 44 52 44 100 36 36 38 36 38 53 100 100 100 100 37 246 110 244 42 228 42 228 98 100 86 198 68 70 68 70 68 70 68 68 70 4 86 102 68 108 110 110 100 100 100 16 32 8 34 1 40 1 100 0 100 96 116 32 253 188 244 247 255 254 232 169 100 41 96 41 96 41 97 32 33 8 32
2 64 192 54 238 62 254 246 238 238 222 126 111 230 123 231 107 111 231 237 235 235 235 233 41 41 41 233 253 253 252 253 125 253 185 231 175 255 238 31 126 103 126 103 115 103 74 100 100 116 116 36 100 100 100 100 116 100 100 100 100 100 100 108 110 110 102 102 102 102 102 102 116 100 100 100 100 100 68 68 68 100 84 70 68 192 196 64 196 68 74 8 10 40 46 230 46 110 110 102 102 102 102 102 102 102 102 118 102 102 102 100 102 102 102 102 102 102 102 102 100 100 100 100 220 124 124 124 124 220 252 220 220 220 221 220 220 220 220 217 220 220 217 249 249 249 253 191 63 251 255 251 223 127 247 127 255 251 254 235 158 110 108 36 44 36 36 37 36 36 38 53 38 52 102 100 100 100 45 246 110 228 42 228 34 100 98 228 70 70 68 70 196 70 68 100 68 68 70 36 102 100 108 110 110 100 100 100 116 2 48 1 34 1 32 4 100 32 100 96 116 188 245 189 252 247 247 104 96 41 100 43 98 41 97 33 97 1 32 2
68 2 64 200 62 126 126 222 174 254 254 255 238 127 227 107 47 237 110 111 107 107 235 233 41 41 41 233 253 221 253 253 253 253 229 169 254 237 247 254 123 126 103 118 99 107 102 96 100 100 116 100 36 116 100 100 100 100 100 100 100 100 100 108 110 110 102 102 102 102 102 118 102 100 100 100 100 100 196 68 68 68 100 70 68 68 192 196 64 68 72 10 41 42 230 47 110 102 110 102 102 102 102 102 102 102 118 102 102 102 102 102 100 102 102 102 102 102 102 102 100 100 100 100 124 252 92 116 60 252 212 252 212 220 220 221 212 220 220 212 221 156 220 249 248 249 253 95 251 127 219 255 251 127 95 251 223 255 251 246 111 110 108 36 36 52 37 36 100 36 117 38 52 38 38 100 116 100 100 45 230 110 228 34 116 34 228 98 68 70 70 196 70 68 196 68 68 68 100 70 36 100 124 110 110 116 100 100 116 112 10 32 33 34 4 32 132 100 36 100 96 244 188 252 252 252 247 96 120 96 41 106 43 96 33 97 33 33 2 2
0 80 0 72 222 118 254 246 254 190 251 254 253 111 106 111 233 111 111 103 107 235 233 233 41 41 41 233 252 253 252 252 189 249 173 252 236 254 237 255 238 119 118 103 106 103 98 100 98 100 100 100 116 52 116 102 100 100 100 100 100 100 100 44 110 110 102 102 102 102 118 102 102 100 100 116 100 100 68 68 68 68 84 68 68 68 68 192 70 96 72 43 46 230 43 110 110 110 102 102 102 102 102 102 102 118 102 102 102 102 102 102 102 100 102 102 102 102 102 102 100 100 100 116 124 116 252 84 60 252 244 212 220 220 220 220 221 220 220 220 220 220 220 244 249 249 253 239 119 187 253 251 253 191 253 215 255 254 239 251 110 110 108 36 36 37 36 100 36 100 36 116 38 36 100 36 100 100 100 100 44 230 102 116 34 228 35 100 66 70 198 70 100 68 100 68 196 68 196 102 70 52 108 110 126 110 100 100 100 116 32 64 36 6 48 6 32 6 100 37 116 98 124 252 252 220 124 112 112 104 104 43 96 33 96 33 33 1 32 32
0 0 80 72 126 220 246 254 190 219 254 251 223 103 111 235 110 103 111 111 107 235 233 249 41 41 41 249 249 252 253 252 121 185 252 253 252 253 251 231 239 238 103 110 103 106 102 98 116 96 100 100 102 116 20 100 100 100 100 100 100 100 100 110 110 110 102 102 102 118 102 102 102 100 100 100 100 100 68 68 68 196 100 68 68 68 68 68 96 64 108 46 228 47 110 110 110 110 102 102 102 102 102 102 118 102 102 102 102 102 102 102 102 102 100 102 102 102 102 102 100 100 100 100 116 124 116 252 60 252 188 244 220 220 220 220 156 213 220 220 220 220 220 220 253 249 252 254 239 253 251 252 223 125 253 253 255 247 191 239 110 110 100 37 36 36 100 36 100 36 100 36 36 37 38 100 36 100 100 100 100 36 118 102 100 34 116 35 68 226 70 102 100 100 70 68 68 196 68 68 118 70 100 126 102 110 100 100 102 102 64 48 128 49 6 32 6 96 4 102 37 124 118 220 252 188 252 124 112 104 104 100 33 96 33 32 65 32 32 0
64 128 128 88 220 252 220 254 219 252 251 255 253 207 111 107 107 110 111 111 235 235 233 169 41 43 41 185 249 253 244 189 221 248 125 220 252 253 191 235 239 239 110 103 110 102 102 118 98 100 100 100 84 102 100 4 100 100 100 102 116 100 100 110 110 110 102 102 118 102 102 102 102 100 100 100 100 102 84 68 68 70 68 84 68 84 68 68 96 104 108 228 46 46 110 102 110 110 102 102 102 102 102 118 102 102 102 102 102 102 102 102 102 102 102 116 102 102 102 102 100 100 100 100 100 118 116 124 252 156 244 188 252 220 220 220 212 156 221 220 212 220 220 220 125 253 252 251 255 253 253 191 253 251 189 253 254 255 111 238 110 110 100 52 37 36 36 100 36 100 36 36 36 36 100 36 100 37 100 100 100 116 36 102 102 116 34 84 34 84 98 70 100 100 68 68 68 68 68 68 70 102 70 102 110 102 100 100 100 102 112 64 49 160 32 6 98 4 96 5 100 116 220 222 252 252 252 252 116 108 108 98 96 33 36 65 48 64 64 64
4 128 4 216 220 220 124 223 254 251 255 254 239 239 111 107 111 107 111 235 235 235 249 41 41 41 41 185 249 245 249 220 245 249 252 253 188 253 171 231 238 175 111 110 102 102 118 102 102 104 100 102 100 70 102 100 4 100 100 116 102 100 100 110 110 110 102 102 102 102 102 102 102 100 102 100 116 116 102 196 68 68 100 196 84 70 68 68 66 40 108 108 47 110 110 110 110 110 102 102 102 102 118 102 102 102 102 102 102 102 102 102 102 102 102 102 100 102 102 102 100 116 100 100 102 100 102 124 252 244 156 188 252 124 220 220 220 220 220 157 220 156 220 220 252 189 249 255 251 223 221 249 127 253 191 249 251 254 237 110 110 46 100 100 100 36 36 36 100 36 37 38 36 36 36 100 36 102 36 100 100 100 100 38 118 102 84 34 84 38 68 98 68 100 68 68 68 68 196 68 100 70 102 206 102 102 100 116 100 116 102 80 64 32 2 96 134 96 4 96 5 100 252 252 246 252 252 244 252 108 108 98 96 32 9 40 97 8 68 64
0 4 128 220 220 220 220 254 255 223 255 239 239 237 111 47 106 111 235 235 235 251 235 41 43 41 41 185 249 249 221 253 220 253 253 252 253 157 230 171 239 47 111 110 102 118 102 102 110 100 98 100 102 100 70 100 100 132 100 100 100 100 116 110 110 102 102 102 102 102 102 102 102 102 100 100 100 116 228 100 84 68 100 68 196 68 68 68 104 104 110 108 110 110 110 110 110 110 102 102 102 118 102 102 102 102 102 102 102 102 102 102 102 102 102 102 102 100 102 102 100 100 100 100 100 102 116 126 252 252 252 156 220 252 252 220 220 220 220 220 153 220 220 220 244 249 253 251 253 255 219 253 245 253 121 127 191 254 238 110 110 116 100 100 116 100 36 36 36 36 100 36 36 100 38 36 100 36 100 36 100 116 100 116 39 118 102 84 34 68 38 68 100 68 84 196 196 84 68 84 70 100 206 102 70 102 100 100 116 100 116 102 192 32 96 2 96 4 98 4 96 68 252 252 252 238 252 252 188 108 100 100 96 128 40 33 56 66 8 96
32 1 4 220 220 220 156 255 191 247 247 235 239 239 103 106 111 234 235 235 187 235 235 43 41 43 41 153 121 249 245 217 125 245 249 221 249 228 141 237 175 111 107 102 86 102 102 102 102 102 100 98 100 102 100 68 100 100 4 100 102 100 100 110 110 102 102 102 102 102 102 102 102 102 102 102 100 100 100 100 100 68 70 68 68 68 68 100 40 106 108 102 110 110 110 110 110 110 102 102 118 102 102 102 102 102 102 102 102 102 102 102 102 102 102 102 102 102 116 102 116 100 100 100 102 116 102 252 254 252 252 252 212 252 252 252 220 220 220 220 220 221 220 212 220 253 249 249 127 254 191 255 253 253 221 255 190 223 230 102 126 110 100 100 100 100 52 36 36 36 36 38 36 36 36 36 37 100 36 100 52 102 116 100 116 39 118 102 70 98 70 38 68 68 68 68 196 212 84 68 116 70 102 70 102 70 100 100 116 116 100 228 98 64 33 96 64 104 4 96 20 100 124 252 252 124 126 252 108 108 100 100 112 33 32 40 65 24 192 0
32 64 2 220 220 220 220 159 119 183 255 239 111 237 111 47 234 235 233 251 234 235 171 57 43 41 9 25 249 249 217 249 253 121 253 249 125 233 237 169 107 111 111 114 102 70 102 102 102 102 102 100 98 100 102 100 68 100 100 132 100 100 100 110 110 102 102 102 102 102 102 102 102 102 102 102 100 100 100 100 100 84 68 68 68 100 70 100 104 108 110 124 110 110 110 110 102 110 102 118 102 102 102 102 102 102 102 102 102 102 102 102 102 102 102 102 102 118 102 118 102 100 102 100 116 102 252 254 252 126 252 252 252 252 252 252 252 220 212 220 212 220 221 212 220 125 252 249 251 254 251 255 239 253 253 251 215 246 198 126 102 110 100 100 100 100 100 38 36 36 36 52 52 36 36 36 37 36 100 38 100 52 102 84 100 116 35 102 102 70 106 68 4 68 68 84 68 196 212 212 70 100 102 102 70 102 100 100 102 116 102 100 96 112 64 33 96 80 96 68 96 20 124 252 252 252 252 126 108 108 100 100 100 96 32 32 12 193 1 0
16 0 220 222 220 156 220 119 151 126 127 235 238 111 103 234 235 235 235 171 107 235 57 171 41 9 9 153 217 121 249 249 249 253 249 253 249 253 169 105 111 111 127 47 102 102 70 102 102 102 102 102 100 102 100 100 100 68 116 100 20 102 116 110 110 102 102 102 102 102 102 102 102 102 102 102 100 100 100 100 100 116 68 70 68 196 100 68 108 108 60 102 110 102 46 110 110 102 86 102 102 102 102 102 102 102 102 102 102 102 102 102 102 102 102 102 118 102 86 102 102 102 100 100 100 244 238 124 222 252 238 252 244 220 252 252 252 252 220 212 220 220 220 221 220 252 252 253 191 251 255 255 191 223 253 247 251 211 222 102 110 102 116 116 100 100 100 36 37 37 36 100 38 37 36 36 36 36 36 100 38 116 53 102 212 100 100 34 102 110 70 68 196 4 70 68 68 70 196 212 100 70 100 102 102 70 100 116 116 102 100 102 96 96 96 96 33 112 192 104 70 98 124 244 252 244 188 252 108 110 100 100 100 98 48 2 2 32 128 8
16 18 220 220 222 220 220 156 94 255 223 239 175 110 239 235 235 233 233 107 235 123 107 41 137 9 9 153 217 249 185 249 249 249 253 248 253 249 107 104 107 119 103 102 102 102 102 102 102 102 102 102 102 100 100 100 100 116 68 116 100 20 102 110 110 102 102 102 102 102 102 102 102 102 102 102 116 100 100 100 116 100 68 68 68 68 68 100 44 108 116 44 102 46 110 46 110 118 102 198 102 102 102 102 102 102 102 102 102 102 102 102 102 102 102 86 102 118 102 70 102 102 102 102 100 100 252 252 252 254 124 246 252 188 252 252 252 252 252 220 220 220 220 212 157 252 252 221 235 253 247 255 223 255 247 245 247 223 247 78 102 86 102 116 100 102 100 36 36 36 52 100 37 36 36 36 36 36 38 52 116 38 100 180 102 68 100 100 42 102 70 68 68 68 4 68 68 228 70 196 68 100 198 100 102 102 68 100 116 100 102 100 104 104 98 96 100 41 100 64 96 30 118 60 244 252 188 252 108 108 100 100 100 112 194 32 32 4 8 16
32 220 222 220 220 220 220 92 239 223 255 239 110 239 175 171 235 233 233 235 123 235 107 9 9 9 9 153 153 249 217 249 217 249 249 253 249 253 41 106 95 107 103 102 102 102 102 102 102 102 102 102 102 100 100 100 102 100 116 68 116 102 13 110 110 102 102 102 102 102 102 102 102 102 102 102 102 102 100 100 102 100 68 68 68 196 68 68 108 100 110 100 44 102 46 110 118 110 230 102 102 102 102 102 102 102 102 102 102 102 102 102 102 102 118 102 86 102 102 102 70 102 102 102 100 100 124 252 252 252 126 124 254 252 252 252 252 252 124 220 220 220 156 220 156 253 124 189 221 223 249 191 191 255 254 245 125 231 223 102 86 102 86 102 100 100 100 36 36 38 36 36 36 36 36 37 36 36 20 102 54 100 36 100 36 100 70 100 102 34 70 68 196 68 68 6 84 68 228 68 68 68 100 70 100 102 100 68 100 100 100 100 104 104 96 98 104 100 36 96 96 118 158 118 62 252 252 252 108 108 100 100 102 100 96 0 0 4 16 136
8 252 220 214 212 220 220 220 221 255 253 239 231 239 171 235 235 233 232 123 235 107 107 9 9 9 9 153 153 217 249 217 185 217 217 249 221 217 104 119 107 110 99 102 102 102 102 102 102 102 102 102 102 100 100 100 100 100 100 118 68 101 110 110 110 102 102 102 102 102 102 102 102 102 102 102 102 102 100 100 116 100 68 68 68 68 196 68 102 108 100 108 102 46 102 126 102 228 102 102 102 102 102 102 102 102 102 102 102 102 102 102 102 118 102 102 102 102 102 102 102 102 102 102 100 100 60 252 252 252 252 126 252 238 124 252 252 124 244 220 220 212 156 156 220 252 189 217 253 253 255 223 253 254 127 222 245 93 227 86 102 86 102 70 100 100 100 36 36 36 36 52 36 36 38 52 36 132 37 20 100 37 100 36 100 36 100 70 102 70 130 68 68 68 68 84 6 68 100 196 68 100 68 100 70 100 100 100 196 102 100 100 106 104 96 104 96 96 96 32 100 232 118 150 252 126 252 252 100 100 100 100 100 100 112 64 16 2 6 32
12 220 252 212 212 220 220 220 221 253 223 239 111 239 235 235 235 233 233 235 107 107 107 9 9 25 9 153 153 216 217 248 217 249 217 216 248 221 121 104 103 106 102 98 102 102 102 102 102 102 102 102 102 100 100 100 116 100 116 100 100 70 110 110 110 102 102 102 102 102 102 102 102 102 102 102 102 102 100 100 102 100 68 84 196 68 84 68 92 100 124 100 108 102 54 102 230 102 100 102 102 102 102 102 102 102 102 102 102 102 102 102 86 102 102 102 102 102 102 102 102 102 102 102 100 100 124 124 252 252 252 252 254 252 246 188 124 252 126 252 220 220 156 156 220 252 217 249 221 125 251 251 239 255 252 251 222 245 85 225 214 102 70 102 68 100 100 37 100 36 36 38 36 36 52 38 132 36 4 53 36 100 36 100 36 102 37 100 70 198 68 4 68 84 68 84 68 36 68 68 68 68 100 70 100 68 100 100 100 68 100 100 104 108 40 98 98 96 96 100 33 100 168 124 254 252 238 220 100 100 116 102 100 100 100 208 64 4 34 16
12 220 220 252 212 220 220 220 217 221 254 239 237 239 171 107 235 233 233 235 107 107 107 11 9 9 25 153 152 153 216 217 217 217 217 217 220 121 253 121 104 102 98 102 98 102 102 102 102 102 102 102 102 116 100 100 100 116 116 116 100 108 110 110 110 102 102 102 102 102 102 102 102 102 102 102 102 102 100 102 100 100 100 68 68 84 68 84 68 220 102 44 116 116 102 166 102 102 102 100 102 102 102 102 102 102 102 102 102 102 102 86 102 198 102 102 102 102 102 102 102 102 102 102 100 100 124 60 124 252 252 124 124 126 252 126 252 60 252 254 252 220 156 156 220 156 253 217 253 189 191 255 254 191 247 190 191 220 213 81 97 70 102 70 100 68 100 100 36 36 36 100 37 36 36 148 37 4 36 5 36 38 100 36 100 39 100 36 196 70 68 68 4 68 84 196 68 68 4 68 196 100 70 100 68 100 68 100 100 100 68 100 108 104 98 32 106 96 104 104 116 96 108 252 252 254 252 238 68 100 100 100 100 100 100 100 64 32 16 35
4 220 220 212 252 156 220 220 221 221 239 239 235 111 107 235 107 233 169 235 107 107 107 9 41 9 25 152 153 152 153 217 217 217 217 217 217 253 89 252 104 98 102 98 102 98 102 102 102 102 102 102 118 102 100 100 100 100 116 116 100 108 110 110 110 102 102 102 102 102 102 102 102 102 102 102 102 102 102 102 100 100 102 68 68 68 84 68 212 196 92 100 44 116 228 102 102 102 102 102 100 102 102 102 102 102 102 102 102 102 118 102 198 102 102 102 102 102 102 102 102 102 102 102 100 100 124 124 124 252 252 252 124 252 126 252 126 220 244 252 222 252 220 156 156 220 220 253 249 245 253 223 251 246 175 255 220 251 220 213 193 112 70 102 68 100 100 100 36 52 36 36 36 36 4 36 5 36 132 36 5 100 100 100 36 100 36 70 4 68 68 68 68 6 84 68 68 70 68 36 68 68 100 100 100 68 100 68 116 100 116 84 124 104 104 98 96 104 120 104 104 100 108 252 252 252 222 236 116 68 100 100 100 100 100 100 96 1 32 32
32 220 220 220 156 244 220 212 213 221 238 111 239 107 233 107 235 105 232 235 107 107 107 41 9 9 24 153 152 153 153 217 217 217 217 153 217 217 249 57 120 100 98 102 98 102 98 102 102 102 102 118 102 102 100 100 100 100 100 116 100 108 110 110 46 102 102 102 102 102 102 102 102 102 102 102 102 102 102 102 100 116 100 68 70 68 68 84 68 212 212 76 116 46 100 100 102 102 102 102 102 100 102 102 102 102 102 102 102 102 102 230 102 70 102 102 102 102 102 102 102 102 102 102 116 100 124 124 124 252 252 252 220 124 188 94 124 238 220 244 252 222 252 220 156 220 220 249 221 249 221 127 251 249 255 253 247 220 247 220 209 193 96 70 100 68 100 100 36 36 38 100 37 4 36 4 37 36 36 4 36 4 102 100 100 36 100 4 196 6 68 68 84 84 70 100 68 68 68 70 4 68 68 100 100 100 100 100 68 118 100 116 124 108 104 96 112 40 108 104 104 120 108 252 252 252 188 124 236 100 68 102 100 100 100 100 96 40 64 0
128 252 220 212 212 156 244 220 212 221 237 239 111 235 107 235 107 233 233 234 106 107 107 9 41 8 153 152 153 153 153 217 217 217 217 217 217 217 249 248 121 100 100 106 102 98 102 98 102 102 86 102 102 102 100 100 100 100 100 100 102 108 110 110 102 38 102 102 102 102 102 102 102 102 102 102 102 102 102 102 100 100 100 68 70 196 68 196 212 68 212 84 76 100 37 100 100 102 102 102 102 102 100 102 102 102 102 102 102 102 230 102 102 102 70 102 102 102 102 102 102 102 102 118 102 116 60 92 124 252 252 252 252 244 220 252 126 252 254 212 252 252 222 252 220 220 156 221 249 221 253 251 239 187 253 127 253 247 220 119 220 193 68 104 100 100 68 100 36 36 100 36 6 52 4 52 20 52 20 36 4 36 4 100 100 100 36 68 20 68 5 68 68 84 102 68 100 196 68 68 68 20 68 70 100 100 100 100 100 68 84 100 116 108 120 100 98 120 104 40 104 104 116 220 244 244 124 252 108 100 100 68 100 100 100 102 112 192 0 0
0 220 124 220 212 212 156 244 212 221 237 239 239 106 234 107 233 105 233 234 107 43 106 41 136 25 152 153 153 153 153 217 217 153 217 153 153 217 249 217 248 96 100 102 98 102 98 102 98 118 102 70 102 102 100 100 100 100 100 100 108 110 110 110 102 102 38 102 102 102 102 102 102 102 102 102 102 102 102 102 100 102 100 68 196 196 196 84 196 212 68 212 68 100 100 37 100 100 102 102 102 102 102 100 102 102 102 102 102 230 102 102 102 102 102 70 102 102 102 102 102 102 118 102 86 102 28 124 124 252 252 252 220 252 252 188 252 238 252 126 252 252 220 220 252 220 220 221 157 221 252 254 251 245 127 221 191 252 247 220 247 196 96 100 96 100 100 68 36 38 37 4 54 6 52 5 52 84 36 4 36 4 36 4 102 100 68 20 68 5 68 4 100 68 68 102 196 100 68 68 70 68 4 102 68 102 102 100 100 84 68 84 100 92 108 96 120 106 40 40 104 120 104 116 220 212 220 124 108 100 116 100 68 100 100 116 102 66 64 0
128 92 220 220 220 212 212 156 244 221 253 239 111 238 107 234 105 233 249 235 106 106 43 9 9 152 153 153 153 153 153 217 153 217 153 217 153 217 217 249 249 96 98 100 102 98 102 102 118 98 102 102 70 102 100 100 100 102 100 100 100 110 110 110 102 102 102 38 102 102 102 102 102 102 102 102 102 102 102 102 102 100 100 68 68 212 196 196 212 196 212 68 84 68 100 100 36 100 100 102 102 102 102 102 100 102 102 102 230 102 102 102 102 102 102 102 70 102 102 102 102 118 102 118 102 94 126 92 116 220 188 252 252 252 244 244 188 252 238 124 254 252 220 220 212 252 156 221 221 213 125 247 247 251 125 127 252 223 220 247 212 228 196 98 116 104 100 100 20 37 5 37 68 20 6 116 37 52 20 52 4 36 4 36 20 100 100 68 132 84 6 84 4 70 196 228 100 68 68 68 68 68 68 4 102 84 102 100 100 100 84 68 84 100 108 40 104 120 41 40 104 104 120 104 244 212 220 252 124 100 100 100 116 68 100 100 116 66 64 128
4 212 212 156 220 220 212 212 156 125 253 237 239 111 170 107 233 232 105 235 110 107 25 9 12 153 153 153 153 153 153 153 217 153 217 153 217 217 216 185 248 104 100 98 116 102 98 118 102 102 102 102 102 70 100 100 116 100 100 116 100 110 110 110 102 102 102 102 38 102 102 102 102 102 102 102 102 102 102 102 102 100 100 100 70 100 196 196 196 212 196 84 68 100 68 100 100 36 100 100 102 102 102 102 102 102 102 230 102 102 102 102 102 102 102 102 102 70 102 102 118 102 118 102 126 126 30 126 28 252 252 244 252 188 252 212 244 252 124 238 188 190 188 220 220 220 252 221 157 221 245 117 239 254 239 249 255 220 219 156 247 196 244 84 98 100 96 100 100 6 37 4 132 70 116 6 20 5 52 4 37 6 36 4 36 4 116 68 70 132 84 6 196 132 196 196 100 68 84 100 68 68 68 68 20 102 68 100 100 102 100 86 70 68 108 120 104 104 42 40 104 104 104 122 104 244 220 252 252 100 100 102 100 102 68 100 100 68 64 32
128 132 212 220 220 220 220 212 92 253 249 173 238 235 107 235 249 233 233 111 107 123 43 8 11 149 153 153 153 153 153 153 153 153 153 217 217 217 153 248 185 104 96 84 98 100 118 98 102 102 102 102 102 102 196 100 100 100 100 116 100 46 110 110 102 102 102 102 102 38 102 102 102 102 102 102 102 102 102 102 102 100 102 100 100 196 84 196 196 196 212 196 70 196 100 68 100 100 100 102 100 102 102 102 102 102 230 102 102 102 102 102 102 102 102 102 102 102 70 118 102 118 102 126 62 126 94 14 126 252 252 252 188 252 244 252 212 252 188 244 238 180 158 252 220 220 220 253 221 221 221 245 253 239 223 255 249 127 220 213 156 244 196 244 68 96 116 96 100 37 36 36 132 52 70 21 6 84 133 36 4 100 4 36 4 37 4 68 196 68 132 196 5 196 132 196 68 70 68 68 84 68 68 68 68 4 116 68 100 100 102 100 70 196 108 108 106 104 42 44 104 40 120 104 120 104 252 188 124 100 116 100 102 100 100 68 100 68 66 0
128 129 164 220 220 220 220 212 220 253 253 228 238 235 234 251 234 169 169 43 123 43 40 11 145 11 157 153 153 153 153 153 153 153 153 217 217 217 152 57 104 104 104 96 68 98 100 102 98 102 102 102 102 230 100 68 100 100 100 100 102 110 110 110 102 102 102 102 102 102 38 102 102 102 102 102 102 102 102 102 102 102 100 116 102 68 196 68 196 196 196 228 196 196 68 100 68 102 100 100 102 100 102 102 102 230 102 102 102 102 102 102 102 102 102 102 102 102 118 70 118 102 94 126 126 126 126 126 246 222 220 252 244 244 188 244 124 252 116 188 116 142 252 222 244 220 212 221 249 221 221 221 221 253 255 239 223 245 247 220 213 156 244 196 116 68 96 100 96 100 36 4 36 132 21 70 212 6 4 20 38 4 36 5 36 6 4 4 68 212 68 132 228 4 196 196 68 68 68 196 68 100 68 68 68 70 6 100 84 100 100 102 196 68 108 108 104 106 44 56 41 104 106 120 104 120 220 126 252 116 100 100 100 100 100 100 68 196 66 64
16 192 144 252 220 220 220 220 156 221 253 108 239 106 219 234 233 169 57 123 43 41 11 145 11 157 155 157 153 153 153 153 153 153 153 217 217 217 89 168 104 104 104 98 96 68 98 116 102 98 102 102 230 102 102 100 68 102 100 100 108 46 110 110 102 102 102 102 102 102 102 38 102 102 102 102 102 102 102 102 102 102 100 100 100 68 68 196 68 196 212 196 196 196 68 68 100 68 100 100 100 102 100 102 230 102 102 102 102 102 102 102 102 102 102 102 102 118 102 118 102 126 126 126 118 126 110 254 126 254 158 252 124 244 244 156 252 124 252 116 189 220 158 252 222 116 220 221 157 125 221 221 221 245 251 255 191 221 125 243 220 213 156 244 228 100 68 98 100 112 68 38 68 5 132 148 102 4 4 4 132 52 20 36 4 20 36 20 4 68 196 70 132 196 36 212 68 68 196 196 70 68 68 100 68 68 100 36 100 68 100 100 84 68 108 100 40 108 56 44 40 104 120 106 120 122 124 244 126 252 100 116 100 100 102 100 68 100 64 64
4 16 192 220 252 220 220 220 220 157 253 237 110 251 234 107 233 41 57 27 41 11 145 11 153 155 157 155 157 153 153 153 153 153 153 217 217 217 153 108 106 104 40 100 98 112 84 98 100 102 98 230 102 102 102 116 100 100 102 100 124 110 110 46 102 102 102 102 102 102 102 102 38 102 102 102 102 102 102 102 102 102 100 100 100 100 68 68 196 196 212 228 212 196 70 100 196 100 70 100 100 100 102 228 102 102 102 102 102 102 102 102 102 102 102 102 102 102 102 102 126 118 126 126 126 126 190 126 246 254 244 126 252 60 244 188 124 252 126 252 220 189 252 222 124 222 252 221 89 221 253 221 157 217 247 254 221 254 253 125 243 220 213 156 228 100 102 68 96 100 96 68 68 4 4 4 5 4 4 4 132 148 36 4 36 5 20 36 4 68 84 212 100 196 196 36 68 100 68 228 68 68 68 68 100 68 84 100 52 100 68 100 116 100 100 108 108 40 100 42 41 104 104 124 122 116 126 116 252 126 116 102 116 100 100 100 102 68 68 68
64 4 24 220 156 188 220 220 220 213 252 237 255 238 235 235 104 41 25 41 11 153 43 153 155 157 155 157 155 157 153 153 153 153 153 216 217 217 74 104 106 104 96 32 112 98 112 196 106 100 102 98 102 102 118 102 100 100 100 100 108 110 110 102 38 102 102 102 102 102 102 102 102 38 102 102 102 102 102 102 102 102 100 100 100 100 68 84 196 196 196 212 228 196 100 84 100 68 100 68 102 100 228 102 100 102 102 102 102 102 102 102 102 102 102 102 102 102 102 126 118 126 126 126 126 246 126 246 126 246 126 252 62 244 60 124 188 116 188 190 252 252 125 220 214 252 158 221 213 213 221 253 217 221 217 239 190 253 191 125 121 243 220 213 132 100 100 100 68 96 100 96 68 68 6 4 5 4 36 36 4 68 132 36 20 4 5 4 4 4 68 212 196 68 196 68 100 68 100 68 68 100 68 68 70 68 68 84 102 36 100 68 100 100 100 108 108 100 41 41 42 104 104 120 124 122 116 118 126 244 126 116 102 100 100 102 100 68 70 68
2 32 28 148 220 156 124 220 220 220 245 253 239 239 235 235 105 9 41 9 153 11 153 187 157 155 157 155 157 155 157 153 153 153 152 217 217 217 104 42 104 40 112 96 96 80 98 96 100 98 100 102 98 86 102 102 100 100 100 100 124 110 110 102 102 38 102 102 102 102 102 102 102 102 38 102 102 102 102 102 102 102 100 100 100 100 68 68 70 228 196 196 196 228 70 100 68 100 84 100 68 100 100 100 102 100 102 102 102 102 102 102 102 102 102 102 102 102 110 118 126 126 126 110 190 126 246 126 246 126 246 126 244 63 188 60 116 188 252 252 254 252 188 253 252 222 249 222 157 213 220 220 249 217 220 255 253 191 125 253 121 125 246 220 68 68 100 116 100 196 96 102 64 68 6 4 68 4 68 132 4 4 4 36 36 5 4 132 4 132 4 68 196 196 70 68 68 100 100 70 68 196 68 68 84 68 196 196 196 116 36 100 68 100 100 44 108 124 41 40 104 104 106 120 120 124 122 92 246 62 244 126 100 100 102 100 100 70 68 68
32 0 52 20 156 92 220 252 220 220 220 245 175 239 235 235 105 41 11 9 41 153 155 153 187 157 155 157 155 153 155 157 153 152 153 217 217 217 104 104 40 96 40 98 98 96 64 96 98 100 98 100 118 98 70 102 100 100 100 116 108 110 46 102 102 102 38 102 102 102 102 102 102 102 102 38 102 102 102 102 102 102 100 100 100 100 100 196 228 196 196 196 196 196 100 68 100 68 100 68 100 68 100 100 100 102 102 102 102 102 102 102 102 102 102 102 102 46 118 110 118 126 110 254 126 254 94 244 126 246 126 246 126 252 63 180 28 252 252 252 124 254 252 124 253 125 214 253 215 149 221 220 220 248 217 252 255 93 253 125 125 125 125 246 84 196 68 100 100 100 84 100 68 192 4 4 36 68 4 36 20 4 4 4 20 4 68 132 164 68 4 6 68 228 68 100 68 68 100 68 68 196 84 68 68 68 68 196 196 228 100 36 102 68 102 108 108 100 42 40 108 104 120 126 120 120 124 126 92 212 46 116 100 100 100 100 100 68 68 68
64 32 0 52 28 220 220 220 252 156 220 156 239 239 235 234 105 9 9 9 9 185 153 155 157 187 157 155 157 155 157 155 156 153 153 217 217 217 120 108 96 40 96 32 98 96 96 96 100 98 100 98 100 102 98 70 100 100 100 100 108 110 102 38 102 102 102 38 102 102 102 102 102 102 102 102 38 102 102 102 102 102 100 100 100 100 116 100 212 228 196 196 196 212 100 100 68 100 68 100 70 100 68 100 116 100 102 102 102 102 102 102 102 102 102 102 46 118 46 118 110 62 254 126 254 126 254 94 244 126 246 126 190 126 244 31 188 252 252 220 124 252 238 188 93 249 93 211 252 215 221 221 220 220 120 253 252 253 125 189 125 124 124 125 246 68 68 100 100 100 100 68 68 84 128 4 4 68 5 68 100 36 4 36 5 4 20 4 4 4 132 68 4 68 100 196 70 196 68 84 68 70 196 68 68 68 196 68 196 196 100 100 36 102 76 110 108 108 56 40 104 104 120 120 126 120 124 124 94 92 116 46 102 100 100 100 100 68 68 68
8 4 32 32 60 220 156 220 220 220 156 204 235 231 235 235 105 9 9 9 137 153 185 157 155 157 187 149 155 157 155 156 155 149 153 217 217 153 248 104 40 96 40 96 32 96 96 100 112 100 98 100 98 100 102 102 70 100 116 100 108 110 102 102 102 102 102 102 38 102 102 102 102 102 102 102 102 38 102 102 102 102 100 100 116 100 100 116 100 196 212 196 196 196 68 100 100 196 100 70 100 68 102 100 100 100 100 102 102 102 102 102 102 102 102 110 118 46 118 46 62 254 126 254 94 222 126 254 94 246 94 126 126 246 126 244 191 252 252 252 252 252 252 78 221 93 217 124 215 252 223 213 221 220 188 124 221 253 252 127 189 117 124 116 125 68 68 68 100 100 100 84 68 70 4 0 36 5 68 4 196 4 36 36 4 5 132 6 4 4 6 5 68 4 68 68 196 68 68 84 68 196 100 68 68 68 68 196 100 196 68 100 100 36 110 108 108 44 100 40 120 104 120 124 120 94 124 124 124 94 92 102 102 100 100 100 100 68 100 68
0 64 16 33 28 188 220 220 220 212 204 236 239 235 235 233 107 25 9 9 153 153 153 185 157 155 149 187 157 155 156 155 149 155 157 217 217 216 249 40 100 40 96 32 96 34 96 96 100 98 100 98 100 98 100 102 102 70 102 100 110 110 102 102 102 102 102 102 102 38 102 102 102 102 102 102 102 102 38 102 102 102 100 100 100 116 100 100 100 68 196 212 228 196 68 196 102 100 68 100 68 100 196 100 100 100 100 102 102 102 102 102 102 102 110 118 110 118 46 30 254 110 238 94 238 126 254 126 254 94 252 94 252 126 246 126 252 255 124 252 220 252 252 221 95 221 95 221 92 223 125 215 221 221 124 252 253 253 253 221 115 185 117 124 116 196 68 68 68 100 100 100 68 68 1 132 1 132 5 68 4 4 36 5 36 4 36 5 4 5 5 4 5 68 4 68 68 68 196 100 68 70 68 70 68 68 68 68 196 68 68 68 100 100 108 100 108 100 36 104 104 120 120 122 60 124 126 124 116 124 94 68 102 100 100 100 100 102 100 100
0 1 64 144 61 156 252 220 156 220 204 108 175 235 107 235 121 107 9 11 153 153 153 153 185 149 155 157 59 156 155 149 155 157 155 157 217 217 252 96 40 112 32 96 34 98 40 96 96 100 98 102 106 102 98 100 102 102 70 102 110 102 102 102 102 102 102 102 102 102 38 102 102 102 102 102 102 102 102 38 102 102 100 100 100 100 100 100 100 68 68 196 196 228 196 68 68 100 100 196 100 84 100 84 100 100 100 100 102 102 102 102 102 110 102 110 118 110 30 254 126 230 126 238 126 254 126 254 126 254 94 252 94 222 62 254 254 252 239 252 252 252 124 253 221 95 221 95 221 127 219 121 223 157 253 252 189 189 249 189 221 115 185 117 124 68 68 68 68 68 102 100 100 68 4 3 132 1 20 132 4 4 20 38 4 36 4 132 37 4 6 7 4 6 84 36 84 68 84 196 70 70 70 68 68 196 68 70 196 68 68 70 84 100 116 108 100 100 104 104 104 88 120 124 126 124 116 118 126 124 124 70 68 116 100 100 100 100 100 100
1 1 64 192 156 189 156 252 212 220 204 228 235 235 234 91 235 104 11 153 155 153 153 153 145 185 149 27 156 155 149 155 157 155 157 153 221 217 249 40 100 40 96 36 98 42 104 33 100 100 100 106 102 98 102 98 116 102 102 14 102 102 102 102 102 102 102 102 102 102 102 38 102 102 102 102 102 102 102 102 38 102 100 100 100 100 100 100 100 68 68 196 196 228 196 68 70 68 116 100 70 100 84 100 68 100 100 116 100 102 102 102 110 102 110 118 110 126 254 126 252 126 238 126 254 126 254 126 254 126 252 94 254 126 190 126 254 238 252 251 244 188 252 253 252 221 95 221 95 223 127 219 253 221 245 253 253 185 189 221 245 221 99 185 117 68 68 68 68 68 84 100 100 100 64 148 3 68 1 20 36 36 20 4 52 4 6 132 4 36 5 6 6 84 38 86 52 84 68 100 196 70 70 100 68 100 68 196 68 100 70 84 70 84 102 100 100 100 108 104 106 120 120 124 124 126 124 124 126 126 124 68 68 196 100 100 102 102 100 100
0 1 128 96 220 156 189 212 252 212 220 196 107 235 251 235 106 107 153 155 153 155 153 145 153 145 57 156 155 149 155 157 155 157 155 157 217 157 217 98 40 96 32 112 40 104 44 112 36 102 100 102 98 102 98 118 98 116 110 102 6 102 102 102 102 102 102 102 102 102 102 102 38 102 102 102 102 102 102 102 102 38 100 102 100 100 102 100 100 70 68 196 228 196 196 100 68 68 68 100 100 84 100 70 116 68 100 100 100 100 102 110 102 110 118 110 110 254 126 190 126 254 126 254 118 246 110 238 126 222 94 238 126 254 94 246 126 238 190 252 250 188 252 252 221 249 221 223 215 95 223 255 223 253 221 189 253 245 153 125 221 117 217 123 185 70 100 68 196 68 68 100 100 100 84 66 68 129 4 1 132 4 36 84 5 4 132 36 132 5 6 36 212 6 84 38 214 20 84 68 68 100 102 100 100 68 100 68 68 68 84 102 84 70 100 100 100 100 44 104 120 126 122 124 124 124 94 92 126 126 94 68 68 70 70 100 100 102 100 116
0 0 64 128 124 220 148 189 212 252 212 204 234 219 235 107 107 249 235 153 153 153 147 153 145 25 152 185 149 155 157 155 157 155 157 155 157 217 157 72 96 34 96 33 104 56 96 36 96 36 102 100 102 98 118 98 118 98 102 102 102 6 102 102 102 102 102 102 102 102 102 102 102 38 102 102 102 102 102 102 102 100 38 100 100 100 102 100 100 196 68 100 196 196 212 68 68 68 68 68 102 102 196 116 70 100 100 116 100 100 110 102 110 118 110 110 190 126 126 110 254 94 246 126 238 126 236 126 246 126 126 118 254 126 254 94 254 254 252 222 252 254 244 252 189 221 253 207 219 223 223 223 251 223 221 221 245 245 125 221 125 221 124 185 70 32 68 68 68 196 196 196 100 116 100 68 66 5 9 20 128 4 68 36 4 132 4 148 132 132 36 5 36 84 6 212 38 198 148 70 68 68 116 100 100 100 68 68 196 100 84 84 102 116 196 100 100 102 104 104 120 90 126 94 124 124 92 94 118 126 118 100 68 68 102 68 100 100 100 100
0 0 0 80 220 220 220 148 61 212 252 236 155 235 235 107 251 235 249 251 153 145 153 145 25 152 153 145 185 157 153 157 139 157 155 149 155 157 8 72 64 100 48 96 40 112 40 112 37 96 36 102 100 118 106 118 98 102 98 102 102 102 6 102 102 102 102 102 102 102 102 102 102 102 38 102 102 102 102 102 102 102 116 36 100 116 100 100 100 68 100 68 68 196 196 68 68 68 68 100 100 228 102 196 100 84 100 100 100 100 102 110 118 110 46 190 126 254 62 254 94 254 94 246 110 174 126 252 126 246 126 254 118 254 94 252 254 222 252 244 254 124 254 252 217 245 221 159 223 223 222 253 223 247 223 221 213 117 253 61 221 121 189 68 34 68 0 100 68 68 196 196 68 102 100 68 69 8 4 25 5 64 6 4 68 36 132 6 132 132 4 37 36 38 212 6 196 23 198 4 84 68 68 100 100 102 84 68 68 68 100 84 84 102 100 196 100 108 104 104 124 94 94 126 118 124 124 110 30 118 126 100 68 84 68 116 70 100 100 100
16 0 0 8 220 220 220 28 148 61 252 244 175 235 235 249 233 249 123 249 211 153 153 25 152 153 145 153 153 185 157 137 157 155 149 155 157 10 8 76 192 64 100 32 96 40 116 40 112 37 98 36 102 108 118 106 102 98 102 98 102 102 102 38 102 102 102 102 102 102 102 102 102 102 102 38 102 102 102 102 102 118 102 100 38 100 100 100 100 100 68 68 68 196 196 68 100 68 68 68 100 100 100 100 68 100 68 100 100 100 108 118 110 110 158 110 246 126 252 126 252 86 254 94 238 126 254 126 254 110 254 126 254 126 254 246 222 126 254 124 252 246 252 190 189 217 221 223 207 222 255 223 255 207 239 221 157 213 121 157 124 253 68 37 68 128 100 128 68 68 68 212 68 68 100 68 70 5 24 7 128 132 8 4 4 20 36 148 68 68 132 4 36 212 102 196 6 196 6 68 4 68 68 84 100 116 102 84 68 68 100 100 84 68 100 100 68 108 104 104 124 126 110 126 126 110 124 126 86 22 86 100 68 196 212 84 100 68 100 100
0 0 0 9 212 220 212 212 28 189 253 252 107 171 249 235 249 249 248 123 121 218 25 153 153 145 153 153 153 153 169 157 153 149 155 157 10 8 24 104 72 64 72 100 32 96 40 112 44 98 36 98 44 102 108 102 98 102 98 102 102 102 102 102 38 102 102 102 102 102 102 102 102 102 102 102 38 102 102 102 118 102 102 102 100 36 102 100 100 100 68 68 68 68 196 68 196 70 84 68 68 100 100 100 100 68 102 70 100 100 102 124 102 238 110 190 110 254 110 252 126 244 86 254 126 252 126 238 62 246 126 254 94 126 238 222 222 252 126 126 252 188 254 253 155 253 220 221 159 254 159 239 223 239 215 253 213 157 157 126 253 124 103 70 4 68 129 68 64 84 68 68 68 196 68 68 68 64 5 136 4 0 4 32 4 4 20 36 4 68 4 5 132 36 196 70 196 6 68 4 68 5 68 84 84 100 116 102 68 68 68 100 100 84 68 100 100 108 104 104 124 126 126 110 126 126 126 126 110 86 118 84 68 100 196 212 70 100 68 102
0 8 16 64 137 212 220 212 220 189 253 221 235 249 235 121 187 249 217 249 123 121 217 153 145 153 153 153 153 137 153 185 149 153 157 10 8 8 8 76 74 72 64 66 112 32 96 40 100 36 98 36 102 36 102 100 102 98 102 106 102 102 102 102 102 38 102 102 102 102 102 102 102 102 102 102 102 38 102 118 102 102 102 102 100 116 36 100 102 100 100 70 70 196 68 196 68 212 70 100 68 68 100 100 100 100 68 102 68 100 124 102 228 110 254 110 222 46 126 62 220 126 252 126 246 126 254 126 214 62 252 94 246 126 190 254 254 254 222 254 254 252 245 239 252 223 249 221 190 157 239 159 235 221 239 215 253 221 28 253 118 252 116 70 196 36 68 0 70 68 70 68 68 68 68 68 68 100 8 6 128 36 1 5 8 5 4 5 36 6 6 36 4 164 20 196 70 196 4 100 6 68 4 68 84 84 100 100 68 68 84 100 100 100 68 68 100 108 104 106 124 126 110 126 126 126 126 126 126 110 70 102 68 70 68 196 100 68 100 100
16 0 8 8 192 137 212 156 220 221 189 249 185 235 249 249 185 251 249 249 217 123 249 209 153 153 153 153 153 153 153 145 185 157 136 8 8 8 10 200 72 8 64 114 194 96 32 100 40 96 36 98 36 102 52 102 100 102 106 102 98 102 102 102 102 102 38 102 102 102 102 102 102 102 102 102 102 102 55 102 102 102 102 102 100 100 116 100 100 100 100 68 230 84 196 70 228 84 100 68 196 196 68 100 100 116 116 68 100 68 100 228 102 254 110 254 102 94 30 220 126 252 126 126 126 254 126 246 94 220 126 254 94 126 190 126 126 254 190 126 246 238 252 245 223 245 223 253 217 173 143 233 159 239 222 239 223 125 221 124 125 118 252 196 68 68 5 68 0 70 196 84 68 68 84 68 84 68 5 160 132 64 20 0 69 1 5 4 4 68 100 4 36 4 180 6 196 68 68 4 68 132 84 132 100 84 68 100 68 70 68 100 100 100 196 70 70 108 104 92 110 126 126 94 126 126 126 126 126 110 102 70 70 84 100 68 68 100 196 100
32 0 10 32 24 192 137 220 156 221 121 189 233 249 251 217 185 249 249 249 248 249 251 249 216 153 153 153 153 153 145 153 153 168 8 8 10 12 200 104 104 80 32 196 98 64 96 33 96 32 112 100 98 52 102 52 102 124 102 98 102 98 102 102 102 102 102 38 102 102 102 102 102 102 102 102 102 119 102 38 102 102 102 102 100 100 100 100 100 100 100 100 84 230 70 228 68 228 68 196 68 228 196 196 100 100 116 100 68 116 70 102 252 46 252 110 126 126 220 94 252 126 254 126 190 62 254 126 254 94 222 126 222 254 126 238 246 222 62 254 126 190 252 252 245 222 253 221 221 141 233 143 111 223 239 223 255 223 124 253 92 189 214 196 196 68 68 68 68 192 70 212 68 196 100 84 68 196 64 6 32 4 64 5 128 5 0 4 4 20 68 36 4 52 4 196 4 68 68 68 36 100 148 196 68 100 68 68 68 68 68 68 100 102 68 68 110 108 44 108 126 126 126 126 126 118 126 94 126 102 102 70 86 70 68 68 68 68 100 68
32 64 34 10 32 136 136 157 220 221 125 105 249 249 249 249 121 249 249 249 249 249 249 123 249 217 153 153 153 209 153 153 136 8 8 8 13 8 200 104 106 104 68 48 68 112 192 96 96 96 32 100 116 98 52 102 52 102 102 102 98 102 98 102 102 102 102 102 38 102 102 102 102 102 102 102 87 102 102 102 38 102 102 102 100 100 100 100 100 100 100 100 116 84 230 68 228 196 196 70 196 68 196 196 68 100 100 100 100 84 100 222 110 188 102 118 126 252 118 220 62 254 126 222 110 246 126 222 94 238 94 222 254 252 238 246 238 238 126 126 254 124 238 252 252 221 215 221 221 201 141 107 222 239 159 239 219 254 127 126 125 212 189 196 196 68 84 68 70 68 212 70 196 196 84 100 68 84 68 32 20 0 36 128 5 8 4 16 4 4 5 4 36 36 4 4 68 4 68 68 68 36 100 132 68 68 68 68 68 68 68 68 100 100 100 84 124 108 108 108 110 118 110 126 126 126 126 126 110 102 102 214 70 70 68 196 68 68 68 68
0 32 8 48 8 136 136 157 221 220 189 121 249 248 249 249 249 248 249 185 249 249 121 185 249 249 153 153 145 153 217 152 24 8 10 8 8 10 72 104 104 104 112 68 50 68 96 64 98 96 96 48 100 116 98 116 102 37 102 102 102 102 102 98 102 102 102 102 102 38 102 102 102 102 102 103 102 70 102 102 102 38 102 102 100 116 100 116 100 100 100 116 102 116 68 228 68 196 196 212 100 196 196 196 68 68 100 100 116 100 84 110 254 102 52 110 252 126 220 126 254 126 254 126 254 110 254 62 190 94 254 246 252 254 222 238 238 254 126 190 110 254 252 252 124 125 221 223 221 205 9 223 175 223 237 223 254 253 222 111 118 125 196 132 228 196 68 68 68 68 68 196 68 196 196 68 70 68 68 6 48 132 8 68 8 36 0 4 128 4 4 36 6 36 20 4 4 68 4 68 84 84 100 196 4 84 70 84 68 68 68 68 68 102 100 100 126 108 108 110 126 110 94 126 94 62 118 126 110 102 230 102 70 70 68 68 68 68 196 68
0 128 48 10 8 136 136 149 221 221 121 253 249 249 217 185 249 249 217 248 249 249 249 248 248 121 249 145 153 153 153 25 152 40 12 8 8 72 104 104 104 104 108 112 70 96 64 96 80 96 96 100 56 100 116 98 101 102 52 102 102 102 102 102 98 102 102 102 102 102 38 102 102 102 103 102 102 102 70 102 102 102 38 102 100 100 116 100 100 100 100 100 116 102 100 68 196 68 212 196 196 68 196 196 68 68 84 100 100 116 100 254 110 118 102 244 126 252 126 254 126 254 126 254 94 190 126 254 94 246 254 254 126 254 246 238 254 254 238 110 254 254 254 220 252 125 221 221 207 197 205 175 223 239 223 253 255 254 255 126 110 118 68 196 196 196 68 68 68 68 68 68 196 68 196 70 196 68 68 16 38 64 4 9 4 16 20 16 132 16 20 4 38 4 36 4 36 6 68 6 100 84 70 68 68 4 86 198 68 68 100 84 68 68 100 100 44 108 108 110 110 126 118 86 126 118 62 118 110 230 102 102 70 70 84 70 68 68 68 68
2 32 144 12 136 136 128 136 220 221 253 249 253 249 249 185 249 249 249 249 248 249 249 249 120 217 249 249 153 153 25 152 9 8 9 8 8 74 104 104 104 106 104 100 100 64 96 192 98 80 96 96 100 48 100 101 102 116 102 36 102 102 102 102 102 98 102 102 102 102 102 38 102 102 102 102 102 102 102 198 102 102 102 38 100 100 116 100 100 100 100 100 100 116 100 70 100 196 68 196 196 196 68 196 68 100 68 196 100 100 116 110 126 110 246 102 124 110 254 110 254 126 126 118 254 126 254 126 190 94 254 252 254 126 254 190 254 254 236 126 254 222 254 254 252 253 221 221 205 205 205 207 239 221 223 127 253 127 254 255 126 110 68 68 196 196 84 68 68 68 68 196 196 196 68 196 84 196 68 196 64 36 16 4 1 5 16 4 16 148 16 4 68 36 4 36 4 68 134 100 4 100 68 68 68 68 132 70 196 68 68 102 70 68 68 100 44 108 124 110 110 126 126 126 118 126 118 62 230 102 102 102 70 86 70 100 70 70 100 68
48 64 40 136 137 128 136 140 156 213 253 189 249 249 185 249 249 249 249 249 249 217 121 217 249 249 185 248 249 25 156 41 8 9 10 8 40 104 104 106 104 104 106 96 116 100 96 100 84 98 64 104 96 100 32 100 118 102 100 102 100 102 102 102 102 102 98 102 102 102 102 102 38 102 102 102 102 102 230 102 70 102 102 100 37 116 100 102 100 100 100 100 100 100 100 100 68 68 196 196 196 196 196 68 68 196 68 196 196 100 116 126 110 254 110 118 110 190 110 254 94 246 126 238 118 254 110 246 86 222 252 254 126 254 238 126 126 254 254 190 126 252 222 254 246 125 253 220 237 237 197 237 223 255 251 127 127 223 247 190 255 110 68 68 68 196 212 68 68 196 68 68 196 196 196 68 196 68 196 196 68 32 36 2 4 32 133 16 4 16 164 2 6 68 100 36 4 68 102 5 116 4 68 68 68 68 68 132 70 84 68 68 70 68 68 70 108 108 108 110 94 94 118 126 126 118 126 230 38 102 102 102 86 70 102 102 68 102 68 84
16 40 10 152 144 152 136 140 148 157 245 249 245 121 249 249 249 121 249 249 249 185 216 249 249 248 248 248 217 248 9 12 41 9 40 8 40 40 106 108 108 120 108 112 100 100 116 96 100 80 100 96 96 96 100 48 100 102 102 116 102 100 102 102 102 102 102 98 102 102 102 102 102 102 102 102 102 230 102 102 102 70 102 100 100 101 100 100 100 100 100 100 100 102 100 100 100 100 68 196 228 196 196 68 68 100 196 68 196 196 100 126 238 110 126 110 254 110 238 126 126 78 190 94 238 94 238 110 254 190 254 254 238 254 126 238 254 254 254 126 254 254 190 222 251 254 252 245 237 237 237 205 251 253 239 255 255 223 221 239 254 102 68 68 68 68 196 100 68 68 70 68 68 196 196 196 68 196 100 196 70 6 4 4 8 36 4 133 16 4 64 36 72 20 196 4 68 5 197 100 1 100 4 70 84 68 68 68 20 70 84 68 68 70 68 44 110 108 108 110 126 126 94 126 126 126 214 102 102 38 102 118 102 102 198 102 102 196 68 68
128 8 152 210 156 136 137 132 140 149 149 241 249 221 249 249 248 185 249 249 249 216 249 249 249 121 184 248 184 153 136 9 9 44 8 40 40 40 108 108 100 108 120 124 98 100 100 116 96 102 64 96 96 96 96 100 32 100 118 102 102 102 100 102 102 102 102 102 98 102 102 102 102 102 102 102 228 102 102 102 102 102 70 100 116 100 100 100 100 100 116 100 100 100 100 102 116 102 68 68 196 196 196 68 70 68 68 196 68 196 100 174 46 126 110 246 110 238 118 126 94 222 222 254 94 238 102 254 238 246 222 254 126 126 246 252 254 126 254 238 246 238 222 254 254 255 222 252 109 173 253 173 221 239 255 127 253 251 223 255 231 102 68 196 68 68 68 68 68 68 196 196 100 68 196 196 196 68 196 84 68 68 20 16 36 1 4 64 133 16 4 64 132 104 6 68 132 68 1 68 116 128 100 20 102 68 84 68 70 22 70 68 68 68 68 108 108 108 108 126 110 110 118 118 126 190 126 102 102 102 54 102 102 102 102 198 230 68 68 68
64 152 144 156 202 136 136 152 164 141 145 149 249 217 125 249 249 249 248 249 249 121 248 249 217 249 249 184 216 168 25 25 12 40 41 40 44 40 100 110 124 108 124 56 102 96 100 100 100 98 96 80 96 96 96 96 100 48 100 102 102 102 102 100 102 102 102 102 102 98 102 102 102 102 102 230 102 100 102 102 102 102 102 68 100 100 102 102 100 116 100 100 100 100 100 116 102 100 68 68 68 228 196 68 100 70 68 70 196 100 196 46 126 110 190 110 238 94 238 94 254 214 126 222 246 110 254 238 254 238 126 254 222 252 118 190 238 254 246 190 238 126 254 126 255 254 254 254 237 173 173 157 237 247 191 251 239 239 247 239 231 102 68 100 196 100 70 68 84 68 100 212 68 68 68 196 196 228 68 196 68 68 64 68 128 5 8 36 128 165 8 4 66 36 80 6 68 4 68 2 100 102 0 100 4 70 70 70 86 198 38 68 68 68 68 108 108 108 108 102 110 94 110 62 246 62 254 102 102 86 102 38 102 102 102 102 230 68 68 68
1 208 152 136 136 136 136 192 152 129 141 145 221 249 249 245 121 121 185 249 217 185 217 249 249 249 121 217 188 24 57 8 40 44 44 40 56 36 40 124 110 124 60 100 32 100 104 102 100 96 96 96 66 112 112 96 96 100 33 100 102 102 102 102 100 102 102 102 102 102 98 102 102 102 230 102 102 102 100 102 102 102 102 100 196 100 100 102 100 100 100 100 100 100 100 100 100 100 84 68 84 68 196 196 68 196 70 196 68 212 102 94 110 254 110 238 126 238 94 252 222 254 222 252 206 246 110 254 238 254 222 254 254 238 220 238 246 254 254 230 238 254 62 127 254 254 238 247 237 173 141 173 252 233 250 255 231 247 238 231 229 102 100 68 100 100 70 68 68 68 68 100 68 100 68 68 196 196 228 68 84 68 100 80 5 0 20 0 36 0 20 16 100 96 36 192 36 68 20 100 6 100 100 32 68 36 70 86 198 102 68 132 68 70 68 108 108 108 108 108 126 110 118 214 62 254 126 102 118 102 70 102 39 102 102 230 102 196 68 68
2 129 136 137 136 136 136 136 224 136 193 137 217 252 249 121 253 121 249 249 249 217 249 249 248 249 249 249 89 188 136 40 42 44 44 40 32 44 44 108 124 118 100 38 100 32 100 96 100 96 96 112 120 66 114 96 112 96 100 36 100 102 102 102 102 100 102 102 102 102 102 106 102 228 102 102 102 102 102 100 102 102 102 100 100 68 100 100 100 100 116 100 100 116 100 100 100 100 100 84 70 100 196 196 196 70 228 68 196 68 92 110 254 46 238 126 236 118 222 222 254 222 190 222 252 206 254 238 254 252 254 126 254 222 230 222 230 254 254 238 254 254 251 254 239 126 255 238 173 141 173 172 109 248 239 253 247 111 231 230 231 100 100 100 100 102 68 70 100 100 70 68 116 100 70 70 70 196 196 100 68 68 68 100 8 4 64 4 64 4 1 4 0 116 80 36 64 4 70 36 100 132 100 68 48 68 20 198 102 70 68 84 4 100 68 108 124 108 124 108 110 94 230 62 190 126 252 118 102 102 102 71 102 38 230 102 230 68 68 68
145 4 153 140 136 136 136 144 136 192 136 201 217 248 253 185 121 252 249 249 249 248 217 248 185 249 249 217 249 217 44 40 36 44 41 32 40 44 44 108 124 124 102 100 38 100 32 100 96 96 100 96 112 112 70 80 98 96 96 116 100 116 102 102 102 102 116 102 102 102 110 102 226 102 116 102 102 102 102 102 100 102 102 100 100 116 84 100 100 100 100 100 100 116 100 100 100 116 102 100 100 68 68 196 196 228 68 196 68 68 68 254 110 238 126 238 126 252 254 254 222 126 222 252 222 238 238 254 126 254 254 254 252 246 222 228 222 246 126 222 246 127 238 251 222 255 126 239 157 173 164 45 236 237 249 247 125 231 103 229 102 100 100 100 100 100 70 100 68 100 68 84 70 100 100 70 198 68 196 70 68 68 100 68 4 8 5 80 4 2 20 0 4 16 118 64 4 68 37 68 36 100 4 100 68 16 68 38 102 70 68 68 68 20 100 108 108 116 108 44 126 238 30 238 94 254 126 252 102 102 102 102 70 102 38 230 102 100 68 68
64 145 140 136 136 136 128 136 160 137 232 201 217 249 249 117 249 249 245 249 249 249 248 249 185 249 217 249 217 249 44 52 44 40 32 40 40 60 44 108 60 124 116 102 100 36 100 48 96 112 96 100 96 116 84 70 72 96 96 112 116 100 100 102 102 118 102 100 102 110 102 230 102 122 102 100 102 102 102 102 102 100 102 100 100 100 116 68 100 100 100 100 100 116 116 100 100 100 100 100 100 100 68 84 196 196 212 196 68 68 196 110 238 126 238 62 238 222 126 238 126 206 254 214 190 236 238 238 252 238 126 246 254 220 230 214 246 222 254 126 221 254 255 190 253 190 223 127 231 228 45 173 237 236 253 249 247 103 231 103 100 100 100 100 100 100 100 100 100 68 70 100 100 68 100 196 70 196 68 100 68 68 68 70 128 6 32 5 16 20 2 4 0 6 144 70 64 36 84 37 68 38 100 6 100 68 128 68 38 70 68 196 70 196 20 108 108 108 108 108 238 126 238 94 254 126 254 126 100 102 102 102 102 70 230 102 102 100 68 196
0 72 136 168 140 136 136 128 168 168 201 233 217 249 217 249 253 249 249 245 185 249 249 249 121 249 249 217 249 249 54 44 40 33 40 40 40 44 60 44 116 124 124 100 100 100 36 100 52 98 98 100 100 96 116 76 64 192 96 96 80 100 100 100 118 102 102 102 108 102 230 102 126 102 98 102 100 102 102 102 102 102 100 100 100 100 100 100 68 100 100 116 116 102 84 100 100 100 102 100 100 100 196 68 68 196 212 196 84 68 68 230 110 238 94 238 222 126 254 126 238 222 158 252 236 110 238 254 238 254 254 126 252 246 212 230 214 254 252 255 246 223 254 252 191 223 253 251 103 229 173 173 237 236 253 221 249 227 99 103 100 100 100 100 100 116 100 100 100 84 100 70 100 100 68 70 196 196 68 70 68 68 68 196 6 40 5 8 5 64 6 64 6 144 6 32 100 192 36 68 36 68 38 116 5 68 68 1 68 7 70 84 196 68 196 108 108 108 108 110 126 238 94 126 110 238 126 246 102 100 102 102 102 230 70 102 102 100 84 196
0 8 137 136 137 136 128 136 168 136 249 201 249 217 249 249 249 125 249 249 125 249 121 185 249 249 249 121 249 121 233 40 32 40 40 56 56 44 44 52 44 124 92 100 100 100 100 37 100 32 102 100 116 100 96 68 64 192 64 104 96 64 100 100 116 102 102 102 102 228 102 62 102 102 102 98 102 100 102 102 102 102 100 100 100 100 100 102 100 84 100 100 116 116 102 68 102 100 116 100 100 100 100 196 68 84 196 212 196 84 196 76 238 94 238 206 238 254 126 254 126 126 252 190 236 238 190 238 252 254 254 254 254 252 246 212 238 254 254 190 191 254 127 254 223 253 255 191 99 101 173 173 229 173 189 125 221 225 103 99 100 102 100 100 100 100 100 100 100 100 68 100 68 100 68 196 68 212 68 68 68 68 68 84 40 5 12 5 2 132 66 6 152 6 32 68 40 100 64 100 84 36 84 38 70 5 68 68 9 84 150 70 196 196 70 108 108 108 108 126 238 126 252 126 236 118 254 126 102 102 102 102 230 102 102 198 102 102 116 68
128 8 137 137 136 129 137 136 136 168 233 249 217 249 249 249 248 121 189 248 249 127 121 249 249 185 217 249 121 249 41 32 44 40 41 56 42 44 36 46 52 60 60 68 100 100 116 100 36 100 32 100 100 100 100 66 64 64 64 96 96 96 64 100 116 100 102 102 102 102 124 102 38 102 102 102 102 102 100 102 102 102 100 100 100 100 100 102 100 100 196 100 102 116 100 102 68 100 102 100 102 100 102 68 196 70 84 196 212 196 68 140 94 238 206 238 254 126 238 94 254 254 126 172 230 246 110 238 190 222 238 246 246 254 188 244 254 254 252 255 238 253 126 223 254 255 247 99 39 96 173 165 173 173 61 253 252 213 99 103 98 100 102 100 100 116 100 100 100 116 102 68 100 68 70 68 196 70 68 68 68 68 84 68 20 8 5 4 132 2 4 152 6 48 4 32 102 34 100 96 100 86 36 68 135 68 132 68 68 9 68 134 84 196 108 100 110 108 44 238 126 238 110 220 126 236 110 254 102 102 102 230 102 102 230 102 70 118 102 68
2 136 153 136 161 137 136 136 136 168 233 185 185 249 249 249 249 121 248 189 249 249 95 217 249 216 249 249 248 121 34 40 40 40 40 41 44 52 44 52 46 60 4 38 196 100 100 100 100 37 100 34 100 100 100 96 192 80 64 96 96 98 98 64 116 116 100 102 102 118 102 100 102 38 102 102 102 102 102 100 102 102 100 100 100 100 116 100 116 100 102 68 116 102 100 100 100 68 100 102 100 102 102 70 70 84 198 86 196 196 196 12 110 198 174 254 252 190 126 222 254 222 126 230 180 238 230 126 206 254 254 174 252 252 246 180 254 254 254 254 247 254 247 254 191 255 223 103 96 39 165 173 173 37 189 189 189 252 197 99 102 98 100 100 100 100 100 100 102 116 100 100 68 68 68 84 68 70 68 68 68 68 100 84 96 6 64 132 1 36 1 6 52 6 33 5 32 102 32 102 98 102 68 132 68 133 68 4 100 68 0 84 134 68 100 108 108 108 124 94 110 102 254 126 244 110 254 110 102 102 230 102 102 230 102 102 118 70 102 196
136 136 168 129 137 136 136 136 136 169 41 217 185 248 248 121 185 249 185 249 245 249 249 207 217 121 121 185 217 120 44 40 44 40 40 42 36 46 52 44 60 134 36 196 36 68 116 116 100 102 36 100 32 100 116 96 80 192 64 72 96 96 102 104 80 116 100 100 118 102 102 102 100 102 38 102 102 102 102 102 100 102 100 100 116 102 100 116 100 102 100 100 68 100 100 100 100 100 68 100 102 100 102 70 214 70 84 198 68 196 196 204 204 46 238 246 254 126 190 222 214 126 254 118 230 230 254 238 252 126 252 220 246 252 252 244 254 254 254 127 190 247 254 127 255 191 255 103 103 160 37 189 101 173 189 157 188 253 228 197 98 102 98 100 100 100 116 100 116 102 100 100 70 68 68 68 68 68 100 68 100 100 196 100 70 64 4 16 36 3 4 112 6 33 4 32 36 48 102 96 102 106 68 68 132 84 68 100 36 68 68 1 68 4 68 108 108 108 126 94 110 254 126 254 126 126 110 46 102 230 102 102 230 102 102 118 102 102 198 68
136 136 160 136 168 136 168 137 136 57 137 185 248 249 120 248 248 185 249 249 249 189 249 217 223 121 121 217 249 185 40 44 44 40 40 36 42 52 46 52 4 100 133 36 196 36 68 116 116 100 100 38 102 32 100 114 96 64 68 64 64 96 104 96 104 80 100 100 102 102 102 102 102 116 102 38 102 102 102 102 102 100 116 100 116 116 100 100 100 100 100 100 100 68 100 102 102 100 100 68 100 102 100 214 70 86 70 68 196 68 228 204 196 238 246 238 254 254 222 190 238 254 126 254 102 254 236 222 254 244 254 252 220 252 188 220 246 190 253 222 245 190 254 239 255 255 239 103 230 37 160 37 173 45 149 180 189 244 229 228 68 106 102 96 100 100 100 116 100 100 100 100 196 68 68 196 70 68 70 100 68 116 100 68 68 196 8 5 32 36 16 36 33 6 48 4 32 100 48 102 104 102 80 68 68 164 68 68 84 68 68 100 2 68 4 108 44 108 126 126 252 126 190 126 190 110 110 102 230 102 102 230 102 102 118 102 102 230 70 68
136 144 136 168 136 168 136 136 9 137 185 188 248 248 249 248 184 249 249 249 249 249 221 217 249 191 120 249 249 104 40 44 41 40 33 40 52 42 20 15 36 4 52 148 36 68 36 68 116 102 100 100 38 100 40 100 96 64 64 192 64 68 112 106 96 104 96 100 102 102 102 102 118 102 100 102 39 102 102 102 102 100 100 116 100 116 100 100 100 100 116 100 100 100 196 100 102 100 100 100 84 102 102 100 86 70 198 68 68 196 68 196 204 244 238 254 238 254 252 238 254 222 246 62 254 238 252 254 222 190 252 246 220 252 220 252 212 249 190 253 222 253 127 253 251 239 239 231 102 160 37 160 45 197 44 145 180 189 228 228 100 102 98 100 98 100 100 100 100 100 100 100 84 196 68 68 68 70 100 68 100 68 100 70 68 196 6 16 4 16 37 8 36 50 70 32 132 34 100 40 102 120 102 80 196 84 4 68 68 68 68 68 100 128 84 44 110 108 94 222 126 252 62 190 110 110 110 230 102 102 102 102 102 118 102 102 230 102 70 84
132 136 136 136 168 137 140 136 137 137 188 185 244 248 248 121 248 249 121 249 185 249 185 221 249 120 239 249 249 106 56 40 44 97 40 32 56 20 42 36 36 36 4 36 4 36 196 37 68 100 100 100 100 37 100 36 98 96 96 64 64 64 68 100 104 104 98 96 100 102 102 102 102 102 102 101 102 38 102 102 102 102 100 100 116 100 116 100 100 100 116 100 100 100 100 68 102 100 102 100 100 68 102 102 100 198 70 68 68 68 196 68 228 204 126 238 254 190 254 246 252 190 158 254 254 246 190 238 254 252 254 252 254 220 252 220 220 252 253 126 189 191 253 247 223 239 239 231 230 36 160 33 149 45 129 46 145 164 180 228 116 100 102 106 102 96 100 100 100 100 100 100 100 70 68 68 68 100 68 100 68 100 68 68 68 70 16 70 17 5 4 38 2 68 38 4 34 70 34 100 56 102 112 102 82 196 196 6 84 68 68 196 68 68 128 110 110 110 246 110 246 110 222 110 102 110 230 102 102 102 102 102 118 102 102 230 102 102 86 198
0 168 168 152 136 136 136 136 137 152 185 148 185 252 120 248 249 217 185 249 249 185 217 249 189 249 249 239 249 122 106 40 34 40 32 40 16 41 36 32 36 132 36 6 36 5 36 68 36 68 100 100 116 116 36 96 48 104 96 66 64 68 64 84 104 104 96 96 96 116 102 102 102 102 103 102 100 102 38 102 102 102 102 100 100 116 100 100 100 100 100 100 100 116 100 100 68 102 102 100 100 100 68 102 102 68 70 196 68 68 68 212 68 236 238 252 222 254 126 246 238 214 254 254 254 254 110 222 254 238 252 238 252 254 220 252 220 252 220 125 223 252 247 253 253 239 231 231 230 164 40 132 33 193 44 209 46 144 164 180 228 100 108 102 106 100 112 100 116 100 100 100 100 196 68 68 70 196 100 68 100 68 70 68 68 84 70 17 102 16 5 16 68 34 4 34 68 35 196 34 100 48 102 112 228 96 228 84 134 100 68 68 68 100 196 46 110 126 110 244 102 254 110 110 110 228 102 102 102 102 102 118 102 102 230 102 102 118 230 70
128 168 136 168 152 137 136 136 136 153 145 185 188 249 252 248 249 249 249 249 249 217 249 185 217 253 121 249 223 251 106 34 44 48 41 4 42 32 32 100 8 36 4 37 6 100 132 36 68 36 196 100 100 116 104 32 96 98 96 64 64 64 68 68 104 104 96 96 100 112 100 102 102 99 102 102 102 100 102 102 102 102 102 100 116 100 100 100 100 100 100 100 116 116 100 100 100 68 102 116 100 100 116 70 102 70 196 84 84 68 84 70 196 236 188 254 254 238 254 94 246 238 252 252 246 254 252 190 254 254 238 252 254 252 190 220 220 220 220 221 253 247 252 127 189 111 231 231 230 48 132 32 136 49 193 36 145 46 144 165 165 102 100 108 102 96 100 112 100 100 100 100 100 68 68 100 196 100 84 100 68 70 100 68 68 68 84 70 18 102 16 37 16 5 98 70 34 196 98 68 32 100 49 102 98 228 96 100 100 4 68 68 70 196 102 46 118 110 254 110 252 110 110 110 238 102 100 102 102 102 118 102 102 230 102 102 118 230 102 70
2 136 168 136 40 136 136 136 136 145 153 184 57 252 185 252 121 249 249 185 248 249 249 216 249 217 253 249 250 253 106 44 96 44 0 40 32 40 40 36 37 32 100 5 100 20 52 4 36 68 52 68 100 100 98 100 96 96 96 80 96 66 64 68 104 120 96 104 112 116 96 100 103 102 98 102 102 102 100 102 102 102 102 100 100 100 100 100 100 100 100 116 100 116 100 100 100 100 86 102 100 100 100 100 70 198 68 212 84 84 68 196 68 236 252 246 222 126 254 190 94 126 254 220 124 238 254 246 254 254 254 254 252 222 156 254 220 212 220 221 249 189 255 253 107 238 103 231 246 198 32 128 96 136 33 129 36 144 46 160 36 36 102 100 100 100 104 100 112 100 100 102 100 84 68 68 100 68 100 68 196 100 68 70 68 100 68 86 102 146 102 16 37 4 68 98 196 34 68 104 68 32 100 36 102 112 116 98 100 68 4 100 196 70 92 118 46 254 110 254 110 110 110 238 110 102 102 100 102 118 102 102 230 102 102 118 230 102 102 70
137 136 136 44 136 140 140 136 144 136 153 57 184 185 220 249 249 249 249 184 249 249 249 249 217 121 249 253 253 250 108 98 44 2 56 34 40 40 34 36 36 36 32 100 4 100 68 36 4 52 100 36 68 100 100 96 98 96 98 112 72 96 192 64 104 104 104 96 104 120 100 96 100 102 102 98 102 102 102 100 102 102 102 116 100 100 100 100 116 100 100 100 116 100 100 100 100 100 102 198 100 100 100 116 228 70 196 68 212 86 68 68 196 236 252 252 246 190 238 94 126 254 254 254 252 254 190 254 222 254 254 254 254 252 222 212 190 220 220 221 253 253 221 255 111 110 102 119 230 230 128 36 128 48 128 48 192 36 161 100 32 100 100 100 100 100 100 96 100 104 100 100 100 100 84 68 100 100 68 100 68 68 68 68 68 68 68 100 214 102 18 102 16 36 5 196 98 68 36 70 96 68 32 100 52 102 116 100 96 196 68 6 68 94 86 84 190 110 254 110 110 110 174 110 110 102 102 102 118 102 102 230 102 102 86 230 102 102 102 70
136 136 40 140 141 140 136 128 137 152 25 56 185 152 249 125 121 249 217 249 249 249 121 249 185 217 249 189 249 249 106 108 66 56 98 40 40 33 52 32 36 96 36 40 116 5 116 132 36 4 36 196 36 68 100 96 96 98 112 98 96 64 64 68 104 104 40 104 104 104 98 100 100 100 102 102 98 102 102 102 100 102 86 102 116 102 100 100 100 116 100 100 100 100 100 116 100 100 100 102 68 100 100 100 100 196 68 212 70 212 68 196 68 172 252 124 252 238 254 254 238 126 254 254 254 222 254 254 254 222 254 126 254 254 252 222 212 254 156 157 253 189 253 247 103 110 119 230 102 230 36 128 48 128 48 129 32 136 52 32 100 36 100 102 100 100 102 100 96 102 100 100 100 100 100 68 196 116 100 68 68 100 68 196 68 68 84 68 100 214 102 22 102 64 5 4 196 112 70 37 196 96 68 32 100 52 102 100 100 96 84 68 6 86 94 86 110 222 102 110 110 238 46 110 110 102 102 118 102 102 230 102 102 118 228 70 102 102 102 70
152 8 140 140 140 136 129 136 136 25 152 57 152 185 249 185 127 249 217 121 248 249 249 249 217 249 249 249 249 249 124 106 122 98 40 42 36 32 35 36 48 36 34 52 56 116 133 52 4 36 4 38 68 36 196 96 96 120 98 96 96 80 64 68 104 106 104 40 40 106 100 100 100 102 116 102 102 98 102 102 102 116 102 86 102 102 100 100 100 100 100 100 100 100 102 100 116 100 100 100 100 68 100 102 100 100 196 100 212 70 196 196 196 172 244 252 244 238 254 222 252 254 254 254 254 254 254 254 254 254 254 238 254 190 254 252 222 220 190 157 189 189 252 253 103 119 238 102 230 102 132 32 129 112 136 32 160 32 140 52 32 100 36 100 100 100 102 100 116 96 100 100 100 100 100 100 68 196 100 68 70 68 68 68 68 68 68 68 100 100 86 102 6 68 64 36 6 196 97 84 100 68 96 100 40 102 37 100 100 100 96 68 84 6 70 126 222 110 110 110 236 46 110 110 110 102 102 102 102 102 102 102 118 230 102 102 70 102 102 70
10 136 132 140 137 129 136 136 8 152 25 152 185 185 185 121 249 251 248 249 249 249 249 185 249 217 249 249 249 249 249 90 106 106 42 36 33 32 36 32 36 32 20 38 52 56 20 133 36 4 100 68 36 70 36 64 100 96 96 100 96 104 192 64 104 104 106 40 44 108 96 100 100 116 102 100 102 102 98 102 102 102 116 102 198 102 100 100 102 100 100 100 100 100 100 100 100 100 116 100 100 100 196 100 100 116 100 196 100 196 100 196 196 228 172 244 252 190 252 222 254 222 246 254 126 222 222 252 246 126 238 126 190 254 254 254 188 222 221 191 189 188 253 253 119 231 102 230 102 230 34 128 40 193 32 132 96 128 36 136 36 96 100 36 100 100 100 100 100 100 98 102 100 102 100 100 68 68 68 68 70 68 68 68 68 68 196 196 70 100 100 70 100 20 196 0 196 20 68 97 70 100 68 96 100 33 100 38 100 100 100 68 100 84 62 222 126 46 110 238 46 110 110 102 110 102 102 102 102 102 102 118 230 102 102 102 102 70 102 70
140 136 136 136 129 136 136 8 136 24 152 153 185 185 57 249 248 248 187 249 249 185 121 248 249 249 248 248 249 249 121 219 106 106 52 32 32 96 32 36 32 68 36 21 34 20 56 6 5 36 4 102 68 36 192 36 96 100 96 96 96 96 192 192 104 104 104 56 44 108 100 96 100 100 100 102 100 102 102 106 102 118 102 228 102 70 100 116 116 100 100 100 100 100 100 100 100 100 100 100 102 100 100 196 100 100 100 100 196 100 196 196 196 196 100 44 252 252 190 254 222 190 222 254 126 222 190 252 252 254 126 252 252 190 238 222 222 125 223 253 190 185 189 253 125 103 230 102 230 102 128 32 192 48 132 32 132 32 132 100 8 37 96 100 36 100 100 102 100 100 100 98 102 100 116 102 68 68 100 196 70 68 68 68 68 68 68 196 100 68 100 100 68 100 5 196 8 196 4 68 96 84 100 68 96 100 34 100 36 100 100 100 68 116 222 126 254 110 238 102 46 110 110 110 102 102 102 102 102 102 118 230 102 102 102 102 102 102 70 70
136 136 137 128 136 136 24 152 9 152 152 153 185 57 185 249 249 120 249 251 249 121 248 249 249 249 249 120 248 249 217 107 106 110 106 32 48 32 32 32 4 32 20 32 20 34 132 3 5 4 36 4 100 80 36 64 37 96 96 104 96 96 96 192 108 104 104 106 60 108 100 100 96 102 100 102 102 100 110 102 114 102 230 102 100 102 68 100 116 100 100 100 100 100 100 100 100 100 100 116 100 100 116 100 68 100 102 100 100 196 100 196 196 196 68 44 252 220 252 254 252 222 238 254 246 252 220 252 252 254 252 238 252 238 246 238 247 215 253 127 217 189 181 253 253 229 102 230 102 230 32 136 36 192 96 132 32 132 32 5 36 4 52 96 100 52 100 100 100 100 100 102 98 100 100 100 100 100 196 68 84 68 68 70 68 70 70 68 196 100 68 100 100 68 68 68 196 2 68 4 68 96 196 100 70 112 102 32 100 36 100 100 116 68 126 254 110 238 110 110 110 46 110 110 102 102 102 102 102 118 230 102 102 102 102 102 102 102 70 70
136 152 128 136 140 8 152 24 152 153 152 153 57 153 185 217 249 249 248 121 249 185 249 249 249 217 249 249 248 249 121 43 110 106 106 40 32 34 32 128 32 4 32 84 32 132 10 4 0 5 132 37 68 100 64 36 64 32 96 96 104 104 96 100 106 104 104 124 110 108 100 100 116 104 102 100 102 102 102 118 102 226 102 102 102 100 102 68 102 100 100 100 102 116 100 116 100 100 100 100 100 100 116 100 100 68 100 102 100 100 196 68 196 196 68 108 252 252 252 252 254 190 254 254 254 252 244 244 220 252 254 252 238 190 238 215 174 255 255 125 255 245 185 253 249 229 228 102 230 102 128 96 136 48 192 40 133 33 5 36 68 37 1 38 96 100 37 100 100 100 100 100 102 112 100 100 100 100 100 100 68 68 68 68 70 68 70 70 68 68 100 68 100 68 68 68 68 68 2 84 36 196 100 70 116 102 96 100 32 100 36 100 100 116 254 110 174 110 102 102 110 110 110 46 102 102 102 102 118 230 102 102 102 102 102 102 102 102 70 70
136 128 168 137 10 136 25 152 152 152 153 25 153 185 153 185 249 185 249 249 249 249 185 121 185 217 249 249 249 249 121 46 106 42 106 32 96 96 0 36 64 32 4 32 6 16 4 8 132 0 5 68 36 68 100 192 33 96 33 100 104 106 96 96 106 104 108 108 108 108 100 100 116 100 96 102 100 102 86 102 230 102 98 102 102 102 100 102 68 100 102 100 116 102 116 100 100 100 100 100 100 100 100 100 100 100 68 100 100 100 70 196 100 196 68 44 252 124 252 188 254 190 254 238 222 222 252 244 252 252 252 238 252 238 223 174 247 223 127 251 253 223 253 121 125 233 228 228 102 230 96 144 32 136 32 128 34 5 34 68 36 0 38 96 52 96 100 52 100 100 100 116 116 102 96 100 100 100 100 100 68 68 68 84 70 70 70 70 84 68 70 100 68 68 68 100 68 68 84 130 68 36 68 116 70 100 100 96 100 32 100 36 100 100 126 238 102 110 102 110 110 110 102 102 102 102 102 118 230 102 102 102 102 102 102 102 102 102 70 70
128 140 136 8 137 8 152 153 152 152 25 153 153 153 185 153 185 121 249 217 249 249 120 185 217 249 249 249 249 121 249 106 42 110 42 112 32 100 48 8 96 16 96 132 18 6 8 36 1 68 0 132 100 36 68 96 96 33 96 33 104 108 96 96 120 40 108 100 108 110 100 100 100 100 116 112 102 116 102 196 102 102 102 106 102 102 102 100 100 68 100 100 100 116 102 100 102 100 100 100 100 102 100 100 100 100 100 68 100 116 196 68 196 100 100 108 124 252 244 252 190 252 252 254 238 190 246 252 252 252 220 252 110 191 238 247 172 253 239 251 255 253 127 221 121 237 228 228 228 102 224 96 128 32 129 48 5 98 68 32 128 36 64 36 96 52 96 100 52 100 100 100 116 100 100 98 116 116 116 100 100 100 68 68 68 102 70 86 198 68 102 68 84 68 68 68 84 68 68 68 2 196 100 68 102 68 100 116 96 100 33 116 38 102 174 110 110 102 110 110 110 110 102 102 102 102 118 230 102 102 102 102 102 102 102 102 102 102 70 70
128 137 8 152 9 136 152 152 153 24 153 153 153 153 153 185 57 249 185 249 248 248 185 217 249 249 249 121 249 121 121 106 46 42 112 46 96 32 68 32 64 104 2 0 132 8 36 16 4 2 4 2 132 68 38 80 96 96 33 104 104 106 96 96 40 104 108 108 44 44 100 100 100 100 100 84 120 102 100 102 68 102 110 102 98 102 102 100 100 102 68 100 100 102 116 102 100 100 100 100 100 102 100 102 116 100 100 100 68 100 68 196 84 84 116 108 124 244 244 252 252 222 252 238 246 214 190 252 252 252 252 220 255 174 255 174 252 236 239 254 255 247 189 126 245 173 244 228 228 228 100 224 32 132 48 129 32 4 96 64 32 32 36 64 36 96 36 96 100 36 100 100 100 100 100 116 98 116 116 100 100 100 84 68 68 68 86 198 70 70 68 68 68 68 68 68 100 70 68 70 196 64 84 100 84 100 100 100 100 96 116 33 116 174 110 110 102 110 102 110 110 110 102 102 102 86 230 102 102 102 102 102 102 102 102 102 102 102 70 70
1 9 140 136 136 136 152 156 24 153 153 153 153 153 153 57 185 185 217 249 249 248 217 121 249 249 121 249 121 249 120 110 46 114 42 96 33 96 32 64 32 80 0 8 1 132 128 100 0 4 2 132 0 36 88 38 64 96 96 40 106 106 96 104 104 104 44 108 44 36 36 100 100 100 102 100 116 112 102 102 102 76 102 102 102 98 102 100 100 100 100 68 100 118 102 100 100 100 100 116 100 100 102 116 102 100 100 100 100 84 68 100 196 84 84 60 124 60 244 252 244 252 254 252 238 254 188 254 124 252 252 252 238 255 174 124 230 108 252 253 255 251 110 253 126 244 173 100 228 228 228 96 129 32 132 32 8 33 32 96 2 34 8 36 64 38 96 36 96 100 52 116 100 100 102 100 116 98 116 100 100 100 100 68 84 196 196 70 70 70 68 100 68 196 68 68 196 68 70 196 68 68 66 84 116 84 100 100 100 116 96 116 49 110 46 102 110 102 110 110 110 110 102 102 118 230 70 102 102 102 102 102 102 102 102 102 102 102 70 70
64 8 168 140 136 152 152 152 156 153 153 153 153 153 25 185 185 153 249 121 249 185 249 121 217 249 248 121 217 57 249 110 82 46 96 32 96 33 192 40 64 40 0 16 0 0 5 128 20 32 132 1 4 4 36 72 36 64 96 40 106 106 40 120 104 104 124 44 36 36 100 36 100 100 116 100 116 118 112 102 102 102 84 102 102 102 98 100 100 100 100 100 70 100 102 100 100 100 100 102 100 100 116 102 100 102 100 102 100 100 68 68 70 196 84 126 60 116 60 212 252 252 252 252 254 126 252 220 246 188 188 252 255 238 124 238 108 236 252 253 255 255 251 126 253 126 100 164 100 228 228 224 32 128 32 16 48 32 32 32 32 24 40 8 37 80 36 104 52 96 100 116 100 100 116 116 100 116 98 100 100 102 102 68 196 68 196 68 70 70 68 68 68 100 196 196 68 196 196 68 100 68 84 66 84 116 196 100 100 100 116 96 100 46 102 46 102 110 110 110 110 110 102 118 230 102 102 70 102 102 102 102 102 102 102 102 102 102 70 70
0 12 137 140 136 153 152 152 153 157 153 153 153 25 153 185 153 57 217 248 249 217 249 249 249 249 249 249 121 217 57 106 110 96 40 96 34 72 40 192 40 32 0 1 2 0 32 132 136 20 128 4 0 4 0 36 64 32 68 104 106 106 40 104 120 104 108 36 100 36 36 100 37 116 100 116 100 116 118 96 102 118 102 68 102 102 102 96 100 100 100 100 100 70 100 100 100 100 100 100 100 100 100 100 102 100 102 100 100 116 196 100 196 68 196 126 118 60 84 60 252 252 244 252 246 254 126 252 220 254 60 252 254 238 238 108 252 236 252 125 191 255 191 247 94 253 100 100 228 100 228 224 192 32 64 32 8 34 32 33 128 40 9 32 64 37 192 36 108 38 112 100 100 100 100 116 116 116 116 96 100 100 102 68 68 196 68 70 68 70 68 196 100 100 196 228 196 68 196 68 84 68 68 84 74 84 100 84 100 100 102 102 104 102 46 102 46 110 110 110 110 110 118 230 102 102 102 102 70 102 102 102 102 102 102 102 102 102 102 70
4 8 132 136 137 152 153 152 153 153 157 153 25 153 153 153 25 153 249 249 217 249 249 217 249 249 121 121 249 121 168 110 106 104 104 40 72 40 68 40 34 0 8 0 16 2 0 8 4 136 6 128 132 1 4 0 32 80 32 104 106 106 108 104 104 104 110 100 52 36 38 36 100 53 116 100 116 100 84 102 114 102 102 102 70 102 102 116 100 116 100 100 100 100 68 116 100 100 102 100 100 100 100 100 100 102 100 100 100 102 100 228 196 212 68 230 126 86 61 124 244 252 252 244 252 254 126 222 252 252 246 252 254 110 238 228 236 252 252 125 251 189 247 175 253 126 100 100 100 228 116 224 224 80 48 0 32 16 32 1 96 9 96 1 48 64 36 80 36 80 38 96 100 100 100 100 116 116 116 100 100 100 100 70 68 68 68 68 70 68 68 68 68 116 100 196 228 196 68 68 68 68 68 68 84 78 84 102 68 100 100 110 102 108 102 46 110 110 110 102 110 118 230 102 102 102 102 102 102 70 102 102 102 102 102 102 102 102 102 70
32 4 8 136 136 153 152 153 153 153 153 29 153 153 153 25 153 153 249 249 249 121 249 121 249 249 248 57 121 249 104 106 106 104 106 72 40 192 40 40 32 32 32 128 128 0 2 0 12 132 128 4 2 4 0 2 2 32 72 104 106 110 40 120 104 120 108 102 100 37 52 100 36 100 49 116 100 116 100 84 102 98 102 102 102 70 118 102 116 100 100 100 116 116 100 70 100 100 100 100 100 116 100 102 100 100 100 100 100 100 100 100 196 196 196 92 244 127 126 117 124 252 188 252 252 126 254 246 252 252 252 254 254 238 230 108 236 124 252 253 189 243 157 221 255 253 102 100 100 100 228 112 232 224 64 40 2 32 128 32 65 96 1 32 1 32 192 36 80 36 96 36 96 102 100 100 100 84 116 100 100 100 116 68 100 196 68 100 68 196 68 68 84 68 100 100 228 196 68 68 196 68 68 84 68 84 78 70 100 68 100 102 110 102 108 110 110 110 110 110 118 236 102 102 102 102 102 102 102 102 70 102 102 102 102 102 102 102 102 70
32 0 8 136 136 152 153 153 153 153 25 153 157 153 25 153 153 153 249 217 249 249 89 249 249 249 121 121 121 121 108 106 106 106 104 40 68 40 44 33 32 32 2 0 8 0 32 32 4 1 4 32 20 32 4 32 32 32 104 104 110 106 104 104 56 120 108 100 100 36 37 52 100 36 100 49 116 102 116 100 68 102 98 102 102 118 102 118 102 100 100 100 100 116 116 100 84 100 100 102 100 100 100 102 100 100 100 100 100 100 102 100 68 212 196 212 220 254 111 126 117 244 252 188 244 238 254 254 246 124 124 252 254 238 238 172 108 220 188 253 241 61 255 221 249 254 100 100 102 100 100 244 224 224 96 4 32 4 32 8 34 64 48 17 34 4 32 64 52 192 36 104 36 96 100 100 100 100 84 102 100 100 100 100 100 84 84 196 68 68 70 68 84 68 68 100 100 196 70 68 196 68 68 100 86 68 70 102 70 100 68 108 102 110 110 102 110 110 102 126 174 102 100 102 102 102 102 102 102 102 102 198 102 102 102 102 102 102 102 70
64 2 10 152 140 152 153 153 153 153 153 153 153 25 153 153 153 153 153 249 185 249 249 249 249 217 249 57 121 120 104 42 106 106 104 72 42 44 36 33 40 2 64 128 0 4 8 0 1 20 0 132 33 36 32 64 32 96 104 106 106 106 104 104 124 120 108 102 100 36 100 37 36 102 38 100 57 116 102 100 100 68 102 106 102 102 118 102 102 100 100 100 100 100 84 116 116 68 100 100 100 102 100 100 100 100 100 100 100 100 100 100 68 68 212 196 220 127 126 119 126 117 252 116 189 254 254 126 254 254 124 252 254 238 238 108 236 252 252 249 221 253 249 247 253 252 102 100 116 100 100 100 224 96 104 32 5 36 8 40 96 32 64 32 132 34 64 36 192 36 64 36 112 36 100 100 100 100 102 68 100 102 100 100 100 102 84 100 100 68 68 68 68 68 68 68 100 68 84 84 68 70 68 68 100 70 102 70 102 70 100 100 124 102 110 102 110 46 62 238 102 38 102 102 102 102 102 102 102 102 230 102 70 102 102 102 102 102 102 70
16 10 156 142 156 148 153 153 153 153 153 153 25 153 153 153 153 153 153 185 249 249 249 121 121 249 249 249 120 121 40 106 106 106 106 104 44 36 32 32 0 66 0 0 0 4 1 0 32 1 4 32 6 40 8 32 66 32 108 106 106 106 104 106 120 60 108 100 100 100 38 36 36 36 100 36 116 57 100 100 100 116 78 102 98 118 102 102 102 102 102 100 100 100 100 84 116 116 196 100 100 100 100 100 100 100 100 100 100 100 100 100 68 68 70 212 220 254 63 126 119 126 117 252 252 253 254 222 190 254 190 252 246 238 230 236 236 220 188 253 253 189 253 217 223 249 100 100 116 116 116 100 96 112 96 128 32 32 40 32 40 64 32 16 36 64 96 64 36 64 38 192 52 100 36 102 100 100 100 116 68 100 116 100 100 116 102 68 116 68 100 68 68 100 68 68 68 100 100 84 68 100 68 68 84 116 70 102 70 102 68 100 116 108 102 110 110 62 238 110 102 102 38 102 102 102 102 102 102 230 102 102 102 70 102 102 102 102 102 70
0 156 143 156 150 152 157 153 153 153 153 153 153 153 153 153 153 153 153 185 249 121 248 217 121 249 248 249 248 88 108 106 106 106 110 120 37 32 32 0 128 0 32 32 0 0 0 128 128 16 0 4 40 136 32 8 32 64 104 106 110 106 110 88 58 44 108 116 100 100 36 36 52 36 100 100 36 100 40 100 100 100 102 198 118 98 102 102 102 102 102 100 116 100 100 100 86 116 100 68 116 116 100 100 100 102 100 100 102 100 100 100 68 68 212 70 220 253 222 126 62 119 126 221 124 252 255 252 190 62 244 190 252 228 238 236 228 244 252 253 221 253 253 253 249 255 104 100 100 116 116 100 98 96 98 34 8 96 40 40 8 32 0 32 32 36 80 96 68 36 192 36 192 100 100 36 100 102 100 100 100 100 100 100 100 100 100 100 196 100 68 68 68 196 68 68 196 68 100 102 68 100 68 100 68 84 100 70 102 70 100 70 100 100 100 110 126 110 110 110 102 102 102 38 102 102 102 102 228 102 102 102 102 102 70 102 102 102 102 70
0 132 156 215 152 158 153 157 153 153 153 153 153 153 153 153 153 153 153 185 249 121 249 249 249 249 249 248 249 120 104 110 106 110 122 110 36 48 8 0 8 8 32 128 0 4 8 32 8 136 1 0 24 48 8 32 4 96 104 110 106 110 90 126 108 44 100 124 100 100 37 100 36 36 36 100 102 36 100 36 100 116 228 118 198 102 98 102 102 102 102 100 100 100 100 100 100 86 100 100 68 116 100 102 100 116 102 100 100 100 100 100 68 68 68 220 158 220 191 254 103 63 254 126 253 252 188 255 94 244 54 252 238 236 236 236 228 228 252 189 253 252 249 253 253 217 108 98 100 100 118 100 100 98 96 8 32 136 40 8 33 64 32 0 48 64 36 72 98 66 36 192 36 64 100 100 36 100 100 100 100 100 116 100 100 100 100 100 100 68 68 100 68 68 68 68 68 70 68 100 100 196 100 68 84 70 100 100 70 102 70 100 84 100 100 126 110 110 110 110 102 102 102 102 38 102 102 230 102 100 102 102 102 102 102 70 102 102 102 198
0 32 212 156 223 153 143 153 157 153 153 153 153 153 153 153 153 153 153 185 185 249 249 217 185 249 248 249 248 249 104 106 110 122 110 110 34 4 64 8 8 8 1 1 1 32 64 24 8 64 32 128 16 10 33 0 32 0 104 106 110 122 126 126 100 100 44 100 100 100 100 36 36 38 36 52 100 116 38 100 36 102 84 228 102 70 102 106 102 102 102 100 100 100 102 100 100 100 68 100 102 68 100 100 116 100 100 102 100 100 100 100 68 84 70 220 220 158 252 253 126 254 63 191 254 253 252 190 251 94 252 254 236 252 236 236 228 228 252 125 253 249 253 253 221 221 120 100 112 100 102 100 100 96 98 33 8 42 9 40 64 34 16 40 128 34 192 96 72 102 64 36 96 36 64 100 100 36 100 100 102 100 116 100 116 100 100 116 100 68 68 68 68 68 84 100 68 70 68 84 100 100 70 68 196 100 68 102 100 70 102 68 100 68 100 110 110 110 110 102 102 102 102 102 102 38 230 102 102 102 100 102 102 102 102 102 198 102 228 102
32 128 32 212 157 207 153 159 153 149 153 153 153 153 153 153 153 153 153 185 185 249 185 248 249 249 249 252 249 248 104 110 58 110 110 110 4 16 8 40 24 8 8 3 4 2 0 74 32 0 8 64 128 97 0 32 2 32 120 110 126 126 118 62 100 100 100 36 100 100 100 36 36 38 36 36 52 116 100 36 100 20 102 68 102 102 78 102 106 102 102 100 100 100 100 100 100 100 100 68 100 100 68 100 100 100 100 100 100 102 100 100 68 68 220 158 220 244 254 252 191 127 247 222 247 126 253 249 222 255 252 244 252 172 236 236 228 228 252 253 221 253 253 245 252 220 189 114 100 96 100 100 100 96 97 0 40 11 40 64 34 16 35 128 36 192 32 80 98 96 100 72 37 64 37 64 100 100 52 100 100 116 100 116 100 100 116 100 100 68 68 84 68 68 68 196 68 68 84 68 68 100 70 70 68 68 100 68 102 100 70 100 68 116 68 110 110 110 110 102 102 102 102 102 102 228 39 102 102 102 102 100 102 102 102 230 102 198 102 100
1 33 192 96 205 153 223 153 147 153 157 153 153 153 153 153 153 153 153 57 185 185 216 249 217 249 185 121 188 249 104 122 110 110 110 110 4 4 12 8 40 24 32 6 2 0 3 96 16 8 0 32 66 0 33 0 34 16 104 126 110 126 126 100 100 116 100 100 36 100 100 36 37 100 36 38 36 52 116 100 36 100 4 102 68 110 102 70 102 98 102 100 100 100 100 100 100 100 102 100 68 100 100 68 100 100 102 100 102 100 116 100 196 68 220 220 158 220 220 254 119 255 127 215 158 127 251 253 223 238 254 252 252 108 236 236 228 228 252 253 221 252 125 253 252 252 112 189 96 100 104 100 100 96 96 33 136 42 8 96 24 34 132 48 128 96 68 32 192 112 96 100 96 101 64 36 68 100 100 36 100 100 84 100 100 100 100 100 100 68 70 68 68 100 68 196 68 100 70 70 196 68 68 102 68 68 70 100 68 102 116 68 100 68 100 110 102 110 102 102 102 102 102 102 230 102 100 38 102 102 102 102 100 102 230 102 230 102 70 100
32 0 36 208 200 157 153 215 153 155 153 157 153 153 153 153 153 153 25 185 185 152 249 216 121 249 121 185 185 188 56 102 102 46 110 110 36 4 9 10 8 32 64 64 0 6 100 1 112 32 1 0 64 1 16 34 16 34 120 110 126 126 126 100 100 100 100 100 100 100 100 36 36 36 36 36 52 52 52 100 100 36 100 4 102 102 102 102 70 102 106 100 100 116 100 100 116 100 100 100 100 68 100 100 68 100 100 102 100 100 100 116 84 196 220 220 220 220 220 253 252 123 223 111 111 247 254 127 255 222 254 254 244 236 108 172 228 228 252 253 252 253 189 253 253 220 252 96 36 96 116 104 116 96 104 8 40 10 32 24 98 196 48 132 32 32 96 66 32 200 96 112 100 96 100 64 36 68 100 100 36 116 100 68 100 100 102 100 100 68 68 68 68 68 68 70 100 68 68 198 100 68 68 68 100 84 100 68 100 86 102 116 196 100 68 102 110 102 102 102 102 102 102 230 102 102 102 100 38 102 102 102 102 228 102 230 102 102 102 68
4 32 0 52 216 217 149 153 221 153 155 153 157 153 153 153 153 25 153 185 156 185 220 249 217 89 248 249 188 57 180 32 110 110 110 110 68 32 8 8 16 32 32 64 16 100 5 96 33 16 1 64 64 64 3 24 34 92 106 126 126 126 126 100 100 100 100 100 100 100 100 52 37 36 36 36 36 53 36 36 100 100 36 100 4 102 102 102 102 78 102 112 100 100 100 100 100 100 102 100 100 100 100 100 100 70 100 116 100 100 100 100 116 84 220 220 156 220 220 252 221 247 127 111 127 111 239 239 251 247 254 190 254 108 252 228 164 228 252 252 253 253 221 253 253 253 252 100 104 36 96 118 104 104 104 44 8 36 136 33 132 96 196 40 0 32 32 96 64 104 192 104 96 100 96 100 64 100 68 100 100 36 102 100 68 100 100 100 100 68 70 68 68 68 68 116 68 70 68 116 68 196 84 68 68 100 68 100 68 100 86 102 100 84 100 92 102 102 102 102 102 102 228 102 102 102 102 102 100 38 102 102 230 102 228 102 102 102 102 196
128 8 96 8 252 217 217 157 153 221 153 139 153 157 153 153 153 153 153 152 185 156 217 213 217 217 248 248 120 180 41 37 110 110 46 110 100 4 136 128 40 16 32 0 64 2 96 1 8 33 64 4 72 192 25 3 28 42 126 126 110 110 94 100 100 116 100 100 100 116 100 102 100 100 36 38 36 38 36 36 36 100 116 36 100 6 102 102 110 102 86 102 98 100 100 100 100 102 100 100 100 100 102 116 100 100 68 100 100 100 102 116 100 116 220 220 220 156 220 220 249 221 251 127 111 239 111 255 247 251 254 254 254 252 236 228 228 180 252 124 245 221 221 253 253 253 253 108 100 96 36 120 104 104 108 8 52 12 32 128 48 132 96 0 96 2 40 34 96 192 120 112 96 96 102 100 100 68 100 68 100 102 36 100 100 68 100 100 100 196 196 68 68 68 68 68 68 100 100 70 68 68 196 68 68 68 102 68 100 68 100 70 100 100 86 100 68 102 102 102 102 230 102 100 102 102 102 102 102 100 38 230 102 230 102 100 102 102 230 68
2 64 8 104 216 253 217 217 157 153 221 153 155 153 157 153 153 153 152 153 152 185 221 217 217 217 248 252 248 120 37 40 102 110 110 102 100 0 132 9 32 40 0 128 2 96 2 128 1 32 4 64 64 88 201 28 11 62 126 126 110 62 110 100 102 100 100 100 100 100 100 100 100 100 36 36 38 36 36 36 36 36 100 100 36 100 6 110 102 118 102 70 102 98 100 100 100 100 100 100 100 100 116 102 116 116 100 100 100 100 116 102 116 100 252 220 220 156 220 220 221 249 127 247 239 111 255 247 253 254 247 222 252 252 236 228 244 228 252 220 124 253 221 125 125 253 253 100 100 100 96 100 106 104 104 36 10 32 0 32 192 96 8 96 0 42 42 112 34 96 240 122 96 104 96 100 116 100 68 100 68 100 100 36 100 100 68 100 100 68 196 196 68 68 68 68 100 84 100 68 100 68 68 84 196 70 68 100 196 100 100 100 68 102 100 68 100 68 102 102 230 102 102 102 100 102 102 102 102 102 228 39 102 102 102 102 100 230 102 70
66 0 200 72 248 217 189 217 153 157 153 221 153 139 153 157 153 152 153 152 153 153 217 217 217 216 249 248 244 248 40 36 40 110 110 102 100 4 0 8 12 64 128 64 96 6 129 16 64 16 0 2 64 74 88 201 62 123 126 126 126 110 110 102 100 100 100 100 100 100 100 100 100 100 36 37 37 36 36 100 36 100 100 100 100 36 108 102 86 102 102 102 70 102 96 100 100 100 100 100 100 100 100 116 102 116 100 102 116 100 100 116 102 116 252 252 220 212 220 220 221 252 127 127 239 223 247 254 223 255 254 254 222 252 236 228 228 116 124 252 252 221 252 253 125 252 189 100 116 100 100 96 120 104 108 8 32 16 33 64 96 72 112 0 36 42 116 42 104 34 96 112 104 96 98 96 102 100 100 196 102 68 100 116 36 100 116 68 100 68 68 196 68 68 68 100 68 100 68 100 100 196 196 68 68 68 100 68 102 68 100 116 116 68 116 100 68 100 68 230 102 102 102 102 102 100 102 102 102 230 102 100 38 102 102 102 102 100 102 70
4 64 72 200 216 249 217 189 217 153 153 153 205 153 139 153 156 153 152 153 153 153 217 217 217 153 248 248 252 252 40 40 44 46 110 102 116 1 16 10 1 4 64 8 66 145 64 161 24 66 16 64 2 88 74 88 249 118 119 110 110 110 110 102 100 100 100 100 100 100 100 116 100 100 38 37 36 37 36 52 100 38 100 102 100 102 100 116 102 70 102 102 102 102 116 96 100 100 100 100 100 100 100 100 116 102 100 118 102 100 100 100 116 102 252 252 252 220 220 220 220 245 191 251 127 223 223 191 239 127 253 254 254 246 236 100 228 244 124 252 244 244 253 245 253 253 100 116 100 100 100 112 108 106 104 34 16 40 8 32 192 104 8 32 2 116 42 104 42 96 36 96 100 96 104 98 96 100 100 100 100 100 68 100 100 100 100 116 68 84 68 100 100 68 70 68 116 70 100 100 100 68 196 68 68 68 68 100 196 100 68 100 116 84 68 116 100 84 100 68 102 102 102 102 102 102 100 102 230 102 102 102 116 38 102 102 102 102 116 70
1 16 72 204 216 217 249 217 189 217 153 137 153 204 153 158 153 156 153 153 153 153 216 217 217 216 249 252 252 252 56 42 60 46 110 118 102 24 17 9 4 4 32 68 145 66 193 1 161 17 66 4 88 202 88 26 124 185 126 110 110 110 102 102 100 100 100 100 100 100 100 100 100 100 101 36 33 36 100 37 36 100 38 100 102 100 100 100 100 102 70 102 102 118 102 100 96 100 102 100 100 100 100 100 100 100 102 102 102 100 100 100 100 124 190 220 252 188 220 220 212 220 251 251 127 254 255 239 127 223 255 247 254 254 100 244 100 228 252 188 220 244 245 125 253 253 116 100 100 100 100 100 104 104 106 16 34 8 33 0 32 88 32 1 116 3 106 42 96 48 112 36 100 100 96 96 96 104 116 102 100 100 100 84 116 102 100 116 84 68 68 68 100 68 196 68 68 100 196 116 100 70 84 68 100 68 84 70 100 100 100 68 100 116 84 68 116 102 68 100 68 102 102 102 102 102 102 228 102 102 102 118 102 100 38 102 102 118 102 196
64 9 104 136 156 217 153 185 217 189 201 153 137 153 220 153 156 153 149 153 153 152 217 217 217 217 248 253 124 252 236 60 46 110 126 102 94 118 136 8 64 0 4 64 68 129 64 137 1 32 4 64 76 216 218 92 58 124 253 110 110 46 102 102 102 100 100 100 102 100 100 100 100 100 100 33 36 32 38 36 38 100 100 38 100 100 100 102 100 100 102 70 118 102 102 116 116 96 100 100 100 100 100 100 116 100 100 102 102 116 100 100 100 124 220 254 252 220 252 220 156 212 255 247 255 254 251 255 127 247 247 253 254 254 244 100 228 100 252 212 252 220 244 245 253 253 253 100 100 100 100 100 106 104 124 106 8 36 32 32 0 32 4 96 1 104 42 104 33 112 16 96 100 100 98 98 96 96 106 100 100 116 100 100 84 116 100 102 116 68 68 100 68 68 68 68 68 68 100 228 100 84 102 84 68 70 70 100 68 102 100 100 68 100 116 84 68 100 100 68 100 70 102 102 102 102 230 102 100 102 102 102 102 102 100 38 118 102 230 84
32 8 8 137 152 157 217 153 185 201 153 137 153 152 153 220 153 149 153 157 152 153 217 217 217 217 249 220 245 252 124 228 110 62 110 126 118 222 8 16 32 0 8 4 66 66 161 9 4 0 16 5 72 220 220 154 116 126 124 110 110 102 38 102 102 100 100 100 100 100 100 100 100 100 102 36 34 36 32 38 100 37 100 100 36 100 102 100 100 100 100 118 70 102 118 102 116 102 96 100 100 100 100 100 100 100 100 100 118 102 100 100 100 92 252 244 246 252 156 252 212 156 247 254 127 239 253 251 255 127 239 255 191 126 190 228 102 228 244 188 220 252 156 244 253 249 221 100 100 100 102 100 120 104 104 40 32 0 36 2 48 1 96 0 100 40 104 41 96 49 96 16 96 100 96 98 96 96 116 104 100 102 100 100 100 86 100 116 102 196 196 68 70 68 68 68 68 68 68 100 100 100 84 102 68 196 102 68 100 68 100 116 102 68 100 116 68 68 100 100 84 100 70 102 102 230 102 102 102 102 102 102 102 102 102 116 38 230 118 230
0 8 136 140 153 153 153 217 137 153 201 153 152 153 152 153 213 153 157 152 157 153 217 216 217 217 217 253 220 253 252 108 126 110 118 94 254 126 16 24 4 0 0 1 4 227 0 128 8 64 0 0 68 220 220 116 155 126 110 110 110 102 102 38 102 100 100 100 100 100 100 100 102 102 100 34 52 32 36 104 36 116 36 116 116 36 102 100 100 100 100 100 102 86 102 118 102 116 100 96 116 100 100 116 100 100 100 102 100 102 100 100 100 92 252 220 188 254 252 220 252 212 156 253 255 127 127 253 191 255 255 255 126 159 228 230 228 100 228 220 252 220 244 156 253 249 221 68 100 100 100 116 124 104 104 32 64 32 8 48 2 33 4 96 2 104 40 100 97 98 52 112 8 100 96 96 96 96 96 100 98 100 100 100 100 116 84 100 228 68 196 196 68 100 70 100 68 84 70 84 100 100 100 68 68 84 68 100 70 102 68 102 100 100 68 102 68 84 68 102 102 70 116 70 230 102 102 102 102 102 102 102 102 102 118 102 228 54 230 102
0 8 137 136 157 153 153 153 153 137 153 216 153 152 153 145 153 213 152 149 153 157 217 217 153 217 217 157 253 252 221 124 110 62 110 254 94 238 94 8 4 16 1 1 1 4 136 2 0 4 4 128 1 220 220 220 126 223 110 110 110 102 102 102 38 100 100 100 100 100 100 100 100 102 102 20 38 36 32 36 96 38 116 52 118 100 100 116 100 116 100 100 116 102 86 102 118 102 100 102 96 100 100 100 100 100 102 100 102 100 100 116 100 124 220 252 252 244 190 124 156 188 220 253 255 254 251 255 255 239 247 255 223 228 134 228 244 100 100 220 220 252 220 252 189 253 189 196 68 100 100 100 92 108 104 68 32 8 34 8 33 64 32 128 120 40 96 32 96 116 98 52 96 2 96 96 98 98 96 96 100 100 116 100 100 100 116 68 100 196 68 212 68 68 100 68 68 100 84 70 68 100 100 68 68 68 68 196 116 198 102 68 102 100 100 68 68 68 68 84 102 118 102 228 70 102 102 102 102 102 102 102 102 118 102 230 102 228 38 102
16 8 136 137 153 157 153 153 137 153 152 153 152 153 145 153 145 153 213 152 157 153 221 216 217 216 217 213 253 221 252 245 118 102 254 126 238 94 238 132 0 132 0 1 1 0 0 64 0 128 16 2 132 157 220 156 207 126 110 110 110 102 102 102 100 36 100 100 116 100 100 100 100 100 118 102 4 32 52 32 36 112 38 116 52 100 100 100 116 102 102 100 100 116 102 70 102 102 102 100 100 96 100 100 100 100 100 102 102 100 100 100 116 124 252 252 252 252 92 188 252 156 252 221 223 127 254 255 251 239 239 254 254 198 244 132 100 100 100 220 220 220 252 252 253 181 196 132 84 68 100 100 108 108 100 112 2 32 8 32 4 33 4 96 40 112 48 96 32 96 84 98 32 98 16 96 96 98 112 96 96 102 100 100 100 100 100 100 68 68 196 68 68 100 68 70 68 196 100 68 68 68 100 68 68 70 68 68 196 100 70 102 196 102 116 70 100 68 196 70 84 102 230 102 100 70 102 102 102 102 102 102 118 102 230 102 230 102 100 38
4 136 140 153 153 153 157 137 153 152 153 152 153 209 153 145 153 145 153 157 153 157 217 221 216 217 216 217 157 245 189 252 245 238 110 254 94 238 206 4 196 128 32 1 16 16 8 128 8 128 128 133 64 156 157 204 254 175 110 110 110 102 102 102 102 102 38 116 100 100 116 100 100 100 100 102 48 4 32 36 36 52 112 39 100 100 100 102 100 100 102 100 100 100 100 102 102 102 102 100 116 100 100 100 102 100 100 100 102 100 100 116 100 126 252 220 244 252 188 252 188 244 220 253 127 254 254 251 127 175 239 255 222 244 196 100 4 100 100 252 220 220 252 188 245 140 132 100 132 84 68 100 108 108 102 100 33 16 34 64 48 4 32 8 96 40 96 32 96 32 96 64 98 48 98 0 96 116 98 96 96 112 100 100 116 100 100 100 84 100 68 68 100 84 68 68 70 100 68 70 68 68 68 70 68 68 84 68 68 68 100 198 102 84 102 100 68 68 68 84 70 196 102 102 102 102 70 102 102 102 102 118 102 230 102 228 102 102 102 16
4 140 136 157 153 153 137 153 156 153 152 153 153 153 209 153 145 153 153 153 157 153 221 217 221 216 217 217 213 157 252 189 252 238 254 126 190 206 206 196 4 0 8 4 1 1 0 12 160 0 128 0 132 220 140 220 239 110 110 110 110 102 102 102 102 102 116 38 116 100 100 102 100 100 100 118 70 32 132 32 37 33 53 96 36 100 100 100 100 100 100 100 100 100 100 116 102 102 102 100 116 100 100 100 102 100 100 100 100 100 102 100 116 252 246 252 220 252 252 188 244 60 252 253 239 127 191 191 127 235 251 127 239 222 228 84 100 4 100 252 252 220 124 244 188 132 4 133 68 132 100 68 108 108 100 100 0 33 64 33 68 34 128 32 40 112 34 96 32 98 32 104 88 98 32 96 8 96 104 96 98 104 96 116 100 102 100 100 100 196 68 68 68 100 196 68 100 68 70 68 68 68 100 68 84 68 68 68 100 68 68 102 214 102 68 102 68 68 84 196 196 70 100 102 102 102 102 70 102 102 86 102 102 102 228 102 100 102 86 102
32 136 132 153 157 137 153 152 153 156 153 153 153 145 153 208 153 153 153 153 153 157 217 221 216 221 153 217 217 212 189 252 221 238 126 254 142 204 204 196 2 8 64 64 64 2 64 16 0 160 64 192 8 140 220 220 174 102 110 110 110 102 102 102 102 118 102 116 38 102 100 100 100 100 100 100 102 4 32 4 32 37 32 52 98 36 100 100 100 100 102 100 100 102 100 116 100 102 102 100 116 102 100 100 100 100 102 100 100 102 100 100 100 116 124 246 220 252 124 244 156 252 252 253 127 191 191 123 254 251 254 255 127 238 212 228 196 100 132 244 252 188 252 124 196 20 148 68 133 68 132 100 124 110 100 100 32 8 97 68 32 192 32 0 32 40 96 32 96 33 96 104 108 72 96 32 96 8 96 96 104 96 98 104 100 100 100 100 100 68 68 68 68 196 68 68 68 68 68 68 70 68 68 68 68 68 68 196 70 68 68 212 102 70 102 68 68 68 70 68 196 100 70 100 102 102 102 102 198 118 102 70 102 230 102 100 102 116 102 70
4 132 136 157 137 153 152 153 152 153 157 153 145 153 144 153 217 153 153 153 153 153 221 153 221 217 221 217 153 217 252 253 252 254 254 126 204 140 236 196 136 2 8 64 66 192 0 68 2 1 128 80 136 140 220 220 102 46 110 110 102 102 102 102 118 102 102 102 100 102 116 100 100 100 100 100 100 32 132 32 68 34 36 40 36 98 36 100 102 100 100 100 100 100 100 100 100 102 102 100 100 100 100 100 100 100 100 100 116 116 100 116 100 102 118 124 254 252 188 60 252 252 252 125 247 223 122 223 123 238 191 127 253 190 230 196 228 196 100 132 252 252 244 124 84 196 20 196 70 132 70 132 108 108 102 100 16 33 16 100 64 40 0 32 4 32 33 104 34 96 40 104 106 104 64 100 32 104 32 96 96 96 104 96 96 102 102 100 100 196 68 68 68 68 68 68 196 70 68 68 68 68 68 84 84 84 100 196 68 100 68 196 68 102 70 70 68 68 68 68 70 68 100 70 102 102 102 230 118 198 102 102 198 102 102 102 116 102 100 70
64 0 140 137 153 152 153 152 153 153 153 149 153 144 153 153 153 153 153 153 153 153 153 221 217 213 216 221 217 153 253 252 253 246 254 254 204 204 204 204 0 8 32 2 196 72 64 16 65 4 8 128 136 140 220 156 76 110 46 110 102 102 102 118 102 102 102 102 102 116 102 100 116 100 100 102 100 132 32 4 33 6 48 36 32 100 96 36 100 100 100 100 100 100 100 100 100 102 102 102 100 100 100 102 116 100 100 100 100 116 84 100 116 118 110 126 220 222 124 189 252 188 252 253 125 255 223 122 253 254 127 191 191 229 166 228 196 228 196 116 252 220 244 212 124 212 196 4 196 70 132 70 44 108 100 100 102 144 35 2 96 64 32 8 32 8 32 40 96 48 104 108 104 104 112 66 96 96 96 34 96 96 96 104 96 100 102 102 116 68 100 68 68 100 100 68 100 70 70 70 84 68 196 68 84 84 68 84 68 68 70 68 68 68 70 70 84 100 70 68 196 70 68 100 198 102 230 118 230 102 102 230 102 70 102 118 102 100 102 68
0 8 136 137 152 153 152 153 153 153 153 153 148 153 153 153 153 153 153 153 153 153 153 216 157 216 220 217 157 217 252 125 252 253 238 252 204 204 204 236 9 0 0 228 128 64 192 68 8 8 2 10 168 156 156 76 92 110 110 110 102 102 118 102 102 102 102 102 102 102 102 100 100 100 100 100 100 32 4 32 4 50 6 32 100 34 100 112 38 100 116 100 100 116 100 100 100 100 102 102 100 100 100 116 102 100 100 100 100 100 116 84 102 124 126 254 246 244 252 252 157 124 188 253 245 253 247 251 190 254 255 253 229 167 228 180 228 196 100 196 252 252 220 244 212 124 196 196 5 196 70 44 110 108 100 100 244 102 128 96 16 96 0 33 40 96 12 32 34 96 104 104 40 120 104 96 64 112 98 98 40 96 104 96 100 96 102 118 102 100 68 70 196 84 100 102 68 196 102 86 198 68 70 70 68 212 84 68 68 68 68 68 196 84 68 70 70 68 84 68 68 68 100 100 100 198 118 102 102 102 230 102 102 102 86 102 102 102 100 70
0 136 137 136 153 152 153 153 153 153 153 144 153 157 153 153 153 153 153 153 153 153 152 153 216 217 216 221 217 213 189 252 249 252 252 238 204 204 220 204 64 0 128 8 192 129 72 68 8 32 12 168 137 188 14 220 76 110 110 110 102 118 102 102 102 102 102 102 102 102 102 100 100 100 116 102 100 4 48 5 33 20 32 36 36 100 48 100 96 36 100 100 100 116 100 102 100 102 102 102 100 100 100 100 100 102 100 100 100 100 100 116 92 110 190 254 254 244 252 124 124 181 252 252 253 244 253 239 255 223 255 253 228 228 164 228 164 228 196 100 252 124 252 212 244 212 70 196 196 4 108 110 108 110 102 100 100 228 112 8 96 0 36 16 34 42 32 2 96 32 104 104 104 104 104 96 96 96 96 106 112 40 100 96 100 100 120 102 102 100 84 196 68 228 196 100 68 68 84 230 70 70 70 70 68 84 212 68 84 84 70 68 68 196 68 196 70 84 68 68 70 68 84 100 100 116 198 102 102 230 102 102 102 86 102 70 102 102 102 70
8 136 140 137 152 153 153 153 153 153 144 153 153 153 157 153 153 153 153 153 153 152 153 156 217 216 217 217 220 217 252 253 124 253 252 236 204 220 204 204 192 0 64 129 64 192 80 88 4 8 40 140 169 13 220 78 92 110 46 110 118 102 102 102 102 102 102 102 102 102 102 100 100 102 100 100 100 96 6 32 36 33 4 36 36 36 100 32 100 96 100 100 116 100 100 100 102 100 102 102 100 100 100 100 100 100 100 100 116 102 100 102 124 238 254 254 190 246 188 252 126 116 221 252 252 253 253 255 254 223 255 251 228 228 244 164 100 165 228 196 124 188 188 252 212 244 228 68 196 68 108 110 110 46 102 100 100 100 228 98 8 32 0 36 8 32 130 96 32 104 40 104 108 40 104 98 96 96 96 112 106 100 36 100 96 100 100 100 102 100 100 68 196 68 228 68 68 68 68 84 198 70 70 70 68 70 84 86 100 84 68 70 196 68 196 68 84 70 196 68 84 68 100 68 102 100 100 70 230 102 102 102 118 102 102 102 70 102 102 70
136 152 136 140 153 153 153 153 153 148 153 153 153 153 153 149 153 153 153 153 156 153 152 153 220 217 217 217 217 220 125 124 253 220 253 236 140 140 220 220 196 68 0 64 136 64 192 80 10 24 12 168 15 156 79 92 78 110 110 126 102 102 102 102 102 102 102 102 102 102 102 100 100 100 100 100 100 100 96 132 48 132 34 4 36 36 36 100 32 100 98 100 116 100 100 100 100 102 100 102 100 100 100 100 102 100 100 100 100 100 102 126 102 254 254 254 118 190 246 252 252 126 252 253 252 125 252 253 191 253 254 191 232 100 228 100 164 100 164 228 252 252 156 252 188 212 228 196 68 68 108 110 110 102 38 100 100 100 100 104 34 16 40 64 96 0 96 16 96 40 40 106 104 104 104 98 112 96 96 96 100 96 100 36 100 96 100 116 100 102 100 68 100 196 68 68 196 68 68 68 68 70 70 70 70 84 70 118 84 100 70 196 100 212 68 68 68 196 84 68 68 196 68 100 196 100 100 228 70 102 102 86 102 102 102 102 102 70 102 70
140 136 136 152 157 153 153 153 148 153 157 153 153 153 145 153 157 153 153 152 153 148 153 152 217 221 217 217 217 221 252 125 252 125 220 236 140 140 220 220 196 68 72 0 72 132 64 192 24 14 10 12 156 15 28 79 110 46 126 110 102 102 102 102 102 102 102 102 102 102 102 100 100 100 100 116 100 100 100 32 132 32 4 32 4 36 36 38 116 32 100 96 102 100 100 100 102 100 102 100 116 100 100 100 116 100 100 100 100 100 124 102 238 252 222 246 254 246 158 252 252 220 252 252 252 252 253 245 125 255 191 232 108 224 100 100 100 180 100 164 252 252 252 188 212 180 196 196 68 68 108 110 110 102 100 36 100 100 102 112 18 34 0 32 64 100 8 98 0 40 40 104 104 104 104 116 98 112 96 96 98 100 104 100 36 100 96 100 100 100 100 100 68 196 68 68 70 68 68 68 68 68 70 70 86 70 118 70 118 70 196 68 228 100 196 68 68 68 196 68 70 68 70 68 100 68 102 100 100 70 118 102 70 102 102 102 102 102 70 70
137 136 152 152 153 153 153 144 153 157 153 157 153 145 153 153 153 157 152 153 144 153 148 153 217 217 221 217 217 157 253 220 117 252 253 204 140 140 212 220 196 68 66 74 0 64 136 66 204 10 13 28 14 28 15 110 102 126 110 110 102 102 102 102 102 102 102 102 102 102 102 100 100 100 100 100 100 100 100 4 40 4 32 20 96 132 38 116 38 100 96 116 100 100 100 100 100 102 100 100 100 100 100 116 100 100 100 100 100 100 100 236 190 254 238 222 246 238 244 254 124 188 220 252 124 252 253 253 253 253 232 236 232 100 112 116 102 100 164 100 252 188 124 212 188 196 132 228 68 68 108 110 110 102 100 116 52 100 118 102 100 8 33 0 32 66 96 64 48 40 41 104 104 104 120 120 112 98 96 96 100 96 100 96 100 36 100 96 100 100 100 116 68 196 196 68 68 68 68 70 196 68 68 86 198 118 70 118 70 198 68 228 196 228 70 68 84 70 68 100 68 70 84 68 68 100 68 102 100 84 70 102 102 70 102 102 102 102 70 102
152 152 152 152 153 153 208 153 153 153 157 153 149 153 153 153 153 152 157 144 153 144 153 153 217 217 217 221 217 221 221 125 220 253 252 220 132 132 140 212 196 100 72 66 68 2 64 140 74 13 44 13 29 15 110 110 126 110 110 110 102 102 102 102 102 102 102 102 102 102 102 100 100 100 100 100 100 100 100 32 132 96 68 33 4 48 84 38 100 100 102 100 116 100 100 100 102 100 100 100 100 100 100 100 100 100 102 100 100 100 100 236 238 252 254 222 220 246 238 252 238 212 252 244 252 252 253 125 125 245 236 168 236 96 116 80 100 116 100 164 188 124 244 116 196 132 196 164 84 68 108 110 110 102 100 100 102 116 100 102 102 48 4 36 0 96 64 100 66 40 40 104 104 40 120 120 88 100 96 96 98 100 100 100 112 100 36 100 96 100 100 100 68 68 196 70 84 84 68 196 68 68 68 196 118 198 118 70 198 70 228 68 244 196 68 68 68 68 68 100 68 84 70 196 70 196 100 196 100 100 100 70 102 102 198 102 102 102 102 70
156 152 152 156 153 144 153 217 153 153 153 149 153 157 153 153 152 153 208 157 152 153 153 153 153 217 217 217 221 220 221 221 253 252 253 124 132 132 132 141 196 70 64 68 66 68 32 8 15 12 13 13 141 110 110 126 110 102 110 110 102 102 102 102 102 102 102 102 102 102 102 100 100 100 100 100 100 100 116 5 32 4 96 36 33 36 48 68 36 102 100 102 100 100 100 100 100 100 100 100 100 100 100 100 100 100 100 116 100 100 100 236 220 254 126 246 206 220 246 238 252 238 212 252 252 188 252 252 93 124 228 236 232 100 96 118 208 100 100 36 52 252 124 244 196 196 132 68 164 196 44 110 110 102 100 100 116 102 100 100 118 70 96 16 96 2 98 64 104 56 40 104 106 104 120 124 120 66 112 96 100 96 100 100 102 96 100 36 100 100 102 116 68 70 196 84 198 86 68 68 100 196 70 70 196 118 198 198 70 230 68 228 100 196 196 68 68 196 68 68 68 84 212 70 228 84 196 100 68 100 100 100 70 102 102 102 102 102 102 70
153 156 152 153 148 153 153 153 217 153 145 153 157 153 157 152 153 144 153 216 149 153 153 153 153 217 217 217 213 221 217 217 125 253 244 253 36 132 133 132 164 68 100 96 196 66 32 8 12 13 13 13 12 110 126 110 110 110 110 110 102 102 102 102 102 102 102 102 102 102 102 100 100 100 116 100 100 100 100 34 132 32 4 32 38 96 4 40 68 36 102 100 102 100 100 100 100 100 100 100 102 100 100 100 100 100 102 100 102 102 100 236 244 238 252 126 222 214 220 252 236 124 238 252 252 252 252 252 252 125 108 236 236 104 100 96 118 64 100 36 36 124 252 124 196 196 68 132 84 164 110 110 110 102 100 100 116 100 100 100 100 102 64 96 16 96 2 96 106 104 41 106 104 104 120 120 124 80 70 96 100 100 96 100 100 100 96 102 37 102 118 102 68 196 70 196 84 198 84 84 68 68 68 230 70 196 70 230 230 70 228 70 244 68 196 68 68 196 68 68 100 100 84 228 68 228 68 68 100 68 100 100 100 70 102 102 102 102 102 70
152 153 156 145 153 157 153 153 153 209 153 153 153 157 152 157 148 153 153 153 216 157 153 153 153 217 217 217 217 221 221 216 253 249 249 244 196 4 132 132 132 100 68 100 64 96 0 40 12 13 45 44 44 126 110 110 110 110 110 110 102 102 102 102 102 102 102 102 102 102 102 100 100 100 100 116 100 100 100 164 34 36 48 4 96 38 32 4 96 68 100 102 116 100 100 100 100 100 100 100 100 100 100 100 100 100 100 102 116 102 100 228 236 244 238 126 238 222 222 252 252 236 220 254 220 252 188 244 252 124 110 236 236 124 98 100 96 100 64 36 36 124 124 252 100 196 196 68 132 68 110 110 110 102 100 100 100 100 100 100 100 100 96 96 100 1 96 2 108 104 104 104 108 40 120 120 122 116 96 68 96 100 100 96 102 116 100 113 102 52 102 102 68 70 196 68 196 84 198 84 196 84 68 84 230 70 228 102 230 230 70 244 70 196 100 70 68 70 68 84 68 100 100 68 228 68 70 68 68 100 100 100 100 100 70 102 102 102 102 70
152 152 145 156 153 153 157 153 145 153 217 153 153 153 157 148 153 157 153 152 153 217 157 153 153 217 217 217 217 217 157 221 249 245 249 249 228 148 20 132 4 5 100 68 112 68 32 8 12 13 36 44 44 110 110 102 46 110 110 110 102 102 102 102 102 102 102 102 102 102 102 100 116 100 100 100 100 100 102 96 36 32 68 32 4 32 4 34 20 96 70 116 102 100 100 100 100 100 100 100 100 100 102 116 100 100 100 116 102 102 100 100 100 108 222 110 126 238 254 126 252 252 252 220 254 124 212 189 252 252 236 236 236 228 100 100 100 112 100 2 36 126 124 124 228 68 196 196 70 20 110 110 110 102 100 116 100 100 100 100 100 116 96 96 96 96 0 108 104 106 104 106 120 108 56 124 124 122 100 98 68 96 100 100 120 102 116 100 112 102 52 102 70 228 68 212 68 196 84 198 84 196 84 100 68 230 102 228 102 230 246 70 212 68 68 84 70 68 68 84 70 68 100 100 84 84 68 196 196 68 100 100 100 100 100 70 102 102 102 70
152 144 152 153 157 153 153 149 153 153 153 217 153 153 148 153 157 153 156 153 153 153 217 157 153 217 217 217 216 217 221 221 125 249 249 121 240 100 132 132 4 4 4 116 68 96 0 136 4 4 12 44 44 110 110 110 110 110 110 110 102 102 102 102 102 102 102 102 102 102 102 100 100 100 100 100 100 100 100 100 32 4 32 20 32 4 40 20 34 5 112 70 102 100 116 100 100 100 100 116 102 100 116 102 100 100 100 102 100 102 100 116 102 108 110 126 236 254 246 252 254 244 252 252 252 254 124 220 252 124 236 236 236 228 116 116 100 100 96 36 34 116 126 124 116 196 68 196 86 70 110 46 110 102 100 100 100 100 100 116 100 102 98 104 96 96 96 104 108 104 42 120 106 120 116 124 60 124 98 100 112 100 96 100 100 116 102 116 100 112 102 36 230 100 196 68 196 68 196 84 198 84 196 100 100 84 230 102 228 118 230 214 70 68 196 70 100 68 68 84 68 68 100 100 100 84 70 68 196 70 68 100 100 100 100 102 70 102 102 70
144 152 152 153 153 149 145 153 157 153 153 153 217 152 153 157 153 156 153 157 153 153 153 217 157 217 217 216 217 217 221 213 253 253 185 121 121 224 4 132 4 6 4 4 100 64 0 64 8 4 4 36 36 110 110 110 110 110 110 110 102 102 102 102 102 102 102 102 102 102 102 100 100 100 100 100 116 100 100 100 132 34 4 96 6 32 68 40 5 48 5 104 198 116 100 116 102 100 116 102 100 100 100 100 100 100 100 100 102 100 100 100 108 110 126 238 238 238 252 252 252 254 244 252 252 244 254 220 252 252 236 236 236 228 228 116 100 100 100 32 118 34 124 110 124 68 212 84 196 110 110 110 110 102 100 100 100 100 100 100 100 100 42 112 96 98 100 104 104 104 88 106 120 122 122 124 124 92 102 98 116 98 100 100 116 100 116 102 116 100 96 102 36 228 68 196 84 212 68 196 84 198 100 68 102 100 84 102 102 228 118 230 70 196 68 102 84 70 68 68 68 84 68 100 100 100 70 68 70 68 68 68 100 100 100 100 102 70 102 70
32 152 152 153 145 153 149 153 153 157 153 153 153 217 153 153 156 153 157 153 157 153 153 153 153 213 217 217 216 217 221 221 253 245 125 249 121 104 128 5 68 6 68 4 5 80 80 4 8 16 20 4 38 110 110 110 102 110 110 102 102 102 102 102 102 102 102 102 102 102 102 116 100 116 100 100 100 100 100 100 48 68 48 4 33 20 33 4 33 1 32 68 114 230 116 100 100 100 100 100 100 100 102 116 100 100 116 102 100 100 100 100 100 126 238 174 238 254 254 244 252 244 254 252 220 252 188 126 252 252 108 236 236 228 228 228 100 102 100 100 33 126 110 116 110 84 68 212 68 46 110 110 110 102 100 100 116 102 100 100 100 100 112 42 96 100 96 120 120 104 104 120 122 122 126 126 116 92 68 118 98 116 96 102 100 118 102 116 102 100 100 96 100 100 196 84 228 84 196 68 196 100 68 100 68 100 100 68 230 102 228 102 198 68 68 84 102 68 68 68 68 100 68 68 100 102 68 70 70 68 68 68 68 100 100 102 116 102 70 70
16 184 152 145 153 145 153 157 153 153 149 153 153 153 217 152 153 157 153 157 153 157 153 153 209 153 213 217 217 217 221 217 125 253 253 125 249 104 0 4 132 68 4 4 0 5 80 8 0 24 64 132 76 110 110 102 110 110 110 102 102 102 102 102 102 102 102 102 102 102 118 102 116 116 100 100 100 100 100 116 68 49 68 48 4 41 4 49 4 48 16 32 196 82 230 100 100 100 102 100 102 100 116 102 100 100 100 100 100 116 100 100 100 238 238 238 254 254 190 254 244 252 252 190 124 252 124 252 254 124 236 172 252 228 228 228 102 100 100 100 100 103 118 110 116 110 84 196 196 110 102 110 110 102 100 100 116 100 100 100 100 100 100 96 33 112 96 120 120 104 120 122 58 110 126 126 94 116 84 68 118 98 100 100 102 100 118 102 100 100 100 100 100 102 68 196 84 228 68 196 68 68 100 68 100 100 100 100 70 230 102 228 70 68 68 68 196 68 68 68 100 68 68 100 70 100 70 68 70 70 100 68 68 68 100 84 102 100 70 70
0 152 48 156 145 153 153 153 157 209 153 157 153 153 153 217 153 153 157 153 149 153 157 145 153 217 153 221 217 217 217 217 221 221 253 253 117 104 4 32 6 6 132 64 4 2 5 4 10 2 0 192 76 102 110 102 110 110 110 102 102 102 102 102 102 102 102 102 102 118 102 86 102 116 100 116 100 100 102 100 116 68 112 70 32 4 35 132 49 4 32 0 16 100 194 100 100 100 100 102 100 100 100 100 100 100 100 100 100 102 100 100 100 238 238 254 238 254 254 246 254 252 252 126 252 124 188 252 252 252 228 108 228 228 228 228 100 100 100 102 100 116 111 86 46 116 110 100 196 102 110 46 110 102 100 100 100 100 100 100 100 100 100 112 96 33 112 88 120 120 120 122 110 110 62 126 126 94 116 84 68 102 96 100 100 102 100 102 100 102 100 100 100 100 100 68 196 84 196 100 68 70 68 100 84 100 100 100 228 70 230 102 100 68 68 68 68 84 68 196 68 68 84 68 100 70 68 70 68 102 70 196 68 100 68 100 68 102 68 198
64 24 152 176 156 153 153 153 209 157 217 153 157 153 153 153 217 153 153 149 153 157 209 149 153 153 216 217 221 153 217 217 221 213 249 252 253 102 32 20 8 196 16 4 0 5 0 64 2 64 2 0 68 78 102 110 110 110 110 102 102 102 102 102 102 102 102 102 118 102 118 102 86 102 116 100 100 100 116 100 100 116 70 98 132 40 196 33 164 32 128 0 0 2 100 192 100 100 100 102 100 100 100 100 116 102 102 100 100 100 100 100 100 174 254 238 252 254 254 254 126 222 124 252 126 244 188 252 252 188 252 228 100 228 228 244 102 100 100 100 100 100 118 111 116 38 100 100 100 204 110 110 110 102 100 102 100 100 100 100 100 100 100 100 96 96 97 120 120 120 120 126 46 126 62 126 62 126 94 116 196 100 100 96 100 100 102 116 102 100 100 100 100 100 100 100 68 196 68 100 68 68 68 68 102 70 100 100 116 228 102 102 100 68 68 196 68 196 68 68 68 68 68 100 196 68 102 68 70 68 198 68 68 68 116 196 116 100 70 68
32 88 152 152 184 149 153 145 153 217 157 217 153 157 153 153 153 217 145 153 157 145 157 209 149 153 217 217 217 213 217 217 221 221 221 253 252 100 4 32 68 0 196 2 132 1 0 2 64 66 0 2 32 102 206 110 110 110 110 102 102 102 102 102 102 102 102 118 102 118 102 118 102 86 102 100 116 100 100 100 100 100 100 198 34 132 32 133 48 129 8 16 0 100 8 100 192 116 116 100 100 100 116 100 100 100 102 100 100 116 100 102 100 238 238 254 254 254 238 254 254 62 254 124 124 62 188 252 252 220 252 228 228 100 228 228 100 100 100 100 100 116 109 86 111 100 36 100 100 108 46 110 46 102 102 100 116 100 100 100 100 100 100 116 96 96 98 121 120 122 88 126 126 30 126 62 62 126 62 94 100 68 100 102 96 100 116 102 100 100 100 100 100 100 100 100 68 68 68 68 68 84 68 196 68 102 68 100 100 100 100 102 100 68 100 68 212 100 68 68 84 68 68 68 84 68 68 70 196 70 70 196 68 68 68 116 228 102 84 196
16 56 216 152 144 185 213 153 153 153 217 157 217 153 153 153 153 153 153 153 145 157 145 157 209 157 216 217 217 217 220 217 221 221 220 125 189 100 32 132 8 196 1 132 0 16 2 80 130 72 2 36 2 168 102 110 110 110 110 102 102 102 102 102 102 102 118 102 118 102 118 102 118 102 70 100 100 100 102 100 100 100 100 100 164 96 132 34 129 32 2 12 1 8 116 8 100 192 118 100 100 100 100 100 100 100 100 116 100 116 100 100 102 238 126 126 252 190 222 254 238 190 126 238 116 252 190 252 124 252 220 228 228 228 100 228 102 116 100 100 116 100 116 109 102 100 100 37 100 108 110 46 102 39 102 102 116 100 100 100 100 102 100 100 96 96 121 122 120 120 122 126 126 110 62 126 110 54 78 126 68 100 68 100 100 96 102 100 100 116 100 100 100 102 100 102 68 68 68 70 70 84 68 68 68 84 100 196 102 100 116 100 100 100 68 100 68 68 68 196 68 68 68 68 68 68 68 196 70 68 196 68 68 196 68 68 100 116 102 68
4 26 188 216 152 145 185 221 153 153 153 217 157 217 153 153 153 153 153 209 153 145 157 145 157 152 221 217 217 217 153 213 213 221 221 253 100 36 5 32 132 2 133 32 2 4 208 2 72 10 36 2 168 34 40 110 46 110 102 102 102 102 102 102 102 86 102 118 102 86 102 118 102 102 102 68 100 100 116 102 100 100 100 100 98 228 32 129 36 32 12 4 136 0 136 100 0 100 208 100 100 100 100 100 100 100 100 102 116 100 100 100 108 126 246 254 238 214 246 126 190 126 126 94 238 220 124 126 188 252 252 196 228 228 228 102 84 102 100 100 100 116 100 100 100 100 100 100 36 108 110 102 39 102 38 118 102 100 100 100 100 100 100 100 96 96 88 89 122 120 126 126 62 126 118 126 110 78 126 78 116 68 100 68 100 116 96 100 102 100 116 100 100 100 102 102 68 100 68 68 86 102 68 84 68 68 68 100 68 100 100 100 102 100 102 196 68 68 68 68 68 68 68 68 68 68 68 70 84 68 68 68 68 68 100 68 84 100 100 68
128 180 154 188 208 153 153 185 221 153 153 153 216 157 217 153 153 153 145 153 209 153 145 157 156 157 217 221 217 217 209 153 213 217 157 252 100 5 32 4 1 197 1 0 68 2 4 76 10 36 6 172 34 40 42 46 46 110 102 102 102 102 102 102 118 102 86 102 118 102 86 102 102 102 102 100 68 100 100 100 100 102 100 100 228 100 128 48 0 4 5 8 16 136 32 128 100 128 100 192 100 100 100 100 100 116 100 116 102 100 100 100 108 238 126 254 190 110 222 246 110 246 110 126 158 238 220 252 254 220 124 228 196 228 228 116 102 68 100 100 100 116 100 102 100 102 100 100 116 110 110 103 102 38 118 38 102 100 100 100 100 100 100 100 96 96 120 88 89 122 62 118 126 126 110 126 102 118 14 126 78 116 84 100 84 100 116 112 100 100 100 116 100 100 100 102 100 100 68 84 100 70 196 68 70 68 68 196 100 196 100 100 100 102 228 68 68 68 68 68 70 100 70 68 68 68 70 86 70 100 68 68 84 196 70 68 68 100 100 68
0 192 188 146 156 216 153 153 57 221 153 152 153 217 157 217 153 145 153 145 153 209 153 156 153 153 221 217 220 217 217 209 153 221 212 253 100 32 6 0 5 3 64 4 2 4 1 12 36 3 164 38 40 42 46 46 102 102 102 102 102 102 102 118 102 118 102 86 102 102 102 70 102 102 102 100 100 68 100 116 100 116 100 100 100 228 36 136 64 128 8 0 8 16 132 48 129 100 128 100 64 100 100 100 100 100 116 100 100 116 100 100 108 126 238 254 46 254 254 206 246 110 62 254 238 222 126 252 252 238 252 100 228 196 228 244 100 102 84 100 100 102 100 100 102 100 100 100 100 110 111 102 102 118 38 102 38 100 100 102 100 100 102 100 96 96 120 120 88 63 118 62 126 126 110 110 102 110 126 78 110 78 116 212 100 212 100 116 104 100 100 102 100 100 100 102 116 100 196 68 196 196 68 68 68 68 68 68 196 100 68 102 100 228 100 84 68 196 68 68 100 102 68 68 100 68 84 70 102 68 100 70 68 68 196 70 100 68 100 68
0 64 212 188 154 156 217 25 153 185 220 153 153 153 216 149 209 153 145 153 145 153 220 153 153 153 217 221 217 221 217 217 217 217 221 116 116 4 64 20 8 80 8 1 4 64 68 68 0 164 66 40 46 46 46 102 38 102 102 102 102 102 118 102 118 102 118 102 70 102 102 102 70 102 102 100 100 102 68 100 84 100 116 100 100 100 192 0 128 4 2 8 32 9 16 132 32 129 100 32 100 66 100 100 100 100 100 100 100 100 100 100 108 238 238 238 252 254 254 254 206 94 254 254 254 254 246 246 252 252 110 228 100 228 196 228 100 116 102 68 100 100 100 100 116 100 102 100 100 111 110 102 118 102 102 102 100 36 100 116 102 116 100 100 104 96 120 122 120 118 63 62 126 126 110 46 110 62 46 110 78 126 110 118 212 100 84 100 100 96 100 100 100 100 100 116 102 100 68 196 68 196 68 68 68 100 68 68 68 68 116 84 100 100 100 100 100 68 68 68 70 100 84 68 100 68 84 100 70 100 68 70 84 68 100 100 68 100 68 196
0 0 64 216 188 154 157 217 153 152 185 221 153 152 153 216 213 209 153 145 153 153 153 221 153 153 153 217 221 217 213 217 216 217 221 221 118 64 4 192 16 136 0 0 8 4 64 68 132 0 40 42 46 46 102 38 102 102 102 102 102 118 102 118 102 118 102 102 102 70 102 102 102 70 102 100 100 100 100 68 100 84 100 100 116 100 64 129 0 8 8 4 8 32 25 8 129 40 1 100 48 100 66 116 100 100 100 116 100 102 102 100 100 238 238 254 252 254 238 238 220 126 190 190 222 190 252 254 252 252 108 102 244 100 228 196 100 100 100 100 84 100 100 100 116 100 102 100 100 110 110 118 102 102 102 102 100 100 36 116 116 102 100 100 96 40 120 120 122 121 126 127 126 110 110 110 62 110 102 46 62 110 94 236 118 84 100 68 100 116 96 100 100 102 100 100 100 100 68 68 196 68 100 68 68 68 70 68 68 100 196 116 100 116 100 100 100 68 84 68 100 68 100 68 68 68 68 84 102 68 68 84 70 68 196 100 100 68 68 68
2 0 16 216 152 181 155 157 220 153 153 185 220 153 153 153 216 209 209 153 153 153 153 153 221 153 153 217 217 221 217 221 216 217 220 213 217 68 64 0 192 4 0 8 128 0 4 64 16 4 40 46 38 102 38 102 38 102 102 102 118 102 118 102 118 102 102 102 102 102 198 102 102 102 70 100 116 100 100 100 70 102 84 100 100 116 64 1 64 8 64 136 0 40 40 1 8 129 32 64 100 96 116 66 100 100 116 100 100 102 102 100 100 174 238 238 254 190 174 254 254 190 254 222 158 188 252 252 254 252 108 244 102 100 100 228 84 100 100 100 100 68 100 100 100 102 100 100 116 110 126 110 102 102 102 102 100 100 116 100 116 100 100 102 96 120 122 120 89 106 63 126 126 110 110 126 110 110 110 62 110 126 238 110 236 118 68 100 70 102 100 96 100 100 100 100 116 100 68 68 68 196 84 68 68 100 68 196 100 68 100 196 116 100 100 100 100 68 68 68 68 100 68 68 70 100 68 68 196 68 68 84 100 196 68 70 100 84 196 84
0 64 0 152 212 152 185 142 157 221 153 152 185 220 153 152 153 216 209 217 153 153 153 153 153 221 153 217 217 217 221 217 217 216 221 220 213 64 80 72 0 0 128 4 0 2 0 1 64 32 44 102 102 38 102 38 102 38 102 118 102 118 102 118 102 102 102 102 102 228 102 70 102 102 102 84 100 102 102 102 100 70 102 100 100 100 64 64 8 64 8 64 8 40 8 8 3 32 128 32 64 116 96 100 66 100 100 100 100 100 102 100 100 238 236 254 254 238 254 254 254 254 126 252 252 190 252 252 252 252 244 108 100 100 100 116 228 196 100 100 100 100 70 100 100 100 100 100 100 126 110 110 102 102 102 102 100 100 100 116 116 102 100 100 112 120 120 122 120 111 62 127 94 110 94 110 110 110 126 110 94 238 110 238 102 236 100 84 100 198 100 100 96 100 100 100 100 100 68 68 68 100 196 84 68 196 100 70 68 100 70 100 196 100 100 102 102 68 84 68 68 100 70 68 100 68 68 196 68 70 68 196 196 68 68 100 196 102 86 196
1 128 16 208 152 220 136 157 157 153 220 153 152 153 156 153 153 216 220 217 217 153 153 153 153 153 221 153 217 217 217 221 217 217 220 221 212 80 192 64 8 2 0 32 16 16 0 128 8 64 36 36 102 102 39 102 38 102 54 102 118 102 118 102 102 102 102 102 230 102 100 102 70 102 118 102 68 100 102 102 102 100 70 100 100 100 64 64 64 8 64 8 40 12 8 4 33 128 33 64 96 64 100 104 102 96 102 100 100 100 102 100 100 236 238 254 254 246 254 254 238 254 190 222 188 220 190 188 252 188 252 100 100 100 100 100 100 228 68 102 102 100 100 68 100 100 100 100 116 110 110 110 102 102 102 102 100 100 100 116 116 100 102 100 100 120 120 120 58 126 119 110 127 30 110 110 46 62 110 126 238 46 174 110 110 100 116 116 68 100 68 100 100 96 102 100 100 100 68 68 68 196 70 196 68 196 68 68 68 68 100 68 100 68 100 102 102 68 68 68 84 68 68 68 68 68 68 196 68 84 84 196 196 68 68 68 100 84 230 196
1 0 128 144 216 152 156 153 153 156 153 220 153 152 153 157 156 217 216 221 217 217 153 153 153 153 153 213 217 216 217 216 221 217 157 220 221 212 64 80 4 16 4 1 33 0 64 2 0 128 4 36 36 103 102 102 102 118 102 54 102 118 102 102 102 102 102 230 102 102 102 100 102 70 102 102 100 68 100 102 102 102 100 68 100 100 64 64 192 96 9 24 8 24 4 4 4 33 16 33 64 96 96 102 96 102 96 100 100 100 100 100 100 236 246 246 246 254 238 246 254 254 222 190 222 60 252 182 188 252 244 102 100 100 100 100 100 100 102 68 102 100 100 100 68 100 102 100 100 110 110 110 102 102 102 102 100 102 100 100 118 102 100 100 116 124 56 120 126 127 62 95 110 47 110 110 62 110 62 238 110 175 110 110 110 100 116 116 102 70 100 196 102 100 104 100 100 100 70 68 68 68 196 68 196 68 68 100 68 68 68 100 68 100 68 100 102 68 68 68 100 70 196 196 70 68 68 68 68 68 84 68 196 84 68 68 68 100 68 212
8 0 128 132 152 216 152 157 152 153 156 153 220 153 153 156 153 220 217 217 221 217 217 153 153 153 145 153 221 217 216 217 217 221 212 217 220 221 80 64 80 4 32 2 0 32 0 1 4 0 0 20 36 100 102 102 118 102 86 102 54 102 102 102 102 102 230 102 102 102 102 102 100 102 70 102 100 100 100 100 102 102 100 100 68 100 64 64 80 96 10 9 24 1 64 68 32 4 33 128 48 64 104 98 102 96 100 96 100 100 100 102 100 228 172 246 126 222 126 174 246 238 190 214 190 126 188 188 158 252 252 100 100 100 100 100 100 100 100 102 68 100 100 100 102 68 100 100 100 110 102 110 102 102 102 102 102 100 100 100 100 102 100 102 100 124 124 56 127 126 95 62 111 110 110 110 110 62 238 110 239 110 46 46 110 100 100 116 102 102 68 100 68 100 100 96 116 100 68 84 84 84 68 196 68 68 196 100 68 70 100 68 100 68 116 68 100 68 68 68 84 196 68 212 196 68 68 196 196 68 68 196 68 196 70 70 68 68 68 196
32 0 64 192 156 152 152 152 149 152 153 156 153 221 152 153 148 217 221 217 216 220 153 217 153 145 153 153 153 221 217 153 217 221 217 220 157 220 217 80 80 64 4 8 16 8 16 4 2 4 16 2 20 36 102 86 102 118 102 86 102 38 102 102 102 230 102 102 102 102 102 102 102 100 102 70 100 100 100 116 100 102 100 100 102 68 64 192 80 64 9 8 1 16 32 68 20 33 4 32 144 40 96 100 102 100 96 102 96 100 100 102 100 100 228 172 254 126 254 246 174 222 214 190 62 190 238 156 188 252 252 100 100 100 100 100 100 100 100 100 116 100 100 100 100 100 68 100 100 102 110 102 102 102 102 102 102 100 116 100 100 100 102 100 100 124 124 124 126 119 126 111 110 110 110 110 126 110 110 175 102 110 46 110 110 100 102 100 100 102 100 70 100 68 100 116 100 100 100 68 84 84 70 100 68 68 70 84 196 100 68 100 68 100 70 100 68 100 68 68 100 70 196 68 196 84 68 68 212 68 68 68 196 68 68 70 68 196 68 68
0 32 128 80 152 156 153 144 152 157 152 153 157 153 221 144 153 221 217 213 217 216 213 153 209 153 153 153 153 153 221 217 217 217 221 221 220 221 220 217 80 64 0 64 136 16 8 1 6 32 4 22 130 36 52 102 70 102 118 102 198 102 38 102 230 102 102 102 102 102 102 102 102 102 100 102 68 116 100 100 100 116 100 100 100 68 64 80 196 68 8 9 4 33 2 4 66 68 36 16 40 32 34 100 100 100 116 112 100 96 100 102 100 100 100 236 252 254 254 238 158 254 222 62 190 238 190 126 188 124 252 100 100 102 100 100 100 102 116 100 100 100 100 116 100 102 100 68 100 108 102 102 102 102 102 102 102 100 102 102 102 100 100 100 100 124 126 92 127 126 95 110 110 110 110 126 110 46 235 102 46 110 110 110 110 102 100 100 100 100 102 100 70 100 196 100 100 100 102 84 70 84 100 68 68 100 84 70 68 68 100 68 116 70 100 196 100 68 68 68 68 196 68 196 84 196 68 68 196 84 68 68 68 68 196 68 70 68 68 100
64 1 4 132 216 152 148 153 152 152 157 153 153 157 153 221 153 217 220 216 217 217 216 213 153 217 153 153 153 153 217 217 217 217 221 221 157 220 221 220 217 80 80 2 1 136 4 2 40 4 64 192 37 0 36 36 102 86 102 228 102 70 102 166 102 102 102 102 102 102 102 102 102 102 102 100 100 68 100 100 100 102 100 100 100 84 64 80 64 68 12 16 3 0 4 2 132 96 2 37 34 32 100 34 100 100 100 116 100 100 96 100 116 100 100 252 220 246 252 252 252 222 246 246 238 190 126 174 126 220 60 100 100 102 100 100 100 118 102 100 116 100 100 100 100 100 100 100 68 100 100 102 102 102 102 102 102 102 100 102 102 100 116 100 100 124 92 126 110 95 126 110 110 110 110 110 110 171 102 42 102 110 110 46 110 102 100 100 100 100 100 102 100 100 100 68 100 100 118 102 84 70 68 196 68 68 100 84 70 100 68 116 70 116 68 100 68 84 68 70 68 68 196 70 196 68 68 68 68 196 196 68 68 68 68 68 68 68 68 84
8 4 32 4 156 212 152 156 153 152 153 153 153 153 157 153 217 217 217 220 217 217 217 216 221 153 217 153 153 153 217 217 217 217 221 220 220 221 220 221 212 217 80 1 128 1 0 44 2 2 2 64 0 36 8 36 52 102 230 102 116 102 198 102 38 102 102 102 102 102 102 102 102 102 102 100 100 100 68 102 100 100 100 100 102 100 80 72 192 64 2 12 32 2 0 164 2 64 33 130 34 36 36 100 32 100 100 100 100 100 100 96 100 100 116 252 188 220 126 252 252 254 222 254 254 118 62 94 252 126 228 36 100 102 100 100 100 100 102 100 116 100 102 116 116 100 100 100 100 100 100 100 102 102 102 102 102 102 102 100 102 116 100 100 100 124 116 126 127 126 123 110 110 110 110 110 175 102 42 102 46 110 110 110 110 102 116 100 100 100 100 116 116 116 100 102 68 100 100 118 102 68 68 70 68 100 100 100 100 68 100 68 116 198 100 196 68 196 68 68 84 68 68 196 68 68 68 68 68 68 196 68 68 100 68 196 68 68 196 100
1 0 132 4 148 148 220 152 157 153 153 153 153 153 153 157 153 217 217 217 157 216 217 217 153 221 153 217 153 153 217 153 217 217 221 221 220 220 157 220 157 212 153 1 65 4 0 128 64 2 66 1 128 32 52 128 36 36 102 118 102 228 102 70 102 38 102 102 102 102 102 102 102 102 102 116 100 100 102 100 102 102 100 116 100 116 102 96 68 64 140 16 32 16 16 0 192 2 8 34 4 40 38 36 100 40 100 100 100 116 100 100 96 102 100 244 220 252 252 190 220 238 190 254 254 246 222 190 126 252 100 100 38 100 100 100 100 100 102 100 100 100 116 102 116 100 100 100 100 100 100 100 100 102 102 102 102 102 102 102 116 102 102 100 116 118 124 123 94 63 126 110 110 110 110 239 102 46 102 42 110 102 110 110 46 118 102 100 100 100 100 116 116 116 100 100 100 68 100 100 102 68 68 68 84 68 100 100 100 116 68 100 100 100 228 84 196 68 68 84 196 68 68 68 70 68 68 68 84 196 68 70 100 68 68 68 196 196 100 84
4 16 16 132 4 148 156 220 153 157 153 153 153 153 153 153 157 217 217 216 152 157 217 153 217 153 221 153 217 153 153 217 217 217 221 213 221 220 220 157 212 149 71 129 1 0 0 0 1 72 3 2 128 32 2 36 0 37 54 102 230 102 100 102 102 102 38 102 102 102 102 102 102 102 118 102 100 116 100 102 100 102 102 100 84 100 116 100 72 196 32 140 144 40 2 32 4 24 2 68 32 36 32 36 38 100 32 100 100 100 100 100 100 100 102 102 252 252 220 220 190 126 254 222 252 254 254 62 254 94 100 100 100 36 100 100 116 100 100 100 100 100 100 116 102 100 100 100 102 116 100 116 100 116 102 102 102 102 102 118 102 116 102 100 100 124 126 126 127 126 123 110 110 110 239 110 110 102 46 110 110 110 110 110 118 38 102 100 100 100 100 100 116 116 100 100 100 100 100 102 100 100 68 100 68 100 68 100 100 100 116 196 100 100 100 228 68 100 70 68 100 68 100 68 68 196 84 68 84 68 68 100 68 68 68 68 68 196 84 116
8 4 1 16 164 68 156 156 221 153 157 153 153 153 153 153 153 221 217 216 216 153 157 153 153 217 153 220 153 217 153 153 217 217 221 157 221 221 212 212 157 84 133 1 64 2 8 16 128 17 128 160 2 8 36 128 36 16 100 166 102 102 102 100 102 102 102 38 102 102 102 102 102 86 102 102 100 100 100 116 102 100 102 100 100 212 100 100 196 64 132 128 12 128 36 0 8 132 68 2 4 48 38 40 100 36 100 36 100 100 102 116 100 100 100 254 254 252 252 220 126 254 190 126 252 190 254 246 126 190 68 100 100 100 52 100 100 100 100 100 100 116 100 100 100 100 100 100 84 102 116 100 116 100 100 102 102 102 102 102 118 102 100 100 100 60 126 127 126 127 118 110 110 237 110 110 110 46 110 110 110 110 110 110 46 102 38 100 100 100 100 100 116 116 100 100 102 102 100 100 100 102 100 68 100 68 100 68 100 102 100 100 68 100 100 100 100 68 68 68 68 100 68 196 100 100 196 84 68 68 68 68 196 196 196 68 100 68 196 84
0 0 1 65 2 196 220 156 157 157 153 157 153 153 153 153 153 217 220 217 216 217 153 157 153 153 216 153 220 153 217 153 153 217 217 221 221 221 221 212 84 157 1 2 2 40 1 8 17 128 128 32 40 2 0 36 16 36 8 100 38 102 102 102 100 102 102 102 38 102 102 102 118 102 70 102 100 100 100 116 116 102 100 100 100 100 68 116 68 196 32 132 144 4 8 4 0 4 5 36 16 4 41 36 40 100 36 100 36 102 116 102 100 100 100 254 126 254 252 252 222 254 126 190 254 246 254 254 190 196 36 68 100 116 102 36 100 116 100 100 100 100 100 100 102 100 102 100 100 84 102 116 100 100 100 100 102 102 102 118 102 102 100 100 100 124 127 62 127 110 119 110 231 102 110 110 110 102 110 110 110 110 110 110 102 38 100 36 100 102 116 100 100 116 100 100 100 102 100 100 100 100 100 100 84 100 68 102 100 100 100 100 100 68 100 116 102 68 100 196 70 100 84 68 68 100 196 196 196 84 68 68 196 196 196 68 84 68 68 228
4 2 16 33 212 2 220 212 157 153 157 153 157 153 153 153 153 217 217 212 217 217 217 153 157 152 153 216 153 221 153 217 153 153 217 221 221 221 213 221 212 65 2 8 40 32 8 65 8 64 16 8 128 0 32 32 36 128 36 4 100 38 102 102 102 100 102 102 102 102 102 118 102 102 102 102 100 100 100 102 84 100 100 116 100 100 100 100 68 68 148 2 4 128 132 4 5 0 4 4 36 128 36 42 36 32 100 52 100 54 102 100 100 100 100 110 126 254 254 252 254 246 126 254 254 126 252 254 228 164 68 38 70 100 100 102 36 100 100 100 100 100 100 100 100 102 100 100 102 100 84 102 102 100 100 102 100 102 118 102 102 102 102 100 100 124 94 119 94 127 110 231 102 110 110 110 110 110 110 110 110 110 110 110 102 102 36 100 36 116 102 100 116 102 100 100 100 100 100 116 100 116 100 100 100 68 100 68 100 116 116 100 100 100 68 100 100 100 84 68 100 68 102 68 100 70 70 196 196 196 68 196 68 196 196 196 68 70 68 68
8 16 34 20 33 220 214 220 217 157 153 149 153 157 153 153 153 217 217 217 221 217 217 217 153 157 152 153 217 153 221 153 217 153 217 213 221 221 217 213 221 64 8 8 32 9 2 10 64 0 68 128 0 0 32 32 2 36 16 38 4 100 102 102 102 102 116 102 102 102 118 102 102 102 102 102 100 100 100 116 102 68 102 100 100 100 100 102 68 68 96 4 1 132 0 4 16 68 4 132 1 36 8 36 48 36 33 102 52 102 38 102 116 100 100 126 254 254 246 126 254 254 238 222 254 254 190 252 100 70 36 68 38 84 100 102 100 36 100 100 100 116 100 100 100 100 100 100 100 100 102 68 102 100 116 102 102 116 102 102 102 102 102 100 100 124 127 86 119 62 237 102 110 110 110 110 110 110 110 110 110 110 110 110 102 102 100 52 100 36 100 100 100 100 116 116 100 116 100 100 84 100 100 100 100 100 68 100 68 100 116 100 100 102 100 68 100 100 100 70 68 100 68 102 68 68 196 68 196 196 196 68 196 68 196 196 68 68 68 68
0 136 20 34 20 245 156 222 221 217 149 153 157 153 157 153 153 217 217 153 216 217 217 217 217 152 157 153 153 217 153 221 153 217 217 216 221 221 213 216 213 200 8 8 24 0 136 64 8 192 0 2 1 4 32 0 36 1 100 0 36 4 100 102 102 118 102 102 102 118 102 102 102 102 102 102 100 116 100 100 100 102 70 100 100 100 100 116 68 68 68 2 4 1 4 4 4 1 36 128 36 4 37 4 36 36 100 48 102 52 102 38 102 100 100 254 222 190 126 254 190 238 246 126 254 126 252 254 100 100 70 36 84 38 68 100 100 100 36 100 100 100 116 102 116 100 102 100 100 116 100 102 68 100 100 100 102 102 100 102 102 102 102 100 100 124 126 126 94 237 46 108 110 102 110 110 110 110 110 110 110 110 110 110 102 102 100 100 100 100 36 100 100 116 102 116 116 100 100 100 100 68 100 100 102 100 116 196 100 68 100 100 100 116 116 100 68 116 100 68 196 100 100 84 68 84 68 196 68 228 196 228 68 196 68 196 100 68 68 68
16 0 140 20 34 20 189 221 207 217 217 153 153 157 153 157 153 217 216 216 153 216 217 217 217 217 153 157 153 153 217 153 157 217 217 217 221 221 221 213 216 136 8 10 32 8 8 12 96 0 0 129 32 0 0 40 2 36 0 37 1 37 132 116 118 102 102 102 118 102 102 102 102 102 102 102 100 100 116 100 100 100 102 100 100 100 100 100 100 68 196 5 0 132 8 36 16 4 2 37 128 36 4 36 4 36 36 102 56 102 36 102 39 100 100 254 222 126 254 246 238 126 110 252 110 254 190 124 100 100 100 100 36 196 36 68 100 102 100 100 100 100 100 116 102 100 100 100 100 100 100 100 100 68 100 100 116 102 102 100 102 102 102 100 100 124 118 62 191 110 110 110 110 110 102 110 110 110 110 110 110 110 110 110 102 102 100 100 116 100 116 36 100 100 116 102 116 116 100 100 100 100 196 100 100 100 100 116 68 116 68 100 100 102 116 100 100 68 100 68 196 68 100 100 84 84 68 68 196 68 228 196 196 100 196 68 68 68 68 70
16 16 4 168 20 34 153 189 221 159 153 217 153 153 157 153 157 217 217 216 216 217 217 217 153 217 153 153 157 153 153 217 153 213 217 217 221 221 217 221 221 8 40 33 8 24 8 4 32 1 16 0 0 2 2 1 36 4 36 16 37 128 36 148 116 102 102 118 102 102 102 102 102 102 102 102 102 100 100 102 100 100 100 100 100 100 100 100 100 68 68 4 20 16 5 2 36 64 37 0 37 32 52 6 38 5 100 60 102 36 102 37 100 36 100 246 252 254 238 254 222 238 126 110 254 254 124 252 100 100 100 100 84 36 100 100 68 100 100 116 100 100 116 100 100 100 100 100 100 100 100 100 116 100 68 100 100 100 102 102 100 102 102 100 100 116 60 223 110 110 110 46 110 110 110 110 110 110 102 110 110 110 110 102 102 102 100 100 100 84 100 100 38 100 100 116 102 116 102 116 100 100 100 68 100 100 100 100 116 196 102 68 100 116 102 100 100 100 84 68 84 68 68 100 100 84 68 68 84 196 68 196 196 196 68 68 68 68 68 70
32 8 2 4 169 153 187 157 189 217 159 153 217 153 153 157 153 220 217 217 216 217 217 217 217 153 153 153 153 157 153 153 208 153 221 217 221 221 221 217 221 136 32 8 9 8 2 8 0 16 65 128 1 4 1 8 4 52 32 36 32 52 160 37 148 100 118 102 102 102 102 102 102 102 102 102 102 116 100 100 100 100 100 100 116 102 100 100 100 68 68 68 32 5 128 36 64 52 0 39 4 100 128 36 5 36 4 100 36 102 37 100 100 100 36 108 238 238 222 238 254 254 238 238 254 254 126 124 100 100 102 116 100 68 36 100 100 196 100 100 100 100 100 100 116 102 100 100 116 100 100 100 100 102 100 68 116 100 100 102 102 100 102 116 100 100 94 62 110 46 110 110 110 110 102 110 102 110 110 110 46 110 110 102 102 102 100 100 100 100 196 116 100 36 102 116 116 102 118 102 100 100 116 100 68 100 100 100 100 116 68 102 68 100 100 100 100 100 100 84 70 68 68 68 100 116 68 68 68 68 228 68 196 196 196 196 196 84 68 68
32 0 132 0 137 185 157 189 153 189 217 159 153 216 153 153 156 217 221 217 217 217 217 217 217 217 153 153 153 153 157 144 153 217 217 221 217 157 221 217 153 1 8 8 8 32 8 0 32 8 8 1 4 3 8 32 0 64 36 32 52 36 36 129 37 21 100 102 102 102 102 102 102 102 102 102 118 102 102 100 100 116 102 100 100 102 102 100 102 68 68 100 20 0 20 8 36 80 36 64 36 4 36 32 36 68 36 132 100 101 100 100 100 100 100 108 238 254 238 238 254 254 238 254 238 238 190 62 116 100 118 102 100 100 68 36 100 100 84 100 102 100 100 100 100 100 100 100 100 100 100 102 100 100 102 100 100 100 102 100 102 102 84 102 116 100 126 110 47 110 110 110 110 110 110 102 46 110 102 110 110 110 110 102 102 102 100 100 100 100 100 228 100 100 54 102 116 84 102 102 100 100 102 100 116 70 100 100 100 100 100 196 116 196 100 100 100 100 100 100 70 84 100 196 70 100 70 68 68 68 68 196 68 228 196 212 196 196 68 100
4 64 8 144 137 153 189 153 189 153 189 217 158 153 217 152 153 213 217 221 217 217 217 217 217 217 217 153 153 153 144 157 153 217 217 217 221 213 221 221 193 8 8 136 0 10 32 0 0 40 128 32 9 10 2 128 128 2 0 36 32 100 128 36 33 100 4 116 102 102 102 102 102 102 102 118 102 102 102 102 100 100 100 100 100 100 102 102 100 84 68 68 104 20 1 4 32 37 64 36 2 100 1 36 0 36 20 36 68 100 100 100 100 100 100 108 254 238 110 254 246 252 252 238 238 252 110 212 62 84 100 102 100 100 116 68 38 100 100 68 100 100 100 100 100 100 116 100 100 102 100 100 100 100 116 116 100 100 100 102 100 118 102 84 102 116 110 110 110 46 110 110 110 46 110 110 110 110 46 110 110 110 110 102 102 102 100 100 100 100 100 100 100 102 100 54 102 116 70 102 100 100 100 100 116 100 68 100 116 100 100 100 196 116 70 102 100 100 102 100 84 70 68 68 100 70 68 68 70 70 68 68 196 68 196 196 196 228 68 68
1 4 2 8 153 153 153 181 153 189 153 189 153 159 153 217 209 153 221 153 221 216 217 216 217 216 217 217 153 148 153 153 157 153 217 217 217 221 221 221 201 8 136 4 8 33 8 16 0 2 32 16 8 3 128 64 0 8 2 8 37 34 36 2 36 36 102 4 100 102 102 102 102 102 118 102 102 102 102 102 100 100 100 100 102 100 100 102 100 100 68 68 68 40 4 1 4 4 36 1 100 0 36 0 36 64 36 5 36 84 102 100 100 100 100 108 238 236 246 254 190 246 244 238 254 236 252 110 212 62 68 100 100 100 100 100 68 36 100 100 68 100 100 100 100 100 100 100 100 116 100 102 100 100 100 84 100 100 100 100 102 100 118 102 212 102 46 110 110 110 110 102 110 110 110 110 110 102 110 110 110 110 110 102 102 102 100 100 116 100 100 116 100 116 102 100 54 102 116 70 100 100 100 100 100 100 100 70 100 100 100 100 100 196 100 70 102 116 100 100 100 70 84 68 68 70 68 68 196 70 70 70 68 196 68 196 196 196 68 68
4 0 40 8 153 153 153 153 189 153 181 153 189 153 159 217 217 217 153 221 217 217 216 216 216 217 217 217 208 153 149 153 153 157 217 217 153 157 157 221 201 136 8 136 8 10 64 40 4 32 0 32 32 128 32 4 1 1 10 16 32 36 2 36 64 37 52 100 36 100 102 102 102 118 102 102 102 102 102 102 100 100 100 100 116 100 100 100 100 100 70 68 68 5 128 4 0 20 0 36 0 36 0 36 1 37 32 100 5 36 68 100 100 102 100 108 228 238 172 222 246 190 246 222 238 252 236 252 110 196 36 68 100 102 100 100 100 196 36 100 100 68 100 100 100 100 100 100 100 100 102 116 100 102 100 100 68 100 100 100 100 102 100 246 102 68 110 110 46 110 110 110 110 46 110 46 110 110 110 110 110 110 46 102 102 102 100 100 100 100 100 100 118 100 100 102 100 38 102 100 100 100 116 116 100 102 100 100 68 100 100 116 100 100 68 100 86 102 100 116 100 86 70 68 100 68 68 100 68 68 70 70 68 68 228 68 196 196 196 68
4 32 24 40 153 153 153 153 153 53 153 189 153 189 217 223 153 217 217 217 213 217 217 216 216 217 217 217 217 209 153 157 153 153 221 217 217 157 157 217 217 136 136 10 12 192 8 8 40 2 32 1 64 32 0 0 0 8 16 10 4 128 36 64 36 16 33 36 100 36 116 102 86 102 102 102 102 102 102 102 102 116 100 116 102 100 100 100 100 100 196 68 68 0 4 2 6 0 4 8 38 32 38 64 36 8 36 33 36 36 100 68 100 100 100 100 124 236 206 254 220 214 191 246 254 238 252 236 236 116 68 36 196 100 100 100 100 116 68 100 100 100 68 100 100 100 100 100 100 102 118 102 102 116 100 100 102 84 100 100 100 102 102 100 102 102 102 110 46 110 110 102 110 110 46 110 110 110 110 110 110 110 102 38 102 102 100 100 100 100 100 100 100 102 100 100 102 116 38 100 116 100 102 116 100 100 100 100 116 68 116 100 100 100 100 70 100 70 100 100 116 100 70 68 68 70 196 70 68 68 68 70 84 196 68 196 84 196 196 68
128 0 40 28 185 153 153 153 17 153 189 153 189 153 125 217 223 217 217 217 216 221 217 217 152 153 217 217 153 217 153 153 153 153 217 220 217 221 153 221 217 152 10 13 32 10 8 8 0 32 1 0 2 0 64 128 0 1 24 20 0 6 8 36 32 52 2 33 36 100 36 116 102 70 102 102 102 102 102 102 86 102 116 100 100 100 100 100 100 100 68 68 70 20 128 132 4 5 4 132 128 38 64 100 16 37 1 36 32 100 100 100 84 100 102 100 108 236 254 222 252 189 246 175 254 222 238 236 108 236 100 68 100 196 100 100 102 100 100 196 100 100 100 68 100 100 100 100 100 84 102 102 118 102 100 100 116 102 100 100 116 100 102 102 100 102 110 110 110 110 110 110 110 110 110 110 46 110 110 110 110 110 102 102 38 102 100 100 102 100 100 100 100 116 100 102 116 102 100 100 100 102 116 102 100 100 100 100 100 116 68 116 100 100 100 100 102 100 68 100 100 100 70 196 68 196 70 84 70 68 70 84 70 68 196 68 228 68 196 84
2 2 9 56 157 185 153 25 153 153 153 189 153 57 153 253 153 159 217 216 217 153 221 217 217 153 217 153 217 153 217 153 153 153 217 217 221 217 221 217 221 73 45 1 8 8 8 4 4 128 8 1 32 4 0 16 128 8 17 40 132 8 6 0 36 32 97 0 32 36 100 36 100 102 70 102 102 102 102 102 102 86 102 100 102 100 116 100 100 100 68 68 84 66 20 4 132 36 4 128 4 64 36 64 100 2 36 1 36 32 100 100 100 68 100 100 108 172 252 190 254 244 189 222 239 238 230 236 236 44 100 100 68 100 68 100 100 116 100 100 68 116 100 100 68 100 100 100 100 100 84 118 102 102 100 116 100 100 102 100 100 102 102 102 102 124 102 110 110 110 110 110 46 110 110 110 110 110 110 46 110 110 102 102 102 38 100 100 100 116 100 100 102 100 100 116 102 100 100 100 100 116 102 100 100 116 100 100 100 100 116 68 100 102 100 100 100 100 100 70 100 100 196 70 196 68 212 70 68 70 84 70 68 68 68 196 70 196 68 196
0 25 8 25 185 157 57 153 153 153 153 153 29 153 185 153 249 217 221 217 217 216 217 221 153 217 153 217 153 217 153 217 153 153 217 217 217 221 217 221 217 77 1 9 40 24 0 128 2 0 4 16 8 4 32 8 64 64 24 32 8 6 2 20 2 36 34 32 64 36 36 102 36 100 102 70 102 102 102 102 86 102 70 102 100 100 100 116 100 100 68 70 70 212 66 20 4 68 4 36 128 6 80 36 64 36 0 38 128 36 32 100 100 100 100 102 44 236 156 254 254 126 156 239 236 238 238 228 172 100 37 100 100 68 100 100 100 102 100 100 100 196 100 100 100 84 100 100 116 100 100 84 102 102 100 100 100 100 100 116 116 100 102 102 94 102 44 110 110 102 46 110 110 110 110 110 110 110 110 110 46 110 102 102 102 100 36 100 116 100 102 100 100 102 100 100 102 116 102 100 116 100 100 100 102 116 100 100 100 100 100 100 68 100 100 100 100 100 100 102 68 100 68 196 196 196 196 68 70 84 70 84 68 68 68 196 196 68 196 70
1 8 25 25 153 57 157 185 153 153 153 25 153 157 153 185 217 249 217 221 217 217 217 217 221 153 217 153 217 153 217 153 217 153 217 217 153 216 157 217 213 73 9 24 8 96 128 0 8 4 0 6 128 32 4 128 1 64 80 9 32 2 20 66 36 2 48 64 32 64 36 36 100 36 100 102 102 102 102 118 102 70 102 70 100 100 100 100 100 100 68 68 214 70 212 66 132 132 36 1 4 84 6 192 52 16 100 129 36 64 36 96 100 100 100 108 110 188 220 246 254 126 236 236 236 238 236 236 100 38 116 36 100 100 68 100 100 100 116 100 100 100 196 100 102 100 196 100 100 100 100 100 68 102 100 100 100 100 100 100 116 100 100 62 102 78 110 46 46 110 110 110 110 110 110 110 110 110 110 110 110 110 102 102 102 100 100 36 100 116 116 100 100 100 100 100 116 102 102 100 102 116 100 100 116 102 102 116 100 100 100 100 100 68 100 100 100 100 100 100 116 68 100 68 196 196 196 68 84 70 84 70 70 84 84 68 196 196 68 68
0 9 25 27 25 153 185 157 185 153 25 153 153 153 157 153 249 217 249 217 157 217 217 217 217 217 153 217 153 216 153 217 153 217 216 217 216 153 217 221 217 105 8 9 0 16 16 1 0 16 68 128 32 4 0 4 4 2 80 2 16 21 10 36 10 48 2 32 68 32 0 36 36 100 100 116 102 102 118 102 102 102 102 102 68 100 116 100 100 100 68 68 68 214 70 196 16 4 64 4 0 5 192 5 208 36 0 36 0 36 64 36 100 100 100 108 220 222 124 212 254 126 252 236 108 252 236 236 100 116 38 100 36 102 100 68 100 102 100 100 100 100 100 196 100 100 100 68 100 116 100 100 100 68 100 100 100 100 100 100 100 100 100 102 46 110 110 46 110 46 110 110 110 110 102 110 46 46 110 110 110 110 102 102 102 100 102 100 36 102 118 102 100 100 100 100 100 100 102 102 116 102 100 100 100 100 118 102 100 100 100 100 100 100 68 102 100 100 100 100 100 100 68 68 100 196 196 84 68 84 70 68 214 70 84 84 84 196 68 68
1 25 25 25 27 153 153 185 157 57 153 153 153 153 153 149 217 249 217 249 217 217 153 217 216 217 217 153 216 153 217 153 217 217 217 216 217 217 217 217 221 105 9 4 4 1 64 0 16 1 128 64 0 0 20 0 32 80 2 18 34 4 36 10 48 10 32 4 48 8 32 4 52 36 100 100 100 86 102 102 102 102 102 102 100 196 100 100 100 116 68 68 100 68 198 70 196 128 6 4 4 0 5 208 69 128 38 16 38 32 38 192 36 100 100 108 252 188 158 124 238 254 222 236 228 108 108 108 100 116 116 36 100 36 100 100 68 100 100 100 100 100 100 100 68 100 102 100 68 100 100 116 100 100 196 100 116 100 100 102 100 100 100 100 110 46 110 110 46 110 102 46 110 110 110 110 46 46 110 110 110 110 102 102 102 102 100 100 100 52 102 102 100 102 100 100 100 100 100 118 102 100 100 100 102 100 100 102 100 102 100 100 100 100 100 68 100 100 100 100 100 100 68 68 100 68 196 196 84 68 68 198 100 86 70 84 84 196 68 100
64 25 25 25 153 155 153 153 57 153 185 153 153 153 145 153 217 216 248 217 249 217 217 217 217 217 153 216 153 217 153 217 217 217 216 217 217 217 216 217 217 73 0 128 2 2 64 128 0 128 0 0 0 2 0 0 1 36 16 98 6 34 64 48 10 48 1 36 4 96 128 40 4 36 36 100 100 102 70 102 102 102 102 102 116 100 68 116 100 102 68 100 68 68 68 198 68 4 128 4 1 5 16 37 192 20 18 38 4 38 224 36 66 36 116 108 252 212 124 252 254 254 246 252 236 108 108 108 100 100 118 116 38 100 36 100 100 68 100 100 100 100 100 100 100 68 100 100 100 68 100 100 100 102 102 68 100 100 100 100 116 100 100 100 110 102 102 110 46 110 110 110 110 110 102 110 38 110 110 110 110 110 102 102 102 102 100 100 100 100 38 102 102 100 100 100 100 100 100 100 102 100 100 100 100 102 100 100 102 116 100 100 100 100 100 100 100 100 116 100 100 102 68 68 68 196 70 196 212 100 68 100 102 100 86 70 84 68 84 68
0 89 25 25 153 153 155 25 153 153 153 185 153 145 153 153 217 217 216 249 217 248 217 217 217 217 216 153 217 153 217 217 217 153 217 217 217 216 217 217 217 201 64 0 0 64 0 8 128 8 4 0 0 1 0 0 0 8 36 20 34 64 96 96 48 10 96 128 32 32 40 128 32 4 37 36 100 100 102 70 102 102 102 118 102 100 100 70 100 100 100 68 70 68 100 68 68 128 4 4 132 0 5 128 4 224 38 0 38 192 36 64 36 96 37 124 244 124 188 220 252 246 254 222 236 108 108 44 100 100 100 118 102 36 100 36 102 100 68 100 100 100 102 100 116 100 68 100 100 100 68 100 100 100 102 102 196 100 100 100 100 100 102 100 102 102 110 110 102 110 46 110 110 110 110 102 102 110 102 110 102 110 102 102 102 102 100 100 100 100 102 102 102 116 102 100 100 100 102 100 100 100 100 100 100 100 100 100 116 102 100 100 100 116 100 100 100 100 116 102 100 116 68 68 68 100 196 68 196 70 100 196 100 102 100 86 198 84 68 68
4 25 217 25 153 153 25 153 153 153 153 153 49 153 153 153 217 217 217 217 249 217 249 217 217 153 217 217 153 217 217 217 217 217 217 153 153 216 217 217 217 137 66 1 32 1 0 16 8 0 0 128 16 8 2 2 4 0 4 40 96 36 64 96 192 96 8 32 0 36 1 40 0 32 4 100 36 100 100 102 70 102 118 102 102 100 100 100 70 100 100 84 70 68 68 70 100 68 16 36 0 6 8 4 129 20 128 38 192 36 96 36 72 52 100 117 124 220 220 252 252 252 254 190 236 124 108 100 100 116 100 116 102 100 36 100 36 100 116 68 100 100 100 102 100 100 116 68 100 100 100 68 102 116 100 230 100 196 100 100 100 100 102 102 116 110 110 110 110 46 110 110 110 110 110 102 110 102 110 102 110 102 102 102 102 102 100 100 100 100 100 102 118 102 100 100 100 100 116 100 100 100 100 100 100 116 102 100 100 100 116 100 100 100 100 100 100 116 100 116 100 116 70 68 68 68 84 196 68 100 100 116 84 100 102 228 86 198 68 68
32 29 153 217 153 25 153 153 153 153 153 17 153 185 153 153 217 217 217 216 217 249 153 249 153 217 217 217 217 217 216 216 217 217 217 216 152 217 217 153 216 96 1 1 1 1 64 0 2 0 128 2 136 4 64 68 64 4 2 32 48 72 96 72 100 64 34 8 40 32 32 32 96 0 36 132 100 52 116 100 102 86 102 102 102 100 102 100 102 68 100 116 84 100 84 102 84 68 68 4 5 8 4 32 20 161 68 200 52 96 36 64 36 72 20 100 125 220 220 252 252 252 190 108 252 108 110 116 100 100 116 100 100 102 100 38 100 36 102 100 68 100 116 100 100 100 102 100 68 102 100 100 84 102 100 100 228 102 100 100 100 100 100 86 102 110 110 110 110 110 110 110 102 110 110 110 102 110 102 110 102 102 102 102 102 102 100 100 100 100 100 118 102 102 100 100 100 100 100 100 100 100 100 100 100 100 100 100 100 100 100 100 100 100 100 100 102 100 116 100 116 100 68 68 68 68 68 68 68 196 100 100 116 68 228 102 228 70 70 70
64 57 157 153 89 153 153 153 153 153 17 153 153 153 185 153 216 217 217 217 217 217 217 153 249 217 217 217 217 217 217 216 153 217 217 216 216 217 153 220 217 80 2 1 9 32 4 2 64 0 0 136 0 0 4 66 68 2 32 16 4 112 72 98 64 98 8 41 32 32 40 40 32 96 128 37 4 116 52 100 116 102 70 102 102 102 100 102 116 100 68 100 84 84 100 84 102 100 196 36 0 132 64 4 32 4 160 68 200 100 64 100 72 36 104 22 124 253 220 252 252 124 108 252 44 108 124 46 100 100 100 100 100 100 102 100 37 100 52 100 100 100 100 116 100 100 100 100 100 68 100 100 100 70 102 100 102 100 100 100 100 100 100 100 78 110 110 110 102 110 110 46 110 110 110 102 102 102 110 102 102 102 102 102 102 102 116 100 100 100 116 102 102 102 100 100 100 100 100 102 100 100 100 100 100 100 100 100 100 100 100 116 102 100 100 102 100 100 100 116 100 100 196 84 68 68 84 68 84 68 68 100 100 102 68 228 102 68 70 102
64 89 185 29 153 217 153 153 153 17 153 153 153 153 153 184 217 217 217 217 217 153 217 216 217 121 216 217 216 217 217 216 217 217 153 216 216 217 216 217 220 153 1 16 8 16 0 96 0 4 0 64 1 4 8 68 66 32 4 32 16 6 96 80 98 72 44 32 40 32 42 34 96 96 36 2 36 132 100 52 100 116 102 198 102 102 102 84 102 100 100 68 100 212 84 100 68 100 100 128 4 8 4 128 20 32 4 128 196 68 100 66 100 72 36 104 126 124 189 252 188 124 116 124 108 108 108 100 38 100 100 102 100 100 100 102 102 36 100 36 100 100 100 100 100 100 100 100 100 100 100 100 100 100 70 102 102 116 100 100 100 116 100 100 110 102 110 110 110 110 110 110 110 110 102 102 102 110 102 102 102 102 102 102 102 102 102 100 100 116 100 102 102 102 116 116 100 100 100 100 100 100 100 102 100 100 100 100 102 100 100 116 100 100 102 100 100 100 100 116 100 100 68 196 68 68 196 84 68 68 68 196 100 100 102 100 100 198 100 70
16 89 89 185 149 153 153 153 17 153 153 153 153 153 152 153 249 217 217 153 217 217 217 217 217 217 249 216 217 217 217 153 217 217 216 217 216 216 217 216 217 101 16 3 17 136 128 4 0 2 4 1 4 1 4 128 96 0 40 8 32 104 64 96 72 104 40 56 32 40 34 98 32 96 1 36 1 36 4 100 52 102 228 102 70 102 118 102 196 100 100 100 196 100 212 100 100 68 100 4 4 68 64 4 136 6 64 4 128 68 196 102 68 100 72 108 124 62 252 61 124 188 124 124 124 100 108 100 100 38 100 102 100 100 116 100 102 100 36 116 36 100 100 102 102 100 100 100 100 100 116 100 100 100 100 70 118 102 100 102 100 100 100 100 102 102 110 46 110 110 110 110 46 110 102 102 46 102 102 102 102 102 102 102 102 102 102 100 100 100 100 100 102 86 102 84 100 100 100 102 116 100 116 100 102 100 100 102 100 100 100 100 100 116 100 116 102 116 102 102 116 100 100 68 68 68 196 196 68 68 68 68 68 100 100 100 100 100 102 84
4 89 89 209 185 157 153 17 153 153 153 153 153 152 153 153 217 217 217 216 216 216 217 216 217 217 153 249 217 217 217 217 216 217 217 216 217 220 216 217 217 81 101 16 2 144 0 32 0 5 8 36 17 4 128 8 16 33 8 32 24 96 96 80 108 104 41 32 40 32 96 98 96 32 32 129 36 64 36 4 100 164 102 100 102 86 102 230 100 68 100 100 100 196 100 68 100 100 68 4 4 4 84 0 6 64 6 0 6 129 68 196 100 196 108 108 124 252 54 188 61 116 124 124 124 124 100 116 100 116 38 100 100 100 100 100 100 102 100 38 100 36 100 100 102 102 100 100 100 100 100 116 100 100 100 116 70 102 102 102 100 100 100 100 116 46 110 110 110 110 46 46 110 110 102 102 102 38 102 102 102 102 102 102 102 102 102 116 116 100 100 100 116 102 86 102 84 102 100 116 102 116 102 100 102 100 100 100 100 116 116 100 100 100 116 100 116 102 102 118 102 100 100 68 68 100 68 196 68 68 68 70 100 68 100 100 102 100 116 102
8 221 91 89 217 153 23 153 153 153 153 153 153 153 153 153 217 217 217 217 216 216 220 217 216 217 217 216 248 217 217 217 217 217 153 216 220 217 220 217 217 216 81 101 144 10 16 0 128 64 4 2 100 64 32 8 8 8 33 40 96 1 96 112 104 104 34 42 32 34 48 96 96 32 4 32 32 36 4 36 4 100 36 102 84 102 198 102 116 100 70 102 102 100 68 116 196 100 68 36 4 5 5 5 64 134 0 6 145 6 128 68 196 102 108 108 116 124 252 62 180 61 116 124 124 60 116 100 116 100 100 100 100 100 100 116 100 100 102 100 36 102 52 100 100 102 100 100 100 116 100 100 100 100 100 100 100 70 102 102 102 100 100 100 100 102 110 110 110 46 46 110 110 110 102 102 102 102 38 102 102 102 102 102 102 102 118 102 116 100 100 100 100 116 102 86 102 68 102 100 116 102 100 102 100 100 100 102 100 100 116 100 100 100 100 118 100 102 86 102 102 100 102 84 68 100 84 68 68 68 100 100 68 100 68 100 100 100 100 100
40 89 221 219 217 83 153 157 153 153 153 153 153 153 153 153 216 216 217 217 217 216 216 220 217 217 217 217 216 249 216 217 153 217 216 217 216 220 217 221 217 217 216 83 101 18 14 0 128 0 128 102 2 100 64 40 10 16 8 33 34 96 16 96 104 40 42 32 34 112 35 40 98 16 33 0 32 32 36 4 52 4 100 52 102 196 102 214 102 100 100 70 102 102 100 68 100 68 102 5 4 5 5 128 4 32 7 145 70 192 6 128 84 204 108 124 108 126 60 212 62 148 61 116 124 116 52 116 100 102 100 116 100 100 100 102 116 100 102 100 100 52 102 36 100 100 100 100 102 100 100 102 102 100 100 100 100 100 70 102 102 102 100 100 100 108 110 110 102 46 110 110 110 110 102 102 102 102 102 38 102 102 102 102 102 118 102 118 102 100 100 100 100 100 116 102 70 102 68 116 100 100 102 100 116 100 100 100 100 100 102 116 100 100 100 100 102 116 102 70 102 102 84 102 100 68 102 196 100 84 68 102 100 68 100 68 100 100 100 116
9 121 217 221 219 217 219 153 157 153 153 153 153 153 153 152 217 220 217 217 217 217 216 216 221 217 217 217 216 152 185 217 217 217 217 216 217 216 221 217 221 217 217 252 83 109 0 0 64 132 16 0 100 4 98 136 144 10 4 2 96 32 104 4 106 56 40 34 112 34 40 42 49 106 4 33 128 33 16 37 68 38 4 100 228 102 212 102 70 100 100 100 70 102 116 100 68 100 69 68 5 36 64 4 64 4 152 70 144 70 136 20 160 78 108 44 124 124 86 52 212 62 181 61 116 124 116 52 102 100 102 100 102 100 100 116 102 100 100 100 100 100 38 100 36 100 100 102 102 100 100 100 102 100 100 100 100 100 100 70 102 102 102 102 100 108 110 110 110 110 110 102 110 110 102 102 102 102 102 102 38 102 102 102 118 102 118 102 102 116 100 100 100 116 100 100 102 70 100 68 100 100 116 100 100 100 116 102 100 100 116 102 116 100 100 100 84 102 100 102 70 118 102 68 116 100 196 116 68 116 68 84 100 102 100 100 68 100 100 100
25 89 217 217 221 219 217 203 153 157 153 153 153 153 153 153 216 216 157 153 217 217 217 216 217 157 217 217 217 220 153 121 217 217 217 216 216 216 217 221 217 217 217 217 252 65 64 2 128 4 132 2 32 96 136 128 24 4 2 96 0 96 34 106 56 110 48 114 98 41 42 17 42 52 40 16 33 1 33 1 38 20 52 132 100 244 102 70 102 68 100 100 100 86 102 100 100 68 100 197 132 4 4 64 5 16 4 144 70 136 6 136 5 124 100 108 124 92 116 86 52 245 62 181 29 116 60 100 36 102 100 102 100 100 100 100 100 102 100 100 100 100 100 36 100 36 100 100 102 100 100 100 100 100 100 100 100 100 100 100 70 102 102 102 100 110 110 110 110 110 102 110 110 110 102 102 102 102 102 102 102 38 102 118 102 118 102 102 118 102 100 100 100 116 100 100 100 102 70 100 70 100 100 100 100 100 100 100 100 100 100 84 102 100 100 100 100 68 102 102 118 70 102 116 68 100 100 196 116 68 84 196 68 102 100 100 100 70 100 100
25 89 153 217 217 220 219 217 217 153 157 153 153 153 153 152 217 220 217 157 217 153 216 217 217 217 157 217 216 217 93 216 185 217 217 217 216 216 216 217 217 217 217 217 217 64 80 192 16 144 8 40 4 36 136 10 128 8 96 0 96 64 104 58 42 56 110 112 107 43 17 42 52 42 17 40 128 33 129 32 16 38 20 52 132 100 102 102 70 100 84 100 100 100 70 100 100 100 84 68 132 4 64 68 64 5 16 4 136 38 152 132 10 97 108 108 124 60 92 118 86 52 213 30 181 29 100 36 100 36 102 116 100 100 100 100 100 100 102 100 116 102 100 100 36 100 38 100 100 116 100 100 100 102 100 100 100 100 100 100 100 102 102 102 102 102 110 102 102 110 110 110 110 110 102 102 102 102 102 102 102 102 38 102 86 102 102 118 102 102 100 100 102 100 100 100 100 100 102 70 100 84 116 100 102 100 100 100 100 102 100 100 68 100 100 100 102 100 68 118 102 102 86 102 100 196 100 100 196 86 68 68 100 100 100 100 100 102 84 100
25 27 217 153 217 217 221 219 217 217 153 157 153 153 152 153 152 217 213 217 149 216 217 217 217 217 217 213 217 217 217 221 217 249 217 217 217 216 216 216 217 216 216 217 216 80 64 80 224 4 8 8 32 128 9 132 40 128 1 96 2 98 104 106 24 42 120 110 107 17 42 52 42 17 42 32 48 144 32 4 32 20 38 5 36 6 100 102 102 68 100 68 100 100 100 68 100 100 100 70 4 16 4 72 196 64 69 0 4 152 166 136 97 40 108 124 116 92 92 92 118 70 20 245 30 164 4 100 37 100 20 102 100 100 100 100 100 100 100 100 100 100 100 100 100 36 100 36 116 100 116 100 100 100 100 100 100 100 100 116 100 100 102 102 102 110 102 102 110 102 110 46 46 110 102 102 102 102 102 102 102 102 102 54 102 70 118 102 102 102 100 116 100 100 100 116 100 100 100 102 84 100 84 116 116 102 100 102 116 100 100 100 100 100 102 102 100 100 100 68 102 118 102 70 100 116 100 100 68 196 68 68 68 100 116 100 100 116 102 100
27 217 155 217 217 217 217 221 219 217 217 153 157 152 153 152 153 217 217 213 216 221 217 216 217 217 217 217 220 217 217 153 213 216 217 216 217 217 216 152 152 217 220 216 217 216 82 68 80 1 40 16 16 128 132 8 136 0 128 0 96 10 106 120 106 120 106 106 123 106 53 42 17 42 32 32 1 96 16 40 6 32 1 36 4 100 6 116 102 100 68 100 84 100 100 100 68 100 100 100 4 4 8 68 64 68 64 68 0 196 136 32 24 40 108 92 124 124 220 92 84 214 198 20 229 4 36 5 100 36 116 20 116 100 100 100 100 100 100 100 100 100 100 100 100 116 36 102 36 116 100 100 100 100 100 100 100 100 100 116 100 100 100 102 110 102 102 110 102 110 110 46 110 110 102 102 102 102 102 102 102 102 118 102 38 118 102 102 102 102 100 100 100 100 100 100 102 100 100 116 102 84 100 84 116 100 102 116 102 100 100 102 116 100 102 102 100 100 100 100 84 102 102 102 68 100 100 100 68 196 68 84 68 84 100 100 102 100 100 100
217 155 217 218 217 217 217 217 221 219 153 217 152 157 152 153 153 217 217 217 221 217 220 217 217 217 217 216 217 220 217 209 153 217 216 217 217 216 217 220 152 152 217 156 216 217 220 80 70 32 128 56 32 32 128 137 64 132 1 0 16 106 122 106 56 106 106 91 42 63 106 17 46 40 36 128 36 0 96 1 34 0 32 128 37 5 116 6 100 116 100 68 116 68 100 100 100 68 100 100 132 0 68 8 68 80 100 66 68 4 0 24 41 40 108 124 124 124 116 220 92 84 214 198 68 36 132 36 4 100 36 116 20 100 100 100 100 100 100 100 100 100 100 100 100 116 100 36 100 36 100 116 100 100 100 116 116 100 102 100 100 100 100 108 102 102 110 102 102 110 110 110 110 110 102 102 102 102 102 102 102 118 102 102 118 38 102 102 102 102 100 100 100 100 100 100 100 100 100 100 116 102 84 100 84 100 116 102 100 116 100 116 102 100 100 102 100 100 100 100 100 68 102 102 100 84 100 102 68 68 84 68 84 68 84 100 100 102 100 100
153 153 219 217 219 153 217 217 217 221 219 153 217 153 157 153 153 217 217 217 217 221 217 221 217 217 217 217 216 216 220 217 217 217 217 217 217 217 216 217 220 152 152 217 220 216 217 220 96 64 96 161 32 8 64 32 136 32 2 0 4 126 106 122 106 42 107 106 63 106 27 106 40 36 8 36 0 32 16 48 32 33 8 32 16 36 5 100 6 116 100 100 70 100 70 100 116 102 196 100 0 4 2 100 128 100 68 68 64 128 0 8 44 56 100 124 116 124 124 124 220 84 84 198 70 20 38 5 36 68 100 38 100 4 100 100 100 100 100 100 100 100 100 102 116 116 100 100 36 100 36 100 100 100 100 100 116 102 100 100 116 100 102 100 116 110 102 102 110 110 110 102 110 110 102 102 102 102 102 102 118 102 102 118 102 102 38 102 102 102 102 100 100 116 102 100 100 100 100 116 116 116 102 84 100 86 116 100 116 102 116 100 100 100 100 102 102 102 100 100 100 102 68 102 102 100 196 100 68 196 100 84 68 84 68 68 100 100 100 100
153 153 217 217 153 219 217 217 153 217 221 219 153 217 153 157 153 217 217 217 217 217 213 217 221 153 217 217 217 216 220 221 217 217 153 217 217 217 217 216 153 220 156 216 217 220 216 217 68 96 64 33 64 128 64 0 40 128 8 0 2 110 58 106 106 107 42 111 106 59 110 46 48 136 100 8 96 1 32 64 32 2 32 0 40 4 36 68 116 38 100 100 100 198 100 68 100 228 100 68 4 0 100 0 100 32 68 100 64 4 0 8 40 36 56 116 116 124 92 124 124 220 212 100 86 102 5 36 20 100 196 100 36 100 5 116 100 100 100 100 100 100 100 116 102 116 100 100 102 36 100 100 100 100 100 100 102 102 100 100 100 100 100 100 100 102 102 110 110 110 110 110 110 46 102 102 102 102 102 118 102 102 118 102 102 102 102 38 102 102 102 100 100 100 100 100 100 100 102 100 116 116 116 102 84 100 86 116 100 116 102 100 100 100 100 100 102 102 100 100 100 100 102 68 102 100 100 84 100 68 68 100 84 196 84 68 68 100 100 100
153 153 217 217 217 217 219 217 217 217 217 213 219 153 217 153 157 153 217 216 217 217 217 157 217 221 217 217 217 217 212 213 220 217 216 216 217 217 217 217 220 157 216 220 152 217 220 216 96 96 96 96 0 66 1 8 0 136 8 4 108 58 46 106 106 106 111 106 123 102 46 52 46 32 12 96 16 36 8 32 0 33 0 32 2 48 4 100 68 100 36 100 100 100 68 100 68 100 100 68 64 4 1 100 1 196 32 68 68 8 64 8 36 40 20 58 116 92 60 126 124 252 220 84 100 71 100 20 36 20 102 68 100 36 100 5 100 100 102 102 116 100 116 100 118 102 100 100 100 100 36 100 100 102 100 102 100 102 100 100 100 116 100 100 100 100 110 110 110 110 110 110 110 102 39 102 102 102 118 102 102 118 102 102 102 102 102 102 38 102 102 100 100 100 100 100 116 100 100 100 102 116 116 118 102 84 100 86 116 100 100 100 100 100 100 100 116 102 100 100 100 100 100 102 70 100 100 102 196 68 68 70 100 84 196 100 68 68 116 100
153 153 217 217 217 217 217 155 217 217 217 217 217 219 153 217 153 157 217 217 216 217 217 217 221 217 221 216 216 153 217 212 213 156 153 216 217 216 217 217 213 216 221 220 220 216 217 220 72 96 112 100 64 1 32 0 136 8 0 8 60 46 106 42 106 111 106 123 110 42 20 47 36 12 40 64 112 128 40 0 32 128 32 0 49 66 32 6 100 84 116 100 100 116 100 68 102 84 100 196 68 64 4 1 68 4 68 16 68 96 8 32 8 36 40 116 58 124 124 124 126 188 252 212 68 100 68 100 21 36 6 100 68 102 36 100 20 100 100 118 102 84 100 116 100 102 100 100 116 116 100 36 100 100 102 116 102 100 116 100 116 102 100 100 100 102 110 110 110 110 110 110 110 103 102 38 102 118 102 102 118 102 102 102 102 102 102 102 102 38 102 100 102 100 116 102 100 100 100 100 116 102 84 116 118 102 212 100 86 100 100 102 102 116 100 100 100 100 100 100 100 116 100 116 102 100 100 228 68 68 68 100 100 116 68 70 68 68 68 100
153 153 217 217 217 217 217 217 218 217 217 153 217 217 219 153 217 153 220 217 153 216 217 217 217 221 217 213 216 217 217 217 212 153 156 217 216 217 217 217 217 221 220 221 220 220 152 217 72 64 100 104 68 128 32 8 8 0 40 8 44 106 42 106 111 110 91 46 106 20 42 36 28 40 16 33 64 34 64 36 2 36 1 48 64 40 2 98 4 100 84 116 100 100 100 100 84 102 68 68 68 84 16 4 0 68 20 100 128 72 36 9 48 8 100 56 124 126 124 126 252 190 220 252 196 68 116 68 100 5 100 132 102 68 100 36 100 4 102 100 118 102 84 100 100 100 100 100 100 118 100 100 38 100 116 102 100 100 100 116 100 100 100 100 100 108 110 110 110 110 110 110 110 102 102 102 54 102 102 118 102 102 102 102 102 102 102 102 102 102 38 102 100 100 100 100 100 100 100 100 102 84 102 84 84 246 102 84 100 68 100 100 102 102 100 100 100 102 100 100 100 116 116 100 100 102 100 100 68 68 68 68 100 116 100 68 68 68 68 100
153 153 153 217 217 216 217 216 217 219 217 217 217 217 217 219 153 216 217 221 152 217 217 217 217 153 217 217 221 217 217 217 217 220 153 220 217 217 217 217 217 157 217 220 217 156 220 220 76 64 96 116 80 0 4 8 4 9 8 40 40 42 106 111 110 95 110 42 46 106 36 10 40 20 40 0 34 64 48 0 36 2 96 17 40 32 96 7 96 4 100 84 100 100 100 102 100 196 68 70 68 68 68 0 4 0 84 4 64 64 8 96 9 32 12 92 124 124 94 252 254 220 254 220 196 68 68 100 68 100 4 100 68 100 68 116 38 100 68 102 100 118 102 68 100 100 100 102 100 100 100 102 100 36 100 100 100 102 100 100 116 100 116 100 100 108 110 46 110 110 110 110 110 102 102 118 102 38 86 102 102 102 102 102 102 102 102 102 102 102 102 38 100 100 100 100 100 100 102 100 118 102 84 102 84 84 118 102 68 100 68 100 102 102 102 100 100 100 100 100 100 100 116 100 102 102 100 102 68 68 70 68 68 102 100 68 100 68 70 100
153 153 153 217 217 217 220 217 217 217 219 217 217 153 217 217 202 217 216 217 221 217 217 217 217 216 217 217 217 221 217 217 217 153 220 217 221 217 217 217 217 217 157 217 220 217 220 220 92 96 192 104 116 2 64 4 12 8 136 40 42 106 111 102 123 110 102 46 106 46 138 44 64 40 32 32 96 36 64 48 1 96 0 100 32 33 48 96 36 96 4 100 68 100 116 116 116 196 196 68 68 84 68 68 1 132 32 80 0 96 80 136 40 8 12 92 124 124 252 190 252 222 220 246 196 68 100 68 100 100 100 68 116 100 100 68 100 36 116 68 102 100 102 100 68 100 102 100 100 100 100 100 100 102 36 100 100 100 100 100 100 84 100 116 116 110 110 110 110 110 110 110 46 102 86 102 102 70 38 70 102 102 102 102 102 102 102 102 102 102 102 100 36 100 100 100 100 116 100 102 102 118 102 84 102 86 84 102 102 100 102 68 100 102 102 100 100 116 100 100 100 100 100 100 100 102 102 100 68 100 100 68 68 68 116 102 68 70 100 68
153 153 153 217 217 217 153 221 217 217 217 217 153 217 153 217 217 218 217 217 217 221 217 217 217 217 217 217 217 217 221 216 217 216 217 157 217 221 216 217 217 217 217 221 217 212 221 156 156 72 96 96 40 68 32 16 8 8 12 40 106 111 110 127 102 110 110 106 38 138 45 0 40 32 33 32 96 66 96 64 96 128 96 4 32 33 41 33 100 100 96 132 100 68 102 84 116 196 196 68 70 196 68 84 132 4 8 32 64 0 104 12 8 136 44 92 92 116 220 252 254 188 222 220 196 68 100 116 84 100 102 100 68 100 100 100 68 116 36 116 68 102 100 100 116 196 100 100 100 100 100 116 100 100 102 36 100 100 116 100 100 100 86 102 116 110 110 102 110 46 110 110 102 118 102 70 102 102 70 38 70 102 102 102 102 102 102 102 102 102 102 100 102 36 100 100 100 100 100 100 118 102 118 102 84 102 86 68 102 102 102 100 68 100 102 100 100 100 100 100 100 100 100 100 116 100 102 116 100 84 100 68 68 68 196 100 70 100 68 68
153 153 153 153 217 216 217 217 157 217 153 217 217 153 217 217 217 217 219 217 217 217 221 217 217 216 217 217 217 217 217 221 216 217 217 217 157 217 213 153 217 217 217 217 213 217 220 217 136 104 96 96 80 34 0 32 136 8 8 41 107 110 63 110 102 110 110 46 170 45 2 40 32 33 32 36 40 104 64 96 64 100 128 48 8 32 33 36 32 100 100 96 5 100 84 102 84 68 228 68 196 68 68 196 4 16 4 32 8 64 10 136 9 136 44 116 92 92 252 124 252 214 252 206 228 84 68 100 84 84 100 100 116 68 100 100 100 68 118 100 100 84 100 116 100 100 68 116 116 100 100 100 116 100 100 100 36 100 100 100 100 100 100 86 102 110 110 110 110 110 110 110 86 102 102 102 70 102 102 70 38 70 102 102 102 102 102 102 102 102 102 102 100 100 37 100 100 100 102 100 100 118 102 118 102 212 102 70 100 102 102 100 100 68 102 100 116 100 102 102 100 102 100 116 100 116 116 102 84 100 68 68 68 84 68 68 100 68 68 68
153 153 153 153 217 217 217 217 217 157 153 217 217 217 217 217 217 217 217 219 217 217 217 221 153 217 217 217 217 217 217 216 220 217 217 217 217 221 153 221 217 216 217 217 217 221 217 220 8 104 96 96 98 32 96 16 136 8 8 41 111 127 110 110 110 110 110 42 47 2 42 32 32 32 34 36 40 104 96 64 112 80 48 128 34 32 34 32 36 40 100 100 112 5 116 84 102 70 68 196 68 68 68 196 8 20 16 128 2 9 168 40 136 9 36 44 124 94 124 188 252 244 222 108 196 228 68 196 100 84 68 100 100 100 100 116 100 100 68 100 100 116 84 116 100 100 100 84 116 100 100 100 116 100 116 100 100 36 116 100 102 102 100 100 78 110 46 110 110 110 110 110 110 70 102 102 102 70 102 102 70 38 102 102 102 102 102 102 102 102 102 102 100 100 102 36 102 102 100 100 116 100 118 102 246 102 84 102 70 100 102 100 116 102 68 100 100 100 116 102 102 100 100 100 116 100 116 84 102 84 68 68 196 68 68 100 68 100 68 68
153 153 153 153 216 217 217 217 217 153 157 217 216 217 153 217 217 216 217 217 219 217 217 217 217 217 217 217 217 153 217 217 216 221 217 217 217 217 217 153 217 217 217 217 153 153 221 217 72 104 96 96 96 96 33 98 8 40 8 41 127 111 110 110 110 102 110 47 2 42 96 34 32 48 100 32 44 104 96 112 66 114 64 32 0 34 32 32 33 37 32 116 100 112 133 84 196 70 68 68 196 68 68 68 4 8 20 0 41 24 40 136 8 4 40 44 116 124 126 252 252 252 188 204 116 196 196 68 68 100 68 70 100 100 116 100 100 100 100 68 100 100 118 84 100 116 100 102 84 100 100 100 100 116 100 100 100 100 36 102 100 102 100 102 110 110 110 110 110 110 110 110 110 102 70 102 102 102 70 102 102 70 38 102 102 102 102 102 102 102 102 102 100 100 100 102 52 102 100 100 100 116 100 246 102 118 102 70 102 198 100 100 102 100 100 70 100 100 100 100 102 100 100 116 100 116 100 84 84 102 68 100 68 68 84 68 102 68 100 68
153 153 153 152 217 217 153 217 217 217 153 221 153 217 217 217 217 217 217 217 153 219 217 217 217 217 153 217 217 217 217 216 217 217 221 217 217 216 217 217 153 217 217 216 217 153 217 221 72 106 100 96 96 96 96 41 40 10 41 41 111 103 110 46 46 110 107 130 42 96 98 32 33 32 96 36 40 104 96 104 80 74 104 4 32 8 36 36 33 34 38 32 116 100 80 133 68 84 70 68 68 70 68 100 0 4 40 32 136 41 8 136 32 9 44 100 44 124 252 190 220 252 204 188 204 100 196 84 100 68 68 100 68 100 100 100 100 100 100 100 196 100 100 118 84 102 100 84 102 68 100 116 100 100 100 100 100 100 102 100 102 100 102 108 110 110 110 110 110 110 110 110 110 102 102 70 102 102 102 70 102 102 70 38 102 102 102 102 102 102 102 102 100 100 100 116 102 36 100 100 100 100 116 116 102 102 102 102 198 102 68 100 100 102 100 100 68 100 100 100 100 100 100 116 116 100 116 100 84 84 100 84 70 68 68 68 68 116 196 84
153 153 152 153 217 217 217 217 217 216 217 153 213 217 216 217 217 217 217 217 217 217 155 217 217 153 217 217 217 217 217 217 217 217 217 221 217 217 217 217 153 217 153 217 217 217 153 217 200 108 100 104 96 96 104 44 12 41 41 43 111 47 102 46 110 111 234 42 96 34 96 96 32 34 32 32 40 40 104 96 104 120 104 32 1 40 32 96 48 100 96 36 96 116 100 64 6 84 100 68 68 196 68 100 4 4 34 40 40 10 8 0 136 40 36 60 44 124 252 220 222 220 124 204 236 196 68 196 68 68 68 68 100 68 100 102 116 100 100 100 100 68 116 100 118 70 100 100 68 100 68 100 100 116 100 102 116 100 100 102 100 102 108 110 110 110 110 110 110 46 110 110 110 102 102 102 70 102 102 102 70 102 102 70 38 102 102 102 102 102 102 102 100 102 116 100 100 100 36 100 100 100 100 84 100 102 102 230 102 102 100 68 116 100 102 100 100 68 116 100 100 100 100 100 116 84 100 116 102 84 84 100 68 68 100 84 196 100 84 196
153 152 153 153 217 153 217 217 217 217 217 209 153 220 216 217 153 217 217 217 217 217 217 155 217 217 217 217 217 153 217 217 217 217 217 217 221 217 217 217 217 153 153 217 217 217 217 217 232 108 110 96 96 96 104 12 40 41 43 111 47 102 46 110 103 230 106 96 42 96 36 112 96 32 40 96 40 41 106 120 104 108 108 2 32 32 32 48 96 48 100 98 36 96 100 68 80 6 84 68 68 68 68 68 4 16 9 40 8 8 2 24 8 32 40 44 60 124 220 252 220 222 212 236 140 196 196 68 68 68 68 70 68 100 68 116 102 102 100 100 102 100 84 116 116 102 84 100 100 68 116 68 116 100 100 116 102 100 100 100 102 108 110 110 110 110 110 110 46 110 102 110 110 102 102 102 102 70 102 102 102 70 102 102 70 38 102 102 102 102 102 102 102 116 102 100 100 100 100 36 100 100 100 100 70 100 230 102 102 102 100 102 68 100 100 100 116 100 68 102 100 100 102 100 100 116 212 100 116 102 86 196 68 68 100 100 68 196 100 68
152 153 153 153 153 217 217 217 217 217 153 217 216 153 220 153 217 217 217 217 217 216 217 217 203 217 217 217 153 153 217 217 217 217 153 217 217 157 217 217 153 217 153 153 216 217 217 153 232 108 108 96 96 104 40 40 40 41 103 47 102 38 110 111 230 110 106 106 96 32 96 36 112 40 36 40 56 42 120 106 106 108 124 96 128 40 34 32 48 98 36 100 96 37 104 84 84 84 6 68 196 100 68 68 0 4 8 8 8 4 28 42 8 9 41 44 60 60 244 220 252 220 214 204 196 132 196 196 100 68 100 70 68 68 100 68 100 102 102 102 100 100 100 86 116 116 102 84 100 100 68 116 100 100 100 100 102 100 100 100 44 110 110 110 110 110 46 110 110 110 110 102 110 102 102 102 102 102 70 102 102 102 70 102 102 70 38 102 102 102 102 102 118 102 100 100 102 116 100 100 100 100 100 100 100 70 100 102 102 102 102 100 102 68 100 100 116 100 100 100 100 100 100 116 100 100 84 84 100 116 230 68 100 68 68 102 68 68 196 100
156 153 153 153 153 153 217 153 153 216 153 217 217 220 153 221 217 217 217 217 216 217 217 217 217 218 217 217 216 153 217 217 217 153 217 217 217 217 221 153 217 153 217 152 217 217 216 200 232 108 44 96 96 108 40 40 40 49 43 102 38 46 111 110 102 102 106 106 96 104 32 100 38 33 40 40 40 120 106 42 110 108 108 100 32 32 36 40 32 36 96 38 100 96 116 104 86 84 84 68 100 84 68 68 4 1 136 10 0 8 24 12 40 9 40 44 60 116 60 252 220 124 220 196 196 212 132 196 100 100 70 100 70 84 68 102 196 100 102 102 100 100 100 100 86 116 116 102 68 116 102 68 100 100 100 100 100 100 100 100 110 110 110 110 110 110 110 110 110 102 110 110 102 102 102 102 102 102 102 70 102 102 102 102 102 102 70 38 102 102 102 118 102 102 100 100 118 102 100 100 100 100 102 100 100 100 70 102 102 102 102 102 116 100 84 100 100 100 102 100 100 100 102 100 100 102 116 84 84 102 100 100 68 68 70 70 68 70 70 68
152 157 153 153 153 153 153 217 152 153 217 153 217 217 221 217 217 217 216 217 217 217 217 217 216 217 219 217 217 217 217 153 217 217 153 217 217 153 217 220 153 217 153 216 217 217 217 200 232 110 96 48 96 104 56 40 32 42 102 34 46 47 110 110 102 110 110 42 104 96 96 32 41 32 40 41 40 40 106 110 110 108 108 100 40 32 32 32 32 34 36 96 52 102 96 116 120 86 212 68 68 100 68 68 16 0 8 64 136 10 8 12 12 40 56 44 53 52 60 252 220 220 220 228 196 228 196 164 68 100 100 70 84 70 68 196 100 84 102 102 100 100 116 100 100 86 116 100 100 68 100 100 84 100 100 100 100 100 116 100 110 110 110 110 110 102 110 110 110 46 46 110 102 102 102 102 102 102 102 102 70 102 102 102 102 102 102 70 38 102 118 102 102 102 100 102 100 102 100 100 102 100 100 100 100 100 100 70 102 102 102 118 102 116 100 68 100 100 100 100 100 100 100 100 100 116 102 116 86 68 100 100 68 84 68 70 70 68 102 68
152 153 153 153 153 153 153 153 217 153 153 217 217 217 217 220 217 217 216 217 217 217 217 217 217 217 217 219 217 217 216 217 217 217 216 217 217 217 217 217 217 153 220 217 217 217 217 200 232 104 96 96 48 104 104 32 41 102 38 46 47 110 110 46 110 110 110 104 104 100 100 32 96 40 40 40 40 40 110 102 46 110 108 100 32 48 32 36 32 36 32 36 96 36 100 98 116 248 86 68 68 68 68 68 70 0 1 12 10 8 40 44 9 42 40 54 46 53 60 188 252 220 220 196 228 196 228 68 36 84 100 84 70 68 196 68 100 116 68 102 100 100 116 100 100 100 86 102 100 100 68 100 100 100 100 100 100 100 100 100 110 102 110 110 46 110 110 110 110 46 110 110 102 102 102 102 102 102 102 102 102 70 102 102 102 102 102 102 70 54 102 102 102 102 102 100 102 100 100 100 100 102 100 102 100 100 100 100 70 102 118 102 118 102 100 102 68 100 100 102 116 116 100 100 100 100 116 102 118 68 70 100 68 84 68 70 70 102 84 68
152 153 153 153 153 153 153 153 153 216 153 217 217 216 217 217 221 217 217 217 216 153 217 217 217 217 217 153 219 216 217 216 217 217 217 217 217 217 217 217 217 216 217 221 216 217 217 200 232 106 100 96 96 120 108 56 32 33 38 47 110 110 110 110 110 110 102 104 104 96 100 96 32 56 42 40 40 40 110 110 110 110 110 100 40 32 48 34 52 32 36 48 36 96 36 116 98 116 120 68 100 84 100 68 68 1 128 8 8 10 40 12 44 40 34 40 53 46 61 188 252 252 220 196 196 228 196 100 100 52 212 100 70 68 100 68 70 100 100 68 100 116 100 100 100 100 100 70 100 100 100 68 116 100 100 100 100 100 102 100 102 110 102 110 110 110 110 110 110 110 110 110 102 102 102 102 102 102 102 102 102 102 70 102 102 102 102 102 102 70 39 102 102 102 102 102 100 102 102 100 100 100 102 100 100 116 100 100 116 86 102 102 102 102 102 100 100 68 116 116 102 116 116 100 100 100 100 116 102 70 100 68 68 196 68 68 102 86 102 68
152 153 153 153 153 153 153 153 152 153 217 217 217 217 153 217 217 220 217 217 217 217 217 216 217 217 217 217 217 219 216 216 217 217 216 217 216 217 217 217 217 217 217 153 221 217 217 200 232 108 96 96 96 40 120 100 40 33 57 110 110 110 110 110 110 46 110 104 104 96 96 96 40 42 40 40 56 40 110 110 110 110 110 124 32 48 96 20 98 37 48 100 32 100 100 36 116 98 116 100 196 100 68 84 68 8 0 24 9 40 8 45 40 48 40 36 40 61 62 189 252 252 252 196 196 196 228 68 100 84 52 100 84 100 70 68 100 68 100 100 68 102 100 100 100 102 100 102 68 100 100 100 68 100 100 100 100 116 100 102 124 102 102 110 110 110 110 110 110 110 110 46 102 102 102 102 102 102 102 102 102 102 102 70 102 102 102 102 102 103 70 38 102 102 102 102 102 100 102 100 100 100 100 100 100 100 102 100 100 116 70 102 102 102 102 116 100 100 70 116 116 102 118 100 100 100 100 100 100 102 196 196 68 68 68 68 84 102 70 70
152 153 153 153 153 153 153 152 153 153 217 217 217 216 217 217 217 216 213 217 153 217 216 217 217 217 217 217 217 217 219 216 217 217 217 216 217 217 217 217 217 217 217 217 216 220 217 200 236 106 96 112 100 104 108 40 32 40 40 110 110 110 110 110 110 110 110 104 120 96 100 96 40 40 40 40 41 44 110 110 102 110 62 110 48 32 48 96 5 48 37 40 100 32 100 100 36 116 98 100 100 100 68 68 68 32 9 24 24 10 40 56 36 42 40 40 60 60 189 190 253 244 244 196 196 196 212 100 68 102 68 52 100 100 68 68 68 102 68 100 100 68 100 116 100 102 102 100 100 68 100 100 100 68 100 100 100 100 100 124 102 100 110 110 110 110 110 110 110 110 110 102 102 102 102 102 102 102 102 102 102 102 102 102 198 102 102 102 99 102 102 70 38 102 102 102 102 102 116 100 100 100 100 100 100 100 102 100 102 100 100 70 102 102 118 102 116 100 116 70 118 118 102 100 102 100 100 100 100 228 68 212 68 84 70 196 68 68 70 198
153 153 153 153 153 153 152 153 153 153 217 217 153 153 217 217 217 216 152 221 217 217 217 217 217 217 153 217 217 217 153 203 217 217 216 217 217 217 217 217 217 217 217 153 216 216 220 216 232 104 96 96 96 108 108 34 40 42 44 110 46 110 110 110 110 110 102 104 104 98 112 96 40 40 44 44 42 45 102 110 110 126 110 54 110 48 32 32 32 21 32 36 40 116 34 116 100 37 100 96 100 102 70 68 68 8 40 25 40 42 40 40 41 44 42 40 60 60 188 245 254 253 244 196 212 212 196 68 100 68 100 68 36 102 100 84 84 100 100 68 100 100 68 100 100 100 102 100 100 100 84 100 100 100 68 100 100 100 100 100 100 102 110 110 110 110 110 110 46 110 110 102 102 102 102 102 102 102 102 102 102 102 102 230 102 70 102 103 102 98 102 102 70 102 102 102 102 118 102 100 100 100 100 100 100 100 100 102 100 100 100 100 70 118 102 118 102 84 116 116 70 118 102 102 116 116 100 102 100 100 196 68 84 68 196 100 70 68 228 70
153 153 153 153 153 152 153 153 153 153 217 217 216 153 153 217 217 217 216 217 221 217 217 217 217 217 217 217 217 217 200 217 219 217 217 217 216 153 217 217 217 217 217 220 216 220 216 220 232 104 104 104 96 44 124 41 42 44 46 46 110 110 110 110 110 110 110 108 104 112 98 112 56 41 44 44 47 38 44 110 62 110 126 110 54 110 36 33 128 32 4 96 36 40 116 34 100 102 37 100 96 100 70 70 68 9 136 40 40 44 40 41 40 40 42 40 60 60 244 188 252 254 253 212 196 212 228 68 68 100 68 116 196 36 100 100 212 68 100 100 68 100 100 68 100 100 100 100 100 100 100 68 100 100 100 68 100 102 100 100 100 108 110 110 110 102 110 110 110 46 110 102 102 102 102 102 102 102 102 102 102 102 102 102 102 102 70 102 102 102 98 102 102 70 102 102 102 102 102 100 102 116 100 100 100 100 100 102 100 100 100 100 116 198 118 102 118 102 84 116 116 70 102 86 102 116 100 100 100 100 70 68 68 100 68 68 68 100 100 68
153 153 153 153 152 153 153 153 153 153 217 217 217 217 153 217 217 217 153 217 153 221 217 217 217 217 217 217 217 217 217 217 217 155 217 217 217 153 217 217 217 217 217 217 220 216 220 216 232 120 104 120 104 108 44 40 44 46 46 46 110 46 110 110 110 110 46 110 104 104 112 98 104 40 46 46 38 36 46 63 110 126 110 94 46 38 32 2 96 1 34 4 32 36 56 116 34 101 102 36 116 112 100 70 68 9 9 56 41 42 40 40 40 40 40 42 62 52 52 124 252 125 254 249 212 196 196 68 68 68 100 196 100 68 36 102 100 68 68 100 100 100 100 100 68 100 116 100 116 100 100 100 70 102 100 116 68 100 100 102 100 110 110 110 102 110 110 110 110 110 102 102 102 102 102 102 102 102 102 102 102 102 102 102 102 102 102 70 102 102 102 98 102 102 102 102 102 102 102 102 116 102 100 100 100 100 100 100 100 116 100 100 116 116 198 118 102 118 102 212 116 100 86 102 86 102 100 116 100 100 68 100 84 196 84 100 68 68 100 70
153 153 153 152 153 153 153 153 153 153 217 217 217 217 216 153 217 217 217 153 153 217 217 217 217 217 217 217 217 217 217 217 217 217 219 217 217 216 217 217 217 217 217 216 217 220 216 220 248 248 122 104 104 108 40 44 44 46 46 110 38 110 110 110 46 102 102 110 104 104 104 104 40 40 47 38 38 38 63 102 110 110 126 110 38 36 130 100 128 33 6 32 132 32 54 56 97 34 100 100 36 116 104 68 68 9 10 41 40 40 40 40 44 40 40 62 52 62 52 124 60 188 253 254 248 196 196 196 196 84 68 100 68 100 68 36 100 68 68 68 100 102 100 102 100 68 100 116 100 100 100 100 100 70 100 100 100 70 100 100 102 110 110 110 110 110 46 46 110 110 102 102 102 102 102 102 102 102 102 102 102 102 102 102 102 102 102 102 70 102 102 102 102 102 102 102 102 102 102 118 102 116 100 100 100 116 100 100 100 100 100 100 100 116 116 198 118 102 118 102 212 116 100 86 102 198 100 116 102 102 100 68 100 84 196 100 84 68 70 70
153 153 152 153 153 153 153 153 153 153 217 217 217 217 217 216 217 217 216 217 153 217 217 217 217 216 217 217 217 217 217 217 217 217 217 219 217 217 217 217 153 217 217 217 216 217 220 216 220 252 248 104 104 104 45 36 44 38 110 46 110 110 110 110 102 39 110 46 104 104 104 104 56 40 38 38 38 63 102 46 46 126 110 102 52 3 100 192 48 16 34 5 96 68 40 38 40 100 34 100 100 36 116 66 196 8 41 40 40 41 41 42 42 56 40 52 62 20 63 60 92 180 252 253 254 200 196 196 196 228 68 196 100 84 100 68 38 68 196 68 100 100 102 100 100 116 68 100 100 102 100 100 100 102 68 100 100 100 68 100 44 110 110 110 110 110 47 110 110 46 102 102 102 102 102 102 102 102 102 102 102 102 102 102 102 102 102 102 102 70 102 102 102 102 102 102 102 102 118 102 118 102 100 102 100 116 100 116 100 100 100 100 100 116 116 116 198 118 102 214 102 212 118 100 198 102 68 100 100 102 100 100 68 100 68 68 102 68 100 70
153 153 153 153 153 153 153 153 153 153 217 217 217 217 153 217 217 217 217 217 153 217 217 217 217 217 153 217 217 217 217 217 217 217 217 217 219 153 217 216 217 217 153 217 217 216 217 212 220 252 252 104 104 104 36 44 36 108 46 110 110 110 102 46 103 110 46 104 40 104 104 106 104 32 40 38 59 102 46 46 126 110 110 118 66 100 16 96 192 34 21 40 5 96 100 42 100 32 100 34 100 100 36 196 80 9 56 40 40 41 40 42 60 42 16 40 21 62 61 31 60 28 252 252 252 204 192 196 196 196 196 100 68 100 68 116 100 4 68 70 68 100 100 100 100 100 100 70 116 116 100 100 100 100 100 100 100 102 100 84 100 110 110 110 110 111 46 110 102 102 38 102 102 102 102 102 102 102 102 102 102 102 102 102 102 102 102 102 102 102 198 102 102 102 102 102 102 118 102 118 102 102 102 100 100 100 116 100 100 100 100 100 100 100 116 116 116 198 246 102 214 102 212 102 100 70 100 84 100 100 100 100 116 68 68 68 100 116 70 84
153 153 153 153 153 153 153 153 153 153 217 217 217 217 217 153 216 217 217 153 217 217 216 216 216 217 217 216 217 217 217 217 216 217 217 217 153 203 217 217 217 217 217 217 217 216 220 217 220 252 252 108 104 120 44 36 44 44 110 110 110 110 102 103 46 110 104 40 106 104 104 104 120 40 32 25 102 42 46 126 110 110 126 110 102 64 116 0 104 21 34 5 32 36 104 100 33 116 96 100 36 102 84 4 196 28 41 42 40 40 40 52 42 144 43 16 44 61 31 60 159 60 252 220 188 204 228 192 212 228 196 68 102 68 100 196 100 68 20 68 68 84 102 102 100 100 100 116 70 116 102 100 100 116 100 100 116 100 116 100 68 110 110 110 111 110 110 110 102 102 102 38 102 102 102 102 102 102 102 102 102 102 102 102 102 102 102 102 102 230 102 70 102 102 102 102 86 102 118 102 102 102 102 116 100 100 100 100 100 100 100 100 100 100 102 116 116 116 198 246 102 214 102 68 102 116 68 100 68 100 100 100 100 68 100 68 68 102 212 70
153 153 153 153 153 153 153 153 153 153 217 216 217 217 217 216 217 217 217 217 217 216 153 216 216 217 217 217 216 217 216 217 217 153 217 216 201 217 217 217 217 217 153 217 217 217 216 220 221 252 252 108 104 106 36 44 46 44 110 110 110 110 102 102 110 110 106 104 108 120 120 120 104 32 136 32 8 38 126 110 110 126 102 110 102 100 64 100 8 120 133 48 4 96 100 112 102 33 100 100 100 116 102 68 4 216 40 41 40 40 33 40 144 42 80 43 52 29 60 31 61 191 244 188 140 236 196 196 192 196 196 68 70 100 70 100 70 68 196 132 68 68 68 102 116 100 100 100 116 70 100 100 100 116 100 100 100 116 100 116 100 110 110 47 110 110 110 110 102 102 102 102 38 102 102 102 102 102 102 102 102 102 102 102 102 102 102 102 230 102 102 102 70 102 102 118 102 70 102 102 102 102 118 102 100 100 100 100 100 100 100 100 100 100 116 102 116 118 84 198 246 102 70 102 84 102 100 68 100 68 100 100 100 100 84 196 196 212 102 68
153 153 153 153 153 153 153 153 153 153 217 217 217 217 217 217 217 217 217 217 217 216 216 217 216 217 217 217 217 216 217 217 216 217 217 217 217 216 216 217 153 153 217 217 217 216 217 220 156 245 252 44 104 100 40 46 44 47 110 110 110 110 102 110 110 110 110 104 104 124 120 122 104 8 96 9 32 216 110 110 94 110 110 102 102 100 100 80 104 24 56 133 40 132 96 100 97 100 34 100 100 102 100 196 66 12 40 56 40 96 40 0 41 80 42 52 11 60 21 53 63 244 175 204 172 204 196 196 196 192 212 100 100 198 100 70 68 68 68 70 4 196 68 84 102 100 100 100 102 100 68 100 116 116 100 116 100 100 84 116 100 110 111 110 110 110 110 110 102 102 102 102 102 38 102 102 102 102 102 102 102 102 102 102 102 102 102 230 102 102 102 102 102 70 118 102 102 102 70 102 102 118 102 102 100 100 100 100 100 100 102 116 100 116 100 116 102 116 118 116 230 102 102 86 102 196 100 116 68 100 70 100 100 100 100 84 196 196 68 70
153 153 153 153 153 153 153 153 153 153 217 217 217 217 217 217 217 217 153 217 153 216 220 220 153 217 217 217 217 217 217 217 217 217 153 217 217 217 216 217 217 153 216 217 217 217 216 220 212 148 189 120 108 104 44 44 46 110 110 110 110 110 110 110 110 110 110 104 104 120 92 120 104 98 12 96 40 104 110 126 46 110 46 102 102 100 100 102 88 56 1 41 132 32 20 96 100 96 100 32 100 102 102 68 78 24 40 40 36 40 0 40 1 41 20 10 61 87 60 21 244 47 236 173 236 236 196 196 196 196 192 68 100 100 198 100 196 68 100 70 100 4 70 68 68 100 100 100 100 100 102 196 100 116 116 102 100 116 100 84 102 107 46 110 46 110 110 110 102 102 102 102 102 102 38 102 102 102 102 102 102 102 102 102 102 102 228 102 102 102 102 102 102 118 198 102 102 102 102 70 118 102 102 102 100 100 100 100 100 100 118 102 118 100 116 100 116 102 116 118 100 102 118 102 198 102 100 100 100 68 100 68 100 100 100 100 68 196 84 68
153 153 153 153 153 153 153 153 153 153 216 217 217 217 216 217 153 217 216 153 216 217 212 220 221 217 217 217 217 217 217 217 217 217 217 217 217 217 217 217 217 216 217 153 217 216 217 220 220 212 56 249 108 108 45 44 110 110 110 110 110 110 110 110 110 102 110 40 104 120 120 92 104 108 96 24 104 104 94 110 110 46 102 38 102 116 100 124 110 192 40 64 32 36 33 5 98 100 96 100 34 100 102 70 92 78 44 36 40 128 40 0 44 32 41 57 151 61 87 60 149 172 173 252 236 236 196 212 228 196 196 64 196 100 102 196 68 68 68 116 68 196 4 70 70 68 100 102 100 102 228 116 68 100 116 100 100 100 116 100 77 110 110 47 110 110 110 110 102 102 102 102 102 102 102 38 102 102 102 102 102 102 102 102 102 230 102 100 102 102 102 102 118 230 102 70 102 102 102 86 70 102 102 102 100 100 100 100 100 100 100 118 102 116 100 84 100 116 102 116 102 116 102 102 102 102 100 102 100 100 68 100 68 100 116 102 68 84 196 100
153 153 153 153 153 153 153 153 153 152 217 217 217 217 217 217 217 153 217 216 153 216 217 220 220 221 217 217 153 217 153 217 217 217 217 153 217 217 217 217 216 217 216 216 153 217 152 221 220 220 252 122 108 108 44 44 110 110 110 110 110 102 102 46 102 110 110 104 104 120 122 120 108 104 108 104 104 104 110 110 110 102 39 102 54 102 116 108 228 108 68 40 2 36 20 34 5 96 100 104 100 34 100 78 78 108 36 40 0 40 4 44 36 40 41 17 57 151 29 87 44 173 172 237 236 236 196 196 196 196 196 196 66 68 228 84 68 68 100 196 70 68 68 4 70 68 68 100 102 228 116 228 100 196 100 100 116 102 100 100 108 102 107 110 110 110 110 102 102 102 102 102 102 102 102 102 38 102 102 102 102 102 102 102 230 102 102 102 100 102 102 118 230 102 102 102 70 102 102 102 102 198 102 102 100 116 100 100 102 116 100 100 86 102 116 100 84 100 116 102 84 102 100 102 102 102 102 102 100 100 100 68 100 68 100 100 68 196 68 68
153 153 153 153 153 153 153 153 152 153 217 217 217 217 217 217 217 153 217 216 216 216 216 221 156 220 221 153 217 153 217 217 217 217 217 217 217 217 217 217 217 220 217 216 217 153 217 220 221 220 252 252 108 108 44 44 110 110 110 110 110 102 110 102 47 110 110 104 104 120 120 106 104 108 104 40 104 40 110 110 110 103 102 54 102 54 102 100 100 100 108 0 37 64 32 1 32 5 112 100 98 102 34 110 46 108 42 0 42 1 40 38 40 40 3 43 17 25 215 61 47 172 173 236 236 236 212 196 196 196 196 196 70 80 68 228 100 68 68 68 196 68 68 68 4 196 68 68 228 116 228 100 228 100 68 116 100 100 102 100 100 125 110 110 102 110 110 102 102 102 102 102 102 102 102 102 102 38 102 102 102 102 102 102 102 102 102 102 102 100 118 102 102 102 102 102 102 102 102 102 230 102 70 102 100 102 100 100 116 102 116 100 100 86 102 116 100 84 102 116 102 68 102 116 102 102 102 102 100 100 102 100 100 100 68 100 84 68 68 68
153 153 153 153 153 153 153 153 153 153 217 217 217 217 153 216 217 153 217 153 220 220 216 156 221 220 220 157 153 217 217 217 217 153 217 217 217 217 217 217 217 217 212 217 217 217 217 221 220 221 124 252 44 108 45 44 110 110 102 110 110 110 102 111 110 110 110 104 104 120 124 40 108 104 104 120 44 104 110 110 47 102 118 102 54 102 102 100 102 100 100 52 0 32 1 48 1 34 1 96 100 98 110 46 110 46 16 42 1 40 48 41 40 0 56 17 43 17 59 111 172 173 172 236 172 236 236 196 212 228 196 196 84 70 64 68 100 100 68 84 100 68 68 68 84 4 68 68 70 244 100 228 100 100 100 68 100 100 100 100 100 108 110 102 110 46 102 102 102 102 102 102 102 102 102 102 102 102 102 102 102 102 102 102 102 102 102 102 102 102 102 102 102 102 102 102 102 102 102 230 102 102 102 70 102 100 100 100 102 84 102 100 100 100 86 102 116 100 84 102 100 102 84 102 100 102 102 102 100 100 100 116 116 100 100 68 100 68 196 84
153 153 153 153 153 153 153 153 153 153 217 216 217 217 216 153 217 153 153 216 220 220 220 220 220 221 220 217 157 217 217 217 217 217 217 217 217 217 217 217 153 217 217 217 216 217 216 213 213 220 253 124 108 44 36 44 110 110 110 110 110 110 111 110 110 110 110 120 104 122 120 108 104 104 104 120 104 44 110 111 102 38 102 118 102 38 102 102 100 100 100 64 96 16 32 1 96 33 40 0 96 108 46 110 46 16 46 3 40 40 40 40 32 40 20 40 17 43 103 47 173 172 172 172 252 236 236 196 212 196 196 196 196 68 68 64 68 100 100 84 68 68 84 68 70 100 6 68 116 70 244 100 100 102 116 100 84 100 100 100 100 124 110 110 110 102 38 102 102 102 102 102 102 102 102 102 102 102 102 102 102 102 102 102 102 102 102 102 102 102 102 102 102 102 102 102 102 102 230 102 102 102 102 102 70 100 100 100 116 102 68 100 100 100 116 86 102 118 100 100 102 116 102 68 102 100 102 102 116 100 100 100 116 116 100 100 84 68 68 196
153 153 153 153 153 153 153 153 153 153 217 216 217 217 217 216 153 217 152 217 220 220 212 220 220 220 221 221 217 221 217 153 217 217 217 217 217 217 217 217 217 217 217 217 153 216 217 216 213 221 252 249 44 100 60 44 110 110 110 110 102 111 110 110 110 110 118 110 120 88 106 104 104 120 104 120 104 44 107 110 102 102 55 102 102 102 38 102 100 100 100 104 64 96 32 48 17 34 64 40 16 124 110 46 24 46 131 44 56 40 40 34 40 64 40 16 42 103 43 169 173 172 173 173 252 172 108 196 196 196 196 196 196 68 68 68 64 68 100 100 84 68 196 70 100 70 68 5 68 244 70 102 100 116 102 84 100 68 100 100 100 108 110 110 110 102 102 38 102 102 102 102 102 102 102 102 102 102 102 102 102 102 102 102 102 102 102 102 102 102 102 102 102 102 102 102 102 230 102 102 102 102 102 102 102 70 102 100 116 100 100 70 100 100 100 116 214 102 100 100 116 102 100 102 196 102 100 118 102 100 100 100 100 116 100 100 100 68 68 68
153 153 153 153 153 153 153 153 153 153 217 217 153 153 217 217 217 153 217 216 221 220 220 220 220 220 213 213 221 217 221 217 217 217 217 153 217 217 217 217 217 217 217 217 216 217 216 153 152 221 253 252 100 44 108 36 110 102 102 110 103 110 110 110 110 118 110 126 62 124 104 120 40 106 120 104 104 104 110 110 102 119 102 38 102 102 102 102 116 100 100 96 96 66 36 16 96 64 32 0 41 124 46 25 46 131 45 42 45 40 34 40 32 56 0 56 103 43 169 169 172 169 173 172 189 100 172 70 196 196 196 196 196 68 68 100 68 64 68 100 100 100 68 100 70 68 68 68 4 70 100 70 100 100 116 102 84 100 68 100 100 108 110 110 110 102 102 102 38 102 102 102 102 102 102 102 102 102 102 102 102 102 102 102 102 102 102 102 102 102 102 102 102 102 102 102 228 102 102 102 102 102 102 102 102 102 70 100 100 100 100 100 70 100 116 100 116 70 100 100 100 100 102 228 102 68 102 100 102 100 100 100 100 116 100 100 100 68 84 100
153 153 153 153 153 153 153 153 153 153 217 217 217 153 217 217 216 216 217 217 220 221 220 220 220 220 220 213 221 221 217 213 217 217 217 217 217 217 217 217 217 217 217 217 216 216 217 216 153 221 252 245 108 100 44 108 102 102 110 103 110 102 110 46 126 110 126 126 124 62 120 104 40 120 106 104 40 104 102 110 119 102 102 102 38 102 102 118 102 100 100 96 104 100 128 36 16 96 64 32 41 47 25 46 131 46 42 45 40 96 41 33 42 2 56 33 40 169 169 172 185 45 188 173 36 172 68 132 68 196 212 196 196 70 100 196 70 68 64 68 100 100 100 68 68 68 84 68 68 36 70 100 100 100 100 84 102 68 100 68 100 44 102 110 46 102 102 102 102 38 102 102 102 102 102 102 102 102 102 102 102 102 102 102 102 102 102 102 102 102 102 102 102 102 102 230 102 100 102 102 102 102 102 102 102 102 102 70 100 100 100 100 100 84 116 116 100 100 70 100 100 100 228 102 100 102 68 102 100 100 100 102 100 100 100 100 100 68 68 68
153 153 153 153 153 153 153 153 153 153 217 153 217 217 217 217 217 152 217 216 157 156 217 220 220 220 220 220 217 221 221 217 221 217 217 216 153 217 217 217 217 217 217 153 217 216 216 217 217 221 253 188 100 108 108 108 100 46 103 46 102 110 110 118 110 126 110 110 126 120 62 40 104 104 108 104 40 108 104 118 110 102 102 102 102 38 118 102 102 100 100 96 100 96 36 8 36 1 96 0 41 25 46 131 46 42 37 40 96 41 33 40 2 57 38 40 41 169 168 169 61 188 173 37 172 6 132 84 132 68 196 196 196 100 68 68 68 68 70 66 68 100 100 68 70 68 68 68 68 70 38 68 100 100 100 100 68 100 68 100 68 100 44 110 102 38 102 102 102 102 38 102 102 102 102 102 102 102 102 102 102 102 102 102 102 102 102 102 102 102 102 102 102 102 230 102 102 102 102 102 102 102 102 102 102 102 102 102 68 100 116 100 100 100 84 116 100 100 100 68 100 100 100 100 102 100 102 68 102 100 100 100 100 102 116 100 100 100 68 68
153 153 153 153 153 153 153 153 153 153 153 217 217 153 217 217 217 217 216 216 220 153 220 221 220 156 220 220 217 213 221 221 217 221 217 217 217 217 217 217 217 217 217 217 217 217 216 217 217 221 253 100 44 108 108 108 108 99 38 102 46 46 126 110 126 46 110 126 126 126 104 42 108 104 104 104 106 120 108 108 102 102 102 102 102 118 38 102 102 100 100 100 96 100 0 100 16 96 1 48 9 40 131 46 42 39 56 33 40 33 40 4 57 34 40 40 41 168 169 43 156 173 37 172 20 132 6 164 68 132 68 196 196 68 68 68 68 68 68 70 64 68 100 196 68 68 68 68 70 100 68 36 68 100 100 100 100 70 100 68 116 68 110 110 102 102 38 102 102 102 102 39 102 102 102 102 102 102 102 102 102 102 102 102 102 102 102 102 102 102 102 102 102 230 102 102 102 102 102 102 102 102 102 102 102 102 102 102 100 68 102 100 100 100 100 84 116 100 100 102 68 116 100 100 100 102 100 102 70 100 100 100 100 84 102 100 100 100 68 100
153 153 153 153 153 153 153 153 153 153 153 217 217 216 217 217 217 217 217 216 216 220 221 220 213 220 212 220 213 217 221 221 221 217 221 217 217 216 216 217 217 217 217 217 217 217 217 217 217 221 249 108 108 108 108 44 110 100 98 46 46 126 110 126 110 46 126 126 110 126 106 110 104 106 104 104 88 106 108 108 100 102 102 102 86 102 102 38 102 100 100 100 100 96 100 0 100 0 34 129 40 17 44 42 39 60 39 40 33 41 32 40 36 42 44 40 40 169 41 156 175 53 172 36 173 68 164 4 132 196 148 68 196 68 84 68 68 100 68 68 68 68 196 68 68 196 70 84 100 100 100 68 36 84 100 100 100 100 68 100 68 116 110 110 102 102 102 102 102 102 103 102 38 102 102 102 102 102 102 102 102 102 102 102 102 102 102 102 102 102 102 102 230 102 102 102 102 102 102 102 102 102 102 102 102 102 102 102 100 102 68 100 100 100 100 102 84 100 100 100 100 68 100 100 100 102 102 100 102 68 102 116 100 100 70 100 100 100 100 68
153 153 153 153 153 153 153 153 153 153 153 217 217 217 217 217 153 217 153 216 216 220 220 213 220 212 220 212 212 221 220 217 221 221 217 221 217 217 220 217 217 217 217 217 217 217 217 153 217 216 252 108 100 108 108 108 108 102 108 46 126 110 118 110 110 62 118 126 126 110 110 42 106 120 104 104 104 124 108 124 116 100 102 86 102 70 102 102 102 100 100 100 100 100 96 100 32 36 129 36 1 44 44 39 56 39 42 97 40 96 40 96 40 44 44 42 40 57 136 173 55 174 36 164 4 164 4 132 4 133 100 132 100 68 68 100 70 68 68 68 68 68 68 68 84 70 84 198 84 100 100 102 68 36 68 116 100 100 100 68 100 196 110 110 102 102 102 102 102 103 102 102 102 38 102 102 102 102 102 102 102 102 102 102 102 102 102 102 102 102 102 230 102 102 102 102 102 102 102 102 102 102 102 102 102 102 102 102 102 100 100 68 100 100 100 116 102 196 100 100 100 100 68 100 100 100 102 102 100 102 84 102 100 100 100 68 100 100 100 70
153 153 153 153 153 153 153 153 153 153 153 217 217 217 217 217 217 153 216 217 216 220 220 220 213 220 212 156 212 220 221 213 221 221 221 217 221 153 216 221 217 217 217 217 217 217 217 217 217 217 252 100 100 108 124 44 108 108 110 126 110 126 102 110 126 118 62 126 126 46 46 106 58 106 104 104 104 108 116 124 124 100 116 102 70 102 70 102 102 100 100 116 100 100 100 96 36 0 52 65 52 44 38 60 39 42 97 40 96 41 104 40 40 44 44 40 56 8 169 37 173 36 228 4 180 4 164 20 196 20 132 100 6 84 100 196 68 68 70 68 68 68 70 68 68 84 70 84 198 68 116 100 100 68 36 196 100 100 100 100 196 100 110 110 102 102 102 102 99 102 102 102 102 102 38 102 102 102 102 102 102 102 102 102 102 102 102 102 102 102 230 102 102 102 102 102 102 102 102 102 102 102 102 102 102 102 102 102 102 100 100 116 68 100 100 100 228 116 196 100 100 100 100 84 100 100 100 102 102 116 102 68 100 100 102 100 68 100 100 68
153 153 153 153 153 153 153 153 153 153 153 217 217 217 217 153 217 216 217 216 217 220 220 220 220 213 220 212 156 220 221 221 221 221 213 221 216 220 217 153 221 217 217 217 217 217 217 153 217 217 253 102 100 108 108 44 108 44 126 110 126 110 110 118 126 126 126 110 118 46 106 58 106 106 106 104 104 108 108 124 116 116 100 100 102 70 102 70 102 100 100 100 100 100 100 100 2 36 64 54 81 36 60 38 41 97 40 96 40 104 40 56 44 44 42 44 8 40 97 41 38 36 36 164 132 164 4 164 21 196 4 4 84 6 68 68 84 70 100 100 68 68 84 68 68 70 86 70 84 68 68 100 100 100 68 36 68 100 100 100 100 70 110 110 102 102 102 102 102 98 102 102 102 102 102 38 102 102 102 102 102 102 102 102 102 102 102 102 102 228 102 102 102 102 102 102 102 102 102 102 102 102 102 102 102 102 102 102 102 116 100 100 100 68 116 100 100 100 100 68 100 100 100 100 68 102 100 100 118 102 102 100 68 102 100 100 116 68 116 196
153 153 153 153 153 153 153 153 153 153 153 217 217 217 216 217 217 217 216 217 216 221 220 220 220 220 213 220 212 220 221 221 221 220 217 221 157 216 221 217 217 221 217 153 217 217 153 217 217 217 221 116 100 100 108 108 36 108 110 126 110 110 126 102 126 126 126 126 102 110 58 106 106 106 106 104 104 108 108 124 124 118 100 100 102 102 70 102 70 100 100 116 100 100 102 100 36 16 52 65 118 16 36 41 33 43 96 41 104 40 40 40 36 40 36 8 40 32 41 34 40 36 36 4 165 132 164 6 164 20 4 36 4 68 4 68 68 100 68 100 68 70 84 68 68 212 70 70 70 68 68 68 100 100 100 70 36 84 100 116 100 110 110 110 102 102 102 102 102 102 98 102 102 102 102 102 38 102 102 102 102 102 102 102 102 102 102 102 230 102 100 102 102 102 102 102 102 102 102 102 102 102 102 102 102 102 102 102 118 102 100 100 100 100 100 100 102 100 100 100 68 100 100 100 100 68 100 100 100 102 102 100 100 68 116 100 100 116 68 68
153 153 153 153 153 153 153 153 153 153 153 217 153 216 217 217 217 217 216 152 217 156 213 212 220 212 220 213 220 220 220 220 221 221 220 220 216 221 217 220 217 217 221 217 153 217 217 217 217 217 221 220 100 116 108 108 108 108 126 110 110 126 102 126 126 94 62 126 110 94 102 106 106 42 106 104 108 100 110 124 124 124 100 100 100 102 102 70 102 84 100 116 100 100 100 100 0 38 0 52 65 102 8 35 57 96 41 120 40 40 40 32 42 36 8 40 34 40 33 40 32 48 20 36 4 164 68 164 6 164 36 4 4 6 70 4 68 100 116 68 196 86 70 68 100 100 196 70 70 100 68 100 68 116 102 100 100 37 84 100 100 102 110 110 102 102 102 102 102 102 102 98 102 102 102 102 102 102 102 102 102 102 102 102 102 102 102 102 102 102 102 100 102 102 102 102 102 102 102 102 102 102 102 102 102 102 102 118 102 102 100 100 100 100 100 100 100 100 102 100 100 68 100 100 100 100 70 102 100 116 102 100 100 100 84 100 102 100 100 68
153 153 153 153 153 153 153 153 153 153 153 153 216 217 217 217 216 153 217 216 156 209 156 213 212 220 212 220 221 212 220 220 220 221 221 220 220 217 221 217 217 217 217 221 216 217 216 217 153 217 220 221 84 100 124 108 108 108 110 110 110 110 126 126 110 126 118 126 126 110 206 106 106 106 42 104 108 108 92 94 126 124 100 100 100 102 102 102 86 102 86 100 100 100 100 100 36 8 36 0 36 88 34 24 34 41 108 57 40 40 40 40 37 40 41 32 42 32 40 96 34 1 96 4 36 4 164 4 180 68 4 68 4 68 38 68 4 68 100 196 68 196 70 70 68 100 68 70 102 68 100 196 100 70 100 100 100 196 39 70 100 108 110 110 102 102 102 102 102 102 102 102 98 102 102 102 102 102 102 102 102 102 102 102 102 102 102 102 102 102 102 102 100 102 102 102 102 102 102 102 102 102 102 102 102 102 118 102 102 102 100 102 100 100 100 100 100 116 100 100 100 100 84 100 100 100 100 70 102 100 116 100 100 102 100 196 100 100 100 68
153 153 153 153 153 153 153 153 153 153 153 152 217 217 217 217 216 217 217 153 208 156 213 156 213 212 220 220 220 221 220 220 220 221 221 221 220 221 217 221 217 216 217 217 221 220 217 217 217 217 157 220 221 84 100 110 108 44 110 110 110 126 126 126 126 118 126 126 118 238 110 106 106 106 104 120 108 108 126 126 126 126 102 100 100 100 102 118 102 86 102 100 100 100 100 100 64 36 64 36 8 37 24 34 9 56 43 108 40 44 42 48 40 41 48 40 32 40 48 32 1 32 8 36 4 36 68 36 4 4 68 4 68 68 68 132 70 20 68 68 196 68 68 70 70 68 68 100 70 100 68 100 84 100 84 100 100 100 68 38 84 108 102 110 102 102 102 102 102 102 102 102 102 98 102 102 102 102 102 102 102 102 102 102 102 102 102 102 102 102 102 102 102 100 102 102 102 102 102 102 102 102 102 102 102 118 102 102 102 102 102 116 100 102 100 100 100 100 102 100 100 102 100 68 100 100 116 100 70 100 116 100 100 100 100 100 68 100 100 68
153 153 153 153 153 153 153 153 153 153 152 153 217 217 217 217 216 217 217 208 153 212 156 213 156 213 220 220 220 156 221 220 220 213 221 221 221 157 221 153 221 217 217 217 221 220 221 217 217 217 212 221 220 221 68 124 110 108 110 110 126 126 126 118 126 126 62 126 254 110 46 106 106 106 40 104 108 108 94 126 118 126 102 116 100 116 116 102 118 102 70 100 100 100 100 100 100 68 36 32 37 8 37 9 40 57 108 40 44 40 49 42 41 96 41 32 40 48 40 2 32 128 32 128 36 4 36 36 5 5 4 68 6 68 68 68 22 70 4 68 68 68 68 68 70 68 100 68 100 70 100 68 100 84 100 68 100 100 100 84 38 100 44 102 102 102 102 102 102 102 102 102 102 102 98 102 102 102 102 102 102 102 102 102 102 102 102 102 102 102 102 102 102 102 102 102 102 102 102 102 102 102 102 102 118 102 102 102 102 102 118 102 100 100 116 100 100 100 100 100 100 100 100 100 68 100 100 100 100 68 100 102 100 100 100 100 116 68 100 196
153 153 153 153 153 153 153 153 153 152 153 153 153 217 217 217 217 217 217 217 208 153 212 157 213 156 221 220 220 220 220 221 220 156 217 157 221 157 157 221 217 157 217 217 221 221 221 221 217 217 217 220 217 212 92 100 108 46 110 126 126 126 126 126 94 62 126 246 126 102 106 106 42 106 104 106 108 108 94 126 126 86 118 102 116 100 116 116 102 102 102 68 100 102 116 100 102 100 4 36 8 39 40 40 43 44 40 44 40 32 56 41 33 57 48 40 96 44 0 33 1 34 128 32 0 52 4 36 20 132 4 36 84 36 68 100 68 6 68 4 70 68 100 68 68 68 196 102 84 100 68 100 84 116 68 100 100 100 100 100 196 36 100 36 102 102 102 102 102 102 102 102 102 102 102 98 102 102 102 102 102 102 102 102 102 102 102 102 102 102 102 102 102 102 102 102 102 102 102 102 102 102 102 118 102 102 102 102 102 118 102 102 100 100 100 100 100 100 100 100 100 100 100 100 100 68 100 100 100 100 68 100 100 102 102 100 100 100 68 68
153 153 153 153 153 153 153 153 152 153 153 153 153 153 216 217 217 217 217 217 217 208 153 212 157 213 220 213 220 220 220 220 221 216 157 221 157 213 157 221 220 216 221 217 221 221 220 220 221 217 217 217 220 217 212 76 108 110 126 126 126 126 62 118 126 126 254 126 246 110 106 106 42 106 106 100 124 124 62 126 126 126 86 118 102 116 100 116 100 102 102 100 68 116 102 100 100 100 38 0 36 136 40 41 60 44 44 40 40 40 40 49 41 48 41 32 40 0 33 128 36 160 32 4 40 32 36 4 37 4 20 4 36 84 38 68 100 68 4 100 68 68 84 100 68 68 84 84 102 196 100 100 100 84 100 196 100 100 100 116 102 70 36 116 52 102 102 102 102 102 102 102 102 102 102 102 98 102 102 102 102 102 102 102 102 102 102 102 102 102 102 102 102 102 102 102 102 102 102 102 102 102 118 102 102 102 102 102 118 102 102 102 100 116 100 102 100 100 100 100 102 102 100 102 100 100 68 100 100 100 116 84 100 100 102 100 102 102 68 68
153 153 153 153 153 153 153 152 153 153 153 153 153 153 217 217 153 217 216 217 217 217 208 153 213 157 213 220 217 220 156 220 220 221 221 157 213 157 221 221 220 220 217 217 221 221 217 212 221 221 217 217 217 220 216 78 44 62 126 62 94 126 118 63 126 254 94 126 126 102 42 106 106 106 110 108 124 92 126 62 94 126 126 86 102 102 84 100 100 100 102 100 116 196 100 100 100 100 32 36 0 40 56 40 61 44 44 40 44 56 32 40 50 57 32 44 64 96 0 32 128 32 8 96 32 36 1 36 5 4 36 4 20 36 68 36 196 68 68 6 84 68 70 68 68 68 68 212 196 100 68 100 100 116 100 100 68 100 100 100 100 102 68 36 100 52 102 102 102 102 102 102 102 102 102 102 102 98 102 102 102 102 102 102 102 102 102 102 102 102 102 102 102 102 102 102 102 102 102 102 102 102 102 102 102 102 102 102 102 102 102 102 100 100 100 100 100 100 102 100 100 102 102 100 100 100 100 68 100 100 100 116 68 116 100 102 102 102 68 68
153 153 153 153 153 153 152 153 153 153 153 153 153 153 217 216 216 217 217 217 217 217 216 209 153 209 157 217 220 221 220 220 220 221 221 209 157 220 221 157 221 220 221 217 217 221 217 217 217 157 221 217 217 217 220 108 46 126 62 222 126 126 127 126 255 126 238 118 110 110 42 106 106 110 102 108 124 124 94 94 126 94 126 126 70 118 102 68 100 100 100 116 100 102 68 100 100 100 37 0 33 44 40 60 44 44 40 60 44 100 40 32 41 34 40 128 32 72 32 1 32 0 33 2 32 0 36 17 4 6 4 4 68 4 100 84 20 68 68 84 6 100 100 100 68 68 100 68 196 68 100 68 100 100 102 100 100 68 100 100 100 100 100 196 36 102 36 102 102 102 102 102 102 102 102 102 102 102 98 102 102 102 102 102 102 102 102 102 102 102 102 102 102 102 102 102 102 102 102 102 102 102 102 102 102 102 102 102 102 102 102 102 102 100 100 100 100 100 116 100 100 100 102 100 100 100 100 100 68 102 102 100 116 100 116 100 102 102 70 68
153 153 153 153 153 152 153 153 153 153 153 153 153 153 217 217 216 217 217 217 216 217 217 216 209 153 217 221 221 220 221 220 220 221 221 221 220 221 221 221 221 221 157 220 217 217 221 217 217 217 221 221 217 217 221 108 126 62 222 94 254 63 126 127 126 247 126 238 110 110 106 106 110 110 110 110 126 92 126 110 222 126 110 126 102 70 102 100 68 100 116 102 116 100 100 84 100 100 16 33 0 40 44 44 44 40 44 45 38 44 32 56 32 40 0 48 32 40 8 48 0 32 16 40 0 33 8 36 4 4 4 5 68 100 68 100 68 4 68 68 100 4 116 100 68 84 68 68 68 68 68 100 196 100 100 100 100 100 68 116 116 100 116 100 68 38 102 37 102 102 102 102 102 102 102 102 102 102 102 102 102 102 102 102 102 102 102 102 102 102 102 102 102 102 102 102 102 102 102 102 102 102 102 102 102 102 102 102 102 102 102 102 102 100 100 100 102 100 116 100 100 116 100 100 100 100 100 100 100 68 102 100 100 116 102 100 116 102 70 84
