67 42 203 255 31 27 126 190 23 237 113 97 109 38 173 99 116 28 221 26 94 195 27 82 122 241 80 27 17 236 90 150 55 216 18 213 184 164 248 151 111 124 21 19 99 108 66 107 253 50 135 99 140 76 202 183 56 163 44 53 101 166 208 77 141 243 224 81 130 110 86 251 84 223 216 26 245 79 164 57 186 9 191 171 51 188 149 136 203 10 194 24 211 72 200 3 26 109 109 214 112 130 93 10 45 30 48 91 63 61 134 106 59 196 39 76 29 52 205 206 26 84 183 226 135 46 168 238 104 187 95 125 168 180 83 89 54 216 125 3 18 68 54 7 194 139 43 171 250 114 84 205 87 242 249 99 216 71 202 60 217 183 40 214 47 97 134 176 113 164 48 80 29 75 218 215 99 127 245 164 164 147 171 230 170 93 58 209 166 106 48 229 130 180 32 113 144 56 111 140 14 73 251 3 111 111 15 97 152 234 110 110 145 96 249 92 252 155 174 166 14 83 125 130 40 21 195 79 137 80 14 197 159 233 24 34 84 89 56 147
40 203 255 223 251 126 191 87 236 117 237 97 101 173 35 53 99 124 28 223 219 90 210 59 243 122 241 81 10 88 254 123 216 55 221 18 229 184 180 104 127 127 120 101 15 98 105 255 123 205 98 143 76 204 255 72 167 44 37 60 37 80 166 205 193 141 249 224 108 86 239 86 251 220 223 245 26 229 9 188 9 187 171 51 172 149 168 137 138 194 26 210 24 200 72 24 109 109 109 109 214 93 138 45 14 49 30 63 125 6 104 59 196 35 76 13 84 13 204 222 212 26 64 167 42 168 174 232 234 95 255 127 180 8 188 83 217 126 217 16 69 18 69 194 43 43 171 250 251 254 114 85 237 95 243 249 99 200 126 218 189 72 150 41 97 39 48 6 176 48 132 48 73 219 223 250 95 247 127 164 128 172 230 170 93 186 213 58 72 50 106 32 180 2 48 32 113 168 172 14 73 75 75 111 111 111 97 9 233 238 110 255 110 145 120 253 220 238 166 14 83 46 83 40 0 40 15 203 64 137 197 14 233 153 225 84 34 92 81 40
9 255 223 255 255 255 87 191 119 236 101 101 97 33 53 35 61 127 124 223 223 219 123 243 59 243 122 241 88 90 123 254 123 216 55 237 16 245 40 124 127 127 127 104 98 11 107 123 255 107 205 76 204 204 204 239 8 37 44 37 16 37 73 197 205 201 237 232 100 237 86 239 222 255 245 223 229 8 172 137 185 171 51 172 149 168 137 136 194 154 210 26 202 72 72 72 109 109 109 109 109 222 45 14 49 14 63 125 63 104 42 196 35 76 13 68 9 76 204 220 222 196 2 8 168 170 232 234 255 255 127 255 75 188 16 188 91 217 126 201 16 69 2 105 43 171 250 251 254 251 255 114 93 255 95 243 233 106 218 255 74 156 105 33 33 48 7 176 6 128 48 132 89 223 251 223 255 95 247 0 164 164 172 93 186 213 186 205 58 72 34 32 0 48 2 48 32 168 12 73 75 75 111 111 111 47 105 105 233 238 255 110 255 110 249 252 253 238 14 83 46 83 46 0 40 8 203 75 201 193 137 233 137 225 145 225 92 114 92 0
9 223 255 223 255 255 191 119 191 101 100 101 97 33 33 61 63 125 63 255 223 255 251 123 243 59 243 122 249 123 254 123 254 123 200 53 237 16 124 124 127 127 127 106 105 107 123 255 123 239 77 204 204 204 204 204 37 8 37 0 37 0 69 73 205 205 233 236 232 100 237 222 255 255 255 245 205 172 136 169 169 51 172 149 168 137 136 128 152 210 154 202 74 72 72 72 109 109 109 109 109 109 14 49 14 63 125 63 104 42 196 34 76 13 68 13 76 76 204 220 220 198 8 8 168 232 234 255 255 255 255 127 255 83 188 24 253 91 217 88 201 0 105 43 171 250 251 254 251 255 251 127 127 95 255 95 235 250 251 218 222 74 41 33 32 1 176 7 128 0 128 16 221 251 223 255 223 255 95 164 0 164 12 188 213 186 205 186 205 42 0 0 32 0 48 2 32 8 8 73 75 111 111 111 47 105 105 105 233 255 238 254 110 255 254 253 252 238 83 46 83 46 0 40 8 8 75 203 201 201 201 137 225 129 225 145 241 92 114 0
9 255 223 255 255 255 119 191 101 37 101 100 97 33 33 61 125 63 255 255 255 255 255 251 123 243 59 251 123 254 123 254 123 254 121 200 53 237 124 124 127 127 127 107 107 123 255 123 255 111 205 204 204 204 196 204 8 37 16 37 0 5 0 77 205 205 237 232 236 232 236 255 255 255 255 255 237 136 168 169 33 172 149 168 137 136 128 136 144 152 202 202 74 72 72 72 109 109 109 109 109 109 49 14 63 125 63 104 42 196 34 76 12 68 13 76 76 76 204 220 220 204 8 8 168 232 255 255 255 255 255 255 127 255 91 188 89 253 91 217 72 73 41 171 250 251 254 251 255 251 255 255 127 255 95 255 251 251 250 255 218 107 33 32 1 32 1 128 0 128 0 128 217 223 255 223 255 223 255 0 164 0 172 148 188 237 184 205 170 0 0 0 0 32 0 33 128 8 8 73 47 111 111 111 105 105 105 105 233 239 254 238 255 254 255 254 253 255 238 83 46 0 40 8 8 8 203 203 201 201 201 193 129 225 129 225 145 241 92 0
9 223 255 255 255 255 255 101 37 101 37 101 96 33 35 61 61 255 255 255 255 255 255 255 251 123 251 123 255 123 254 123 254 123 254 121 200 125 253 124 127 127 127 107 123 255 123 255 127 239 205 204 204 204 204 204 4 0 37 0 5 0 5 205 205 205 237 236 232 236 236 255 255 255 255 255 237 168 168 33 168 133 168 137 136 128 136 128 136 136 202 202 74 72 72 72 109 109 109 109 109 109 76 63 125 63 104 42 196 34 76 28 68 12 76 76 76 76 204 220 220 204 8 8 168 232 255 255 255 255 255 255 255 127 255 91 253 89 253 91 73 73 41 250 251 254 251 255 251 255 255 255 255 127 255 255 255 251 255 250 255 107 32 1 32 1 0 8 128 0 128 1 217 255 223 255 223 255 223 164 0 164 132 172 172 188 205 168 0 0 0 0 0 0 32 0 0 8 8 9 111 111 111 111 105 105 105 105 233 255 239 255 254 255 254 255 255 255 255 238 0 40 8 8 8 8 203 203 201 201 201 193 193 129 225 129 225 145 241 2
9 255 255 255 255 239 255 101 101 37 101 37 97 32 61 63 61 255 255 255 223 255 255 255 255 251 123 255 123 255 59 254 123 254 123 254 121 253 125 253 119 127 127 123 255 123 255 127 255 239 205 204 204 204 204 204 0 4 0 5 0 5 0 205 205 205 237 236 236 236 236 255 239 255 255 255 237 168 32 168 129 168 169 136 128 136 128 136 136 136 202 202 74 72 72 72 109 109 109 109 109 109 109 125 63 104 42 196 34 76 12 68 12 76 76 76 76 76 204 220 220 204 8 8 168 232 255 255 255 255 255 255 255 255 127 255 91 253 89 253 73 73 104 251 254 251 255 251 255 255 255 255 253 255 255 255 255 255 251 255 251 107 1 32 1 0 0 0 0 128 0 128 217 223 255 223 255 223 255 0 164 0 164 172 172 140 172 0 0 2 0 2 0 0 0 0 0 8 8 9 111 111 111 111 105 107 105 105 233 239 255 255 255 254 255 255 255 255 255 238 40 8 8 8 10 8 203 203 201 201 201 193 193 193 129 225 129 225 145 0
9 255 255 255 255 255 239 101 101 101 37 99 33 33 61 61 63 254 255 255 255 255 255 255 255 255 239 123 255 123 254 123 254 91 254 123 255 125 253 125 253 127 127 255 123 255 127 255 255 239 205 204 196 204 204 204 4 0 4 0 5 0 5 205 205 205 233 236 236 236 236 239 255 255 255 255 237 32 168 128 168 169 136 128 136 128 136 136 136 136 202 202 74 72 72 72 109 109 109 109 109 109 109 125 104 42 196 34 76 13 68 12 76 76 76 76 76 108 204 220 220 204 8 8 168 232 255 255 255 255 255 255 255 255 255 127 255 91 253 89 73 73 105 254 251 255 251 255 255 255 255 255 255 255 255 255 255 255 255 251 255 107 32 1 0 0 0 0 0 0 128 0 217 255 223 255 223 255 223 164 0 164 0 172 140 172 0 0 0 0 2 0 0 0 0 2 0 8 8 9 111 111 111 111 107 105 105 105 233 255 255 239 255 255 255 255 255 255 255 238 8 12 8 8 8 10 203 203 201 201 201 193 193 193 193 129 225 129 96 0
9 255 255 255 255 255 239 101 101 101 97 33 33 33 61 61 254 255 255 255 255 255 255 255 255 255 255 255 123 255 123 254 123 254 123 255 127 255 125 253 125 255 255 127 255 127 255 255 255 239 205 204 204 204 204 204 0 4 0 4 0 5 0 205 205 205 237 236 236 236 236 255 255 255 255 255 237 168 128 168 168 136 128 136 136 136 136 136 136 136 202 202 74 72 72 72 109 109 45 109 109 109 109 109 104 196 34 76 12 68 12 76 76 76 76 76 76 76 204 220 220 204 8 8 168 232 255 255 255 255 255 255 255 255 255 255 127 255 91 253 73 73 105 251 255 251 255 255 255 255 255 255 255 255 255 255 255 255 255 255 251 107 1 0 0 0 1 0 0 0 0 128 217 223 127 223 255 223 255 0 164 2 164 140 172 0 0 32 0 0 0 4 0 0 0 0 0 8 8 9 111 111 111 111 107 105 105 105 233 255 255 255 255 255 255 255 255 255 255 238 12 8 8 8 8 203 203 203 201 201 201 193 193 193 193 193 129 96 0 0
9 255 255 255 255 255 239 101 101 101 97 33 33 33 61 60 255 247 255 255 255 255 255 255 255 255 191 253 255 123 255 123 254 123 127 127 255 127 255 125 253 191 255 255 123 255 255 255 255 239 205 236 204 204 204 204 4 0 4 0 4 0 5 205 205 205 237 236 228 236 236 127 255 255 255 255 237 128 168 172 136 128 136 136 136 136 136 136 136 136 202 202 74 104 72 72 109 125 109 109 109 109 108 109 108 96 76 12 68 12 76 76 76 76 76 76 76 76 204 220 220 204 8 8 168 232 255 255 255 255 255 255 255 255 255 255 255 127 255 91 73 201 105 255 251 253 255 255 255 255 255 255 255 255 255 251 255 255 255 255 255 107 0 0 0 0 0 0 0 64 0 0 217 255 223 255 223 255 223 164 0 164 0 172 0 0 0 0 0 0 0 0 0 0 1 0 0 8 8 9 111 111 111 111 43 105 105 105 233 255 255 254 251 255 191 255 255 255 255 238 8 8 8 8 8 203 203 203 201 201 201 193 193 193 193 193 64 0 0 0
9 255 255 255 255 255 239 101 101 101 99 33 33 33 60 61 255 255 255 223 255 255 255 255 127 255 253 255 255 255 123 255 123 255 127 255 127 255 127 255 253 255 255 255 255 255 255 255 255 239 237 204 204 204 204 204 0 4 0 4 0 4 0 205 205 205 237 236 236 236 236 255 255 255 255 255 237 168 168 136 128 136 136 136 136 136 136 136 136 136 202 202 106 72 72 72 109 109 109 109 109 45 109 108 108 108 76 68 12 76 76 76 76 76 76 76 76 76 204 220 220 204 8 24 168 232 255 255 255 255 255 255 255 255 255 255 255 255 127 255 73 73 249 251 255 255 255 255 255 255 255 255 255 255 255 255 255 255 255 255 255 107 0 0 0 0 0 0 0 0 0 0 217 223 255 223 255 223 255 0 164 0 164 0 0 0 0 0 0 0 0 64 0 0 0 0 8 8 8 9 111 111 111 111 105 105 105 105 233 255 255 255 255 255 251 255 255 127 255 238 8 10 8 8 8 203 203 203 201 201 201 193 193 193 193 193 64 0 0 0
9 255 255 191 255 255 239 101 101 101 97 33 33 32 61 61 255 255 255 255 255 255 255 255 255 255 255 255 255 255 255 123 223 127 255 127 255 127 255 255 255 255 255 255 255 255 255 255 255 239 237 204 204 204 220 204 4 0 4 0 4 0 4 205 205 205 237 236 236 236 236 255 255 255 255 255 237 168 152 128 136 136 136 136 136 136 136 136 136 136 202 234 74 72 72 72 109 109 109 109 109 109 109 108 108 108 76 76 76 76 76 76 76 76 68 76 76 76 204 220 220 204 8 8 168 232 255 255 255 255 255 255 255 255 255 255 255 255 255 127 73 73 249 255 255 255 255 255 255 255 255 255 255 251 255 255 255 255 255 255 255 107 0 0 1 0 0 0 0 0 0 0 217 255 223 255 223 255 215 164 0 164 0 0 0 0 0 0 0 0 0 0 0 0 0 0 8 8 8 9 111 47 111 111 105 105 105 105 233 255 255 255 255 255 255 255 255 255 255 238 10 8 136 8 8 203 203 203 201 201 201 193 193 193 193 193 64 0 0 0
9 255 255 255 255 255 239 101 101 101 97 33 32 33 61 61 255 255 255 255 255 255 255 255 255 255 255 255 255 255 255 255 127 255 127 255 127 255 255 255 255 255 255 255 255 255 255 255 255 239 237 204 204 204 204 204 0 4 0 4 0 4 0 205 205 205 237 236 236 236 236 255 255 255 255 255 237 136 160 136 136 136 136 136 136 136 136 136 136 136 234 202 74 72 72 72 109 109 109 109 109 109 109 108 108 110 76 76 76 76 76 76 76 76 76 68 76 76 204 220 220 204 8 8 168 232 255 127 255 255 255 255 255 255 255 247 251 255 255 255 73 73 249 255 255 255 255 255 255 255 255 255 255 255 255 255 255 255 255 255 255 107 0 0 0 0 0 0 0 0 0 0 217 223 255 223 255 223 255 0 164 0 0 0 0 0 0 0 0 0 0 0 0 0 0 0 8 8 8 9 47 111 111 111 105 105 105 105 233 255 255 255 255 255 255 255 255 255 255 238 8 8 8 8 8 203 203 203 201 201 201 193 193 193 193 193 64 0 0 0
9 127 223 191 255 255 239 101 101 101 97 32 33 32 61 61 223 255 255 255 255 255 255 255 255 255 255 255 239 255 255 255 255 127 255 127 255 255 255 255 255 255 255 239 255 255 255 253 255 239 237 204 204 204 204 204 4 0 4 0 4 0 4 205 205 205 237 236 236 236 236 255 127 255 255 255 237 160 168 136 136 136 136 136 136 136 136 136 136 136 202 202 74 72 72 72 109 109 109 109 109 109 109 108 108 108 76 76 76 76 76 76 76 76 76 76 76 76 204 220 220 204 8 8 168 232 255 255 255 255 255 255 255 255 255 255 255 255 255 239 73 73 249 255 255 255 255 255 255 255 255 255 255 255 255 255 255 255 255 255 255 107 0 0 0 0 0 0 0 0 0 0 217 255 223 255 223 255 215 164 0 2 0 0 0 0 0 2 0 0 0 0 0 0 0 0 8 8 8 9 111 111 110 111 105 105 105 105 233 255 255 255 255 255 255 255 255 255 255 238 8 9 8 8 8 203 203 203 201 201 201 193 193 193 193 193 64 0 0 1
9 223 255 255 127 255 239 101 101 101 97 33 32 33 61 29 255 255 255 239 255 255 255 255 255 255 255 255 255 255 255 255 255 127 127 255 255 255 255 255 255 255 255 255 255 255 255 255 255 239 237 204 204 204 204 204 0 4 0 4 0 4 0 205 205 205 237 236 236 236 236 255 255 255 255 127 237 168 136 136 136 136 136 136 136 136 136 136 136 136 202 202 74 72 72 72 109 109 109 109 109 109 109 108 108 108 76 76 76 76 76 76 76 76 76 78 204 76 204 220 220 204 8 8 168 232 255 255 239 255 255 255 255 255 127 255 255 127 255 239 73 73 249 255 255 255 255 255 255 255 255 255 255 255 255 255 255 255 255 255 255 107 0 0 128 0 0 64 0 0 0 0 217 223 255 223 255 223 255 0 0 0 0 0 0 0 0 0 0 0 0 0 0 0 0 0 8 8 8 9 111 111 111 111 105 105 105 105 233 255 255 255 255 255 255 255 255 255 255 238 8 8 8 8 12 203 203 203 201 201 201 193 193 193 193 193 64 0 0 0
9 255 255 255 255 255 239 101 101 101 97 32 33 32 29 61 255 254 255 255 255 255 255 255 255 255 255 255 255 255 255 255 255 255 255 255 255 255 255 255 255 255 255 255 255 255 255 255 255 239 237 204 204 204 204 204 4 0 4 0 4 0 4 204 205 205 237 236 236 236 236 255 255 255 255 255 237 136 136 136 136 136 136 136 136 136 136 136 136 136 202 202 74 72 72 72 109 109 109 109 109 109 109 108 108 108 76 76 76 76 76 76 76 76 76 204 76 204 204 220 220 204 8 8 168 232 255 255 255 255 255 255 255 255 255 255 255 255 255 239 73 73 249 255 255 255 255 223 253 255 247 255 255 255 255 255 239 255 255 255 255 107 0 0 0 0 0 0 0 0 0 0 217 251 223 255 223 255 223 2 0 0 0 0 0 0 0 0 0 0 0 0 0 128 0 0 8 8 8 9 111 111 111 111 105 105 105 105 233 255 255 255 255 223 255 239 255 255 255 238 8 8 8 8 8 203 203 203 201 200 201 193 193 193 193 193 64 0 0 0
9 255 255 255 255 255 239 101 101 101 97 33 32 1 61 53 255 255 255 255 255 255 255 255 247 255 255 255 255 255 255 255 255 255 255 255 255 255 255 255 255 255 255 255 255 255 255 255 255 239 237 204 204 204 204 204 0 4 0 4 0 4 0 204 205 205 237 236 236 236 236 247 255 255 255 255 237 136 136 136 136 136 136 136 136 136 136 136 136 136 234 202 74 72 72 72 109 109 109 109 109 109 111 108 108 108 76 76 76 76 76 76 76 78 76 76 204 204 204 220 220 204 8 8 168 232 191 255 255 255 255 255 255 255 255 255 255 255 255 239 73 73 249 255 255 255 255 255 255 255 255 255 255 255 255 255 255 255 255 251 255 107 0 0 0 0 128 0 16 0 0 0 217 223 255 223 255 223 255 0 0 0 0 0 0 0 0 0 0 0 0 0 0 0 0 0 8 8 8 9 111 111 111 111 105 105 105 105 233 255 255 255 255 255 255 255 255 255 255 238 8 8 8 8 8 203 203 203 201 201 201 193 193 193 193 193 64 0 0 0
9 255 255 255 255 255 237 101 101 101 97 32 1 32 53 61 255 255 255 255 255 255 255 255 255 255 255 255 255 255 255 255 255 255 255 255 255 255 255 255 255 254 255 255 255 255 255 253 255 239 237 204 204 204 204 204 4 0 4 0 4 0 4 204 205 205 237 236 236 236 236 236 255 255 255 255 237 136 136 168 136 136 152 136 136 136 136 136 136 136 202 202 74 72 72 72 109 125 109 109 109 109 109 108 108 108 76 76 76 76 76 76 76 76 76 76 204 204 204 220 220 204 8 8 168 168 255 255 255 255 255 255 255 255 255 255 255 255 251 239 73 73 249 255 255 255 255 255 255 255 255 255 255 255 255 255 255 255 255 255 251 107 0 0 0 0 0 0 0 0 0 0 217 255 223 255 223 255 223 0 0 0 128 0 0 0 0 0 0 0 16 0 0 0 0 0 8 8 8 9 111 111 111 111 105 105 105 105 233 255 255 255 255 255 255 255 255 255 255 238 8 8 8 8 8 203 203 203 200 201 201 193 193 193 193 193 64 0 0 0
9 255 255 255 255 255 237 101 101 101 97 1 40 1 32 61 255 255 255 255 255 255 255 255 255 255 255 255 255 255 255 255 255 255 255 255 255 255 251 255 255 255 255 255 255 255 127 255 255 239 237 204 204 204 204 204 0 4 0 4 0 4 0 204 205 205 173 236 236 236 236 236 255 255 255 255 237 136 136 136 136 136 140 136 136 136 136 136 136 136 202 202 74 72 200 72 109 109 109 109 108 109 109 108 108 108 76 76 76 76 76 76 76 76 76 76 204 204 204 220 220 204 8 8 168 168 255 255 255 255 255 255 247 255 255 255 255 255 255 233 73 73 249 255 255 255 255 255 239 191 255 255 255 255 255 255 255 255 255 255 255 107 0 0 0 0 2 0 0 0 0 0 217 223 255 223 255 223 255 0 0 0 0 0 0 0 0 0 32 0 0 0 0 0 0 0 8 8 8 9 111 111 111 111 105 105 105 105 233 255 255 255 255 255 255 255 255 255 255 238 8 8 10 8 8 203 203 203 201 201 201 193 193 193 193 193 64 0 0 0
9 255 255 255 255 255 237 101 101 101 97 32 1 48 1 61 255 255 255 254 255 255 255 255 255 255 255 255 255 255 255 255 255 255 127 255 255 255 255 255 255 255 255 255 255 255 255 255 255 239 237 204 204 204 204 204 4 0 4 0 68 0 4 204 205 205 236 236 236 236 236 236 255 255 255 255 237 136 136 136 152 136 136 136 136 136 136 136 136 136 202 202 74 72 72 72 109 109 109 109 109 109 109 108 108 108 76 76 76 76 76 76 76 76 76 76 204 204 220 220 212 204 8 8 168 168 255 255 255 255 255 255 255 255 255 255 255 255 255 233 73 73 249 255 255 255 255 255 255 255 255 255 255 255 255 255 255 255 255 255 255 107 0 0 0 0 0 0 0 0 0 0 217 255 223 255 223 255 223 16 0 0 0 0 0 0 0 0 0 0 0 0 0 0 0 128 8 8 8 9 111 107 111 111 105 105 104 105 169 255 255 255 255 255 255 255 255 255 255 238 136 136 8 8 8 203 203 203 201 201 201 193 193 193 193 193 64 0 0 0
9 255 255 255 255 255 237 101 101 101 97 1 32 1 48 61 255 255 247 254 255 255 255 253 255 255 255 255 255 251 255 255 255 255 255 255 255 255 255 255 255 255 255 255 255 255 255 255 255 239 237 204 204 204 204 204 0 4 0 4 0 4 0 204 205 205 236 236 236 236 236 236 255 255 255 255 237 136 136 136 136 136 136 136 136 136 136 136 136 136 202 202 74 72 76 72 109 109 109 109 109 109 109 108 108 108 76 76 76 76 76 76 76 76 76 76 204 204 220 220 220 204 8 8 168 168 255 255 255 255 255 255 254 255 255 255 255 255 255 233 73 73 249 255 255 254 255 255 255 255 191 255 255 255 255 255 255 255 255 255 255 107 0 0 0 0 0 64 0 0 0 0 217 223 255 223 253 223 255 207 0 0 0 0 0 0 0 0 0 0 128 0 0 0 0 0 8 8 8 9 107 111 111 111 105 105 105 105 233 255 255 255 255 255 255 255 255 255 255 238 136 8 8 8 8 203 203 203 201 201 201 193 193 193 193 193 64 0 0 0
9 255 255 255 255 255 237 101 101 101 97 32 1 32 1 61 255 255 255 255 255 247 255 255 127 255 255 255 255 255 255 255 255 255 255 255 255 255 255 255 255 254 255 255 255 255 255 255 255 111 237 204 204 204 204 204 4 0 4 0 4 0 4 204 205 205 236 236 236 236 236 236 255 255 255 255 237 136 136 136 136 140 136 136 136 136 136 136 136 136 202 202 74 72 72 76 109 109 109 109 109 109 109 108 108 108 76 76 76 76 76 76 76 76 76 76 204 204 220 212 220 204 8 8 168 168 191 255 255 223 255 255 255 255 255 255 255 255 255 105 73 73 249 255 255 255 255 255 255 255 255 255 255 255 255 255 255 255 255 255 191 107 0 0 0 0 0 0 0 0 0 0 217 255 223 255 222 255 222 207 0 0 0 0 0 0 0 0 0 0 0 0 0 0 0 0 8 8 8 9 111 111 111 111 105 105 105 105 233 255 255 255 255 251 255 255 255 255 255 238 8 8 8 8 8 203 203 203 201 201 201 193 193 193 193 193 64 0 0 0
9 255 255 255 255 255 237 101 101 101 97 1 32 1 32 61 255 255 255 255 255 255 255 255 255 255 255 255 255 255 255 255 255 255 255 255 255 255 255 255 255 255 255 255 255 255 255 255 254 239 237 204 220 204 204 204 0 4 0 4 0 4 0 204 205 205 236 236 236 236 236 236 255 255 255 255 237 136 136 136 136 136 136 136 136 136 136 136 136 136 202 202 74 72 72 76 109 109 109 109 109 109 109 108 108 108 76 76 76 76 76 76 76 76 76 76 204 204 220 220 220 204 8 8 168 168 255 255 255 255 255 255 255 255 255 255 255 255 255 105 73 73 249 255 255 255 255 255 255 255 255 255 191 255 255 255 255 239 255 255 107 43 0 4 0 0 0 0 0 0 0 0 217 223 255 223 255 222 255 206 0 0 0 0 0 0 0 0 0 0 0 0 0 0 0 64 8 8 8 9 111 111 111 111 105 105 105 105 233 255 255 255 255 255 255 251 255 255 255 238 8 8 8 8 8 203 203 203 201 201 201 193 193 193 193 193 64 0 0 0
9 255 255 255 255 255 237 101 101 100 97 32 1 32 1 61 255 255 255 255 255 255 255 255 255 255 255 255 255 254 255 255 255 255 255 255 255 255 255 255 255 255 255 255 255 255 255 255 255 239 237 140 204 204 204 204 4 0 4 0 4 0 4 204 205 205 236 236 236 236 236 236 255 255 255 255 237 136 136 136 136 136 136 137 136 136 136 136 136 136 202 202 74 72 72 76 109 101 109 109 109 109 109 108 108 108 76 76 76 76 76 76 76 76 76 76 204 204 220 220 220 204 8 8 168 168 255 255 255 255 255 255 255 255 255 255 255 255 247 107 73 73 249 254 255 255 255 255 255 255 255 255 255 255 255 255 255 255 255 255 107 0 0 0 0 0 0 0 0 8 0 0 217 255 223 255 219 255 222 206 0 0 0 0 0 0 0 8 0 0 0 0 0 2 0 0 8 8 8 9 111 111 111 111 41 105 105 105 233 255 255 255 255 255 255 255 255 255 255 238 8 8 8 8 8 203 203 203 201 201 201 193 193 193 193 193 64 0 0 0
9 255 255 255 255 255 237 101 101 101 96 1 32 1 32 61 255 255 255 255 255 255 255 255 255 255 255 255 255 255 255 255 255 255 255 255 255 255 255 255 255 247 255 255 255 255 255 255 255 239 237 204 204 204 204 204 0 4 0 4 0 4 0 204 205 205 236 236 236 236 236 236 255 255 255 255 237 136 136 136 136 136 136 136 136 136 136 136 136 136 202 202 74 72 72 76 109 109 109 109 45 109 109 108 108 108 76 76 76 76 76 76 76 76 76 76 204 204 220 220 220 204 8 8 168 168 255 255 255 255 255 255 255 255 255 255 255 255 255 107 73 73 249 255 255 255 255 255 255 255 255 255 255 255 255 255 255 255 255 239 107 0 0 0 0 0 0 0 128 0 0 0 217 223 255 223 255 223 255 206 0 0 0 0 0 0 0 0 0 0 0 0 0 0 0 0 8 8 8 9 111 111 111 111 105 105 105 105 233 255 255 255 255 191 255 255 255 255 255 238 8 8 8 8 8 203 203 203 201 201 201 193 193 193 193 193 64 0 0 0
9 255 255 255 255 255 237 101 101 101 97 32 1 32 1 61 255 255 255 255 255 255 255 255 255 255 255 255 255 255 255 255 255 255 255 255 255 255 255 255 255 255 255 255 255 255 255 255 255 239 237 204 204 204 204 204 4 0 4 0 4 0 4 204 197 205 236 236 236 236 236 236 255 255 255 255 237 136 136 136 136 136 136 136 136 136 136 136 136 136 202 202 74 72 72 76 109 109 45 109 109 109 109 108 108 108 76 76 76 76 76 76 76 76 76 76 204 204 220 220 220 204 8 8 168 168 255 255 255 255 255 255 255 255 255 255 255 255 255 107 73 73 249 255 255 255 255 255 255 255 255 255 255 255 255 255 255 255 255 239 107 0 0 0 0 0 64 16 0 0 0 0 217 127 223 255 223 255 223 206 0 0 0 0 0 0 0 0 0 0 0 0 0 32 0 0 8 8 8 9 111 111 111 111 105 105 105 105 233 255 255 255 255 255 255 255 255 255 251 238 8 8 8 8 8 203 203 203 201 201 201 193 193 193 193 193 64 0 0 0
9 255 255 255 255 255 237 101 101 101 97 1 32 1 32 61 255 223 255 255 255 255 255 255 255 255 255 255 255 255 255 255 255 255 255 251 255 253 255 255 255 255 255 255 255 255 255 255 255 239 237 204 204 204 204 204 0 4 0 4 0 4 0 196 204 205 236 236 236 236 236 236 255 255 255 255 237 136 136 136 136 136 136 136 136 136 136 136 136 136 202 202 74 72 72 76 109 109 109 109 109 109 109 108 108 108 76 76 76 76 76 76 76 76 76 76 204 204 220 220 220 204 8 8 168 168 255 255 255 255 255 255 255 255 255 255 255 255 255 107 73 73 249 255 255 255 255 255 255 255 255 255 255 255 255 255 255 255 255 239 107 0 0 0 2 0 0 64 0 0 0 0 89 223 255 223 255 223 255 206 0 0 0 0 0 0 0 0 0 0 0 0 0 0 0 2 8 8 8 9 111 111 111 111 105 105 105 105 233 255 255 255 255 255 255 255 255 251 255 234 8 8 8 8 8 203 203 203 201 201 201 193 193 201 193 193 64 0 0 0
9 255 255 255 255 255 237 101 101 101 97 32 1 32 1 61 255 255 255 127 255 255 255 255 255 255 255 255 255 255 191 255 255 255 255 255 255 255 255 255 255 255 255 255 255 255 255 255 255 239 237 204 204 204 204 204 4 0 4 0 4 0 4 0 204 204 236 236 236 236 236 236 255 255 255 223 237 136 136 136 136 136 136 136 136 136 136 136 136 136 202 202 74 72 72 76 109 109 109 109 109 109 109 108 108 108 76 76 76 76 76 76 204 76 76 76 204 204 220 220 220 204 8 8 168 168 255 255 255 255 255 255 255 255 255 255 255 255 255 107 73 73 249 255 255 255 255 255 255 255 255 255 255 255 255 255 255 255 255 239 107 0 0 0 0 0 0 4 0 0 0 0 89 255 219 255 223 255 223 206 0 0 0 0 0 0 0 0 0 0 0 0 0 0 0 8 8 8 8 9 111 111 111 111 121 105 105 105 233 255 255 255 255 255 255 255 255 255 251 234 8 8 8 8 8 203 203 203 201 201 201 201 193 193 193 193 64 0 0 0
9 255 255 255 255 255 237 101 101 101 97 1 32 1 32 61 223 255 255 255 255 255 255 255 255 255 255 255 255 255 255 255 255 255 255 255 255 255 255 255 255 255 255 255 255 255 255 255 255 239 237 220 204 204 204 204 0 4 0 4 0 4 0 4 204 204 236 236 236 236 236 236 255 255 255 255 205 136 136 136 136 136 136 136 136 136 136 136 136 136 202 202 74 72 72 76 109 109 109 109 109 109 109 108 108 108 76 76 76 76 76 76 76 76 76 76 204 204 220 220 220 204 8 8 168 168 255 255 127 255 255 255 255 255 255 255 255 255 255 107 73 73 249 255 255 255 223 255 255 255 255 255 255 255 255 239 255 255 254 239 107 0 0 0 0 0 0 0 0 0 0 0 89 219 255 223 255 221 255 206 0 0 0 0 0 1 0 0 0 0 0 0 0 0 0 8 8 8 8 9 111 111 111 127 111 105 105 105 233 251 255 255 255 255 255 255 255 255 255 234 8 8 8 8 8 203 203 203 201 201 201 201 193 193 193 193 64 0 0 0
9 255 255 255 255 255 237 101 101 101 97 48 1 32 1 29 255 255 255 255 255 255 255 255 255 255 255 255 255 255 255 255 255 255 255 255 255 255 255 255 255 255 255 255 255 253 255 251 255 239 237 237 204 204 204 204 4 0 4 0 4 0 4 0 204 204 236 236 236 236 236 236 223 255 255 255 205 136 136 136 136 136 136 136 136 136 136 136 136 136 202 202 74 72 72 76 109 109 109 109 109 109 45 108 108 108 76 76 76 76 76 76 76 68 76 76 204 204 220 220 220 236 8 8 168 168 255 255 255 255 255 255 255 255 255 255 255 255 255 107 73 73 249 255 255 255 255 255 255 255 255 255 255 255 255 255 255 255 255 239 107 0 0 0 0 0 0 0 0 0 0 0 89 255 223 255 223 255 223 206 0 0 0 0 0 0 0 16 32 0 0 0 0 0 0 8 8 8 8 9 111 111 127 111 111 105 105 105 233 255 255 255 255 255 255 255 255 255 255 238 8 8 8 8 8 203 203 203 201 201 201 201 193 193 193 193 64 0 0 0
9 255 255 255 255 255 237 101 101 100 105 65 32 1 0 29 255 255 255 255 255 127 223 255 255 223 255 255 255 247 255 255 255 255 255 255 255 255 255 255 255 255 255 255 255 255 255 255 255 239 237 237 204 204 204 204 0 4 0 4 0 4 1 4 204 204 236 236 236 236 236 236 255 255 255 255 205 136 136 136 136 136 136 136 136 136 136 136 136 136 202 202 74 72 72 76 109 109 109 109 109 109 108 108 108 108 76 76 76 76 76 76 76 76 76 76 204 204 220 220 220 196 8 8 168 168 255 255 255 255 255 255 255 255 255 255 255 255 255 107 73 73 249 254 255 255 255 255 255 255 255 255 255 255 255 255 255 255 255 239 107 0 0 0 0 0 0 0 0 0 0 0 89 223 255 223 255 223 255 206 0 0 0 0 0 0 0 0 0 0 0 0 0 0 0 8 8 8 8 9 111 127 111 111 111 105 105 105 233 255 255 255 255 255 255 255 255 255 255 238 9 8 8 8 8 203 203 203 201 201 201 201 193 193 193 192 96 0 0 0
9 255 255 255 255 255 237 101 101 101 97 97 1 0 1 31 255 255 255 255 255 255 255 255 255 255 255 255 255 255 254 255 255 255 255 255 255 255 255 255 127 255 255 255 255 255 255 255 255 239 237 237 204 204 204 204 4 0 4 0 4 0 4 0 204 204 236 236 236 236 236 236 255 255 255 255 205 136 136 136 136 136 136 136 136 136 136 136 136 136 202 202 74 72 72 76 109 109 109 109 109 109 108 108 108 108 76 68 76 76 76 76 76 76 76 76 204 204 220 220 220 204 8 8 168 168 255 255 255 255 255 255 255 255 255 255 255 255 255 107 73 73 249 255 255 255 255 255 255 255 255 255 255 255 255 253 255 255 255 239 107 0 0 0 0 0 0 16 0 0 0 2 89 255 223 255 223 255 223 206 0 0 0 0 0 0 0 0 0 0 0 0 0 0 0 8 8 8 8 9 127 111 111 111 111 105 105 105 233 253 251 255 255 255 255 255 255 239 191 239 8 8 8 8 8 139 203 203 201 201 201 201 193 193 193 192 64 0 0 0
9 255 255 255 255 127 237 101 101 101 97 97 0 1 0 255 255 255 191 255 255 255 255 255 255 255 255 255 255 255 255 255 255 255 255 255 247 255 255 255 255 223 255 255 254 255 255 255 255 239 237 237 204 204 204 204 16 5 0 4 0 4 0 4 204 204 236 236 236 236 236 236 255 255 255 255 205 136 136 136 136 140 136 136 136 136 136 136 136 136 202 202 74 72 72 76 109 109 109 109 109 109 108 108 108 108 76 76 76 76 76 76 76 76 76 76 204 204 220 220 220 204 8 8 168 168 255 255 255 255 255 247 255 255 255 255 255 255 255 107 73 73 249 255 255 255 255 255 255 255 255 247 255 255 255 255 255 254 255 239 107 0 0 2 0 0 0 0 0 0 0 89 91 223 255 223 255 223 255 206 0 0 0 0 0 0 0 0 0 0 0 0 0 0 16 8 8 8 8 9 111 111 111 111 111 105 105 105 249 249 255 255 255 255 255 255 255 255 238 175 8 8 8 8 8 203 203 203 201 201 201 201 193 193 193 192 64 0 4 0
9 255 255 255 253 255 109 101 101 101 97 97 1 0 1 255 255 255 255 255 255 255 255 255 255 255 255 255 255 255 255 255 255 255 255 255 255 255 255 191 255 255 255 255 255 255 255 255 255 239 237 237 204 204 204 204 204 0 4 0 4 0 4 0 204 204 236 236 236 236 236 236 255 255 255 255 205 136 136 136 136 136 136 136 152 136 136 136 136 136 202 206 74 72 72 76 109 109 109 109 109 109 108 108 108 108 76 76 76 76 76 76 76 76 76 76 204 204 220 220 220 204 8 8 168 168 255 255 255 255 255 255 255 255 191 255 255 255 255 107 73 73 249 255 255 255 255 255 255 255 255 255 255 255 255 255 255 255 253 239 107 0 0 0 0 0 0 0 0 0 0 89 223 255 223 255 223 255 223 206 0 0 0 0 0 0 0 0 0 0 0 4 0 0 0 8 8 8 8 9 111 111 111 111 111 105 105 105 249 249 255 255 255 255 247 255 255 255 239 8 8 8 8 8 8 203 203 203 201 201 201 201 193 193 193 192 64 0 4 0
9 255 255 255 255 253 109 101 101 101 97 97 0 1 0 255 191 255 255 255 255 255 255 255 255 255 255 255 255 255 255 255 255 255 255 255 255 255 255 255 255 255 255 255 255 255 255 255 255 239 237 237 204 204 204 204 204 4 0 4 0 4 0 5 204 204 236 236 236 236 236 236 255 255 255 247 205 136 136 136 136 136 136 136 136 136 136 136 168 136 206 202 74 72 72 76 109 109 109 109 109 109 108 108 108 124 76 76 76 76 76 76 76 76 76 76 204 204 220 220 220 204 8 8 168 168 255 255 255 255 255 253 255 255 255 255 255 255 255 107 73 73 249 255 255 255 255 255 255 255 255 255 255 255 255 255 255 255 255 239 107 0 0 0 0 0 0 0 0 0 0 89 239 223 255 223 255 223 255 206 0 0 0 0 0 0 0 0 0 0 0 0 0 0 0 8 8 8 8 9 111 111 47 111 111 105 105 105 249 249 255 255 255 255 255 255 255 255 239 8 8 8 8 8 8 203 203 203 201 201 201 201 193 193 193 192 64 0 0 0
9 255 255 255 255 255 109 101 101 101 97 99 1 0 3 191 255 255 255 255 253 255 255 255 255 255 255 255 255 255 255 255 255 255 255 255 255 255 255 253 255 255 255 255 255 255 255 255 255 239 237 237 204 204 204 204 204 0 4 0 4 0 4 4 204 204 236 236 236 236 236 236 255 255 255 255 205 136 136 136 136 136 136 136 136 136 136 136 137 136 202 202 74 72 72 76 109 109 109 109 109 109 108 108 108 108 76 76 76 76 76 76 76 76 76 76 204 204 220 220 220 204 8 8 168 168 255 255 255 255 255 255 255 255 255 255 255 255 255 107 73 73 249 255 255 255 255 255 255 255 255 255 255 255 255 255 255 255 255 238 107 0 0 0 0 0 0 0 0 0 0 73 223 255 223 255 223 255 223 206 0 0 0 0 0 16 0 0 0 0 0 0 0 0 0 8 8 24 8 9 111 111 111 111 111 105 105 105 249 249 255 255 253 255 255 255 255 255 239 8 8 8 8 8 8 203 203 203 201 201 201 201 193 193 193 192 64 0 0 0
9 255 255 255 255 255 109 101 101 101 97 97 0 1 188 255 255 255 255 255 255 255 255 255 255 255 255 255 255 255 255 255 255 255 255 255 255 255 255 255 255 255 255 255 255 255 255 255 253 239 237 237 204 204 204 204 204 5 0 4 0 4 0 36 204 204 236 236 236 236 236 236 255 255 255 255 205 136 136 136 136 136 136 136 136 136 136 136 136 136 202 202 74 72 72 76 109 109 111 109 109 109 108 108 108 108 76 76 76 76 76 76 76 76 76 76 204 204 220 220 220 204 8 8 168 168 255 247 255 255 255 255 255 255 223 255 255 255 253 107 73 73 249 255 255 255 255 255 255 255 255 255 255 255 255 255 255 255 255 239 110 0 0 0 0 0 4 0 0 0 0 73 255 223 255 223 255 223 255 206 0 0 0 0 0 0 128 0 0 0 0 0 0 0 0 10 8 8 8 9 111 111 111 111 111 105 105 105 249 249 255 255 255 255 255 253 255 255 239 8 8 8 8 8 24 203 203 203 201 201 201 201 193 193 193 192 192 0 0 0
9 255 255 255 255 255 109 101 101 101 97 97 1 0 189 255 255 255 255 255 255 255 255 255 255 255 255 255 255 255 255 255 255 255 255 255 255 255 255 255 255 255 255 255 255 255 255 255 255 237 237 237 204 204 204 204 204 0 4 0 4 0 4 0 204 204 236 236 236 236 236 236 255 255 255 255 205 136 136 136 136 136 136 136 136 136 136 136 136 136 202 202 74 72 72 76 109 109 109 109 109 109 108 108 108 108 76 76 76 76 76 76 76 76 76 76 204 204 220 220 220 204 8 8 168 168 255 253 255 255 255 255 255 255 255 255 255 255 255 105 73 73 249 255 255 255 255 255 255 255 255 255 255 255 255 255 255 255 255 239 110 0 0 0 0 0 1 0 0 0 0 73 223 255 223 255 223 255 223 206 0 0 0 0 0 1 0 0 0 0 0 2 0 0 0 8 8 8 8 9 111 111 111 111 111 105 105 105 249 249 255 255 255 255 255 255 255 255 239 8 8 8 8 8 8 203 203 139 201 201 201 201 193 193 193 192 192 0 0 0
9 255 255 255 255 255 109 101 101 101 97 97 0 1 189 255 255 255 247 255 223 255 191 255 255 127 255 255 255 255 255 255 255 255 255 255 255 255 255 253 255 255 255 255 255 255 255 255 255 237 237 237 204 204 204 204 204 4 0 4 0 4 0 132 140 204 236 236 236 236 236 236 255 255 239 255 205 136 136 136 136 136 136 136 136 136 136 136 136 136 202 202 106 72 72 76 109 109 109 109 109 109 108 108 108 108 76 76 76 76 76 76 76 76 76 76 204 204 220 220 220 204 8 8 168 168 253 255 255 255 255 255 255 255 255 255 255 255 255 105 73 73 249 255 255 255 255 253 255 255 255 255 255 253 255 255 255 255 255 239 110 0 0 2 0 0 0 0 0 0 0 73 255 223 255 223 255 223 255 206 0 0 0 0 0 0 0 0 0 0 0 0 0 0 0 8 8 8 8 25 111 111 47 111 111 105 105 105 249 249 255 255 255 255 255 255 255 255 239 8 8 8 8 8 8 203 203 201 201 201 201 201 193 193 193 192 192 0 0 0
9 255 255 255 223 255 109 101 101 101 97 97 1 0 189 223 255 255 255 255 255 255 254 255 255 255 255 255 255 255 255 255 255 255 255 255 255 255 255 255 255 255 255 255 255 255 255 255 255 237 237 237 204 204 204 204 204 0 4 0 4 0 4 0 140 204 236 236 236 236 236 236 255 255 255 239 205 136 136 136 136 140 136 136 136 136 136 136 136 136 202 234 74 72 72 76 109 109 109 109 109 109 108 108 108 108 76 76 76 76 76 76 76 76 76 76 204 204 220 220 220 204 8 8 168 169 253 255 255 255 255 255 255 255 255 255 255 255 255 105 73 73 249 255 255 255 255 255 255 255 255 255 255 255 255 255 255 255 255 239 110 0 0 0 0 0 0 0 0 0 0 73 223 255 223 255 223 255 223 206 0 0 0 0 0 0 0 0 0 0 0 0 0 0 0 8 8 8 8 137 111 111 111 111 111 105 105 105 249 249 255 255 255 255 255 255 255 255 239 8 8 8 8 8 8 203 203 201 201 201 201 201 193 193 193 192 192 0 0 0
9 255 255 247 255 255 109 101 101 101 99 97 0 1 157 255 255 255 255 255 255 255 255 255 255 255 255 255 255 255 255 255 255 255 255 255 255 255 255 191 255 255 255 255 255 223 255 255 255 237 236 237 204 204 204 204 204 4 0 4 0 4 0 4 140 204 236 236 236 236 236 236 255 255 255 239 205 136 136 136 136 136 136 136 136 136 136 136 136 136 234 202 74 72 72 76 109 109 109 109 109 109 108 108 108 108 76 76 76 76 76 76 76 76 76 76 204 204 220 220 220 204 8 8 168 169 253 255 255 253 255 255 255 255 255 255 255 255 255 105 73 73 249 239 255 255 255 255 255 255 255 255 255 255 255 255 255 255 255 239 110 0 0 0 0 0 0 0 0 0 0 73 255 223 255 223 255 223 255 206 0 0 0 0 0 0 0 1 0 0 0 0 0 0 0 8 8 8 8 9 111 111 111 111 111 105 105 105 249 249 255 255 255 255 255 255 255 255 239 8 8 8 8 8 12 203 203 201 201 201 201 201 193 193 193 192 192 0 0 0
9 255 255 255 255 255 109 101 101 101 97 97 1 0 157 255 255 255 255 255 255 255 255 255 255 255 255 255 255 255 255 239 255 255 255 255 127 255 255 255 255 255 255 255 255 255 255 255 255 237 237 236 204 204 204 204 204 0 4 0 4 8 4 0 140 204 236 236 236 236 236 236 255 255 255 239 205 136 136 136 136 136 136 136 136 136 136 136 136 136 202 202 74 72 72 76 109 125 109 109 109 109 108 108 108 108 76 76 76 76 76 76 76 76 76 76 204 140 220 220 220 204 8 8 168 169 253 255 255 255 255 255 255 223 255 255 255 255 255 105 73 73 233 255 255 255 255 255 255 255 255 255 255 255 255 255 255 255 223 239 110 0 0 128 0 0 0 0 0 0 0 73 223 127 223 255 223 255 223 206 0 0 0 1 0 0 0 0 0 0 0 16 0 0 0 8 8 8 8 9 111 111 111 111 111 105 105 105 249 249 255 255 255 255 191 255 255 255 239 8 8 8 8 8 8 203 203 201 201 201 201 200 193 193 193 192 192 0 0 0
9 255 255 191 255 255 109 101 101 101 97 96 0 1 157 255 255 255 255 255 255 255 255 255 255 255 251 255 255 255 255 255 255 255 255 255 255 255 255 247 255 255 223 255 255 255 255 255 255 237 237 236 204 204 196 204 204 4 0 4 0 4 0 4 140 204 236 236 236 236 236 236 255 255 255 239 205 136 136 136 136 136 136 136 136 136 136 136 136 136 202 202 74 72 72 76 109 109 109 109 109 109 108 108 108 108 76 108 76 76 76 76 76 76 76 76 204 204 220 220 220 204 8 8 168 169 253 255 255 255 255 255 255 255 255 255 255 255 255 105 73 73 233 255 255 191 255 255 255 255 255 255 255 255 255 255 255 255 255 239 110 0 0 0 0 0 0 0 0 0 0 73 126 223 255 223 255 223 255 206 0 0 0 0 128 0 0 0 0 16 0 0 0 0 0 8 8 10 24 9 111 111 111 111 111 105 105 105 249 249 255 255 255 255 255 255 255 255 239 8 8 9 8 8 8 203 203 201 201 201 201 201 192 193 193 192 192 0 0 0
9 255 255 253 254 255 105 101 101 101 97 96 0 0 157 255 255 255 255 255 255 255 255 255 255 255 255 255 255 255 255 255 255 255 255 255 255 255 255 255 255 255 255 255 255 255 255 255 255 237 237 236 204 204 204 204 204 0 4 0 4 0 4 0 140 204 236 236 236 236 236 236 255 255 255 239 205 136 136 136 136 136 136 136 136 136 136 136 136 136 202 202 74 72 72 76 109 109 109 109 109 109 108 108 108 108 108 76 76 76 76 76 76 76 76 76 204 204 220 220 220 204 8 8 168 169 253 239 255 255 255 255 255 255 255 255 255 255 255 105 73 73 233 255 255 251 255 255 255 255 255 255 255 255 255 255 255 255 255 239 110 0 0 0 0 0 0 0 0 0 0 72 223 255 223 255 223 255 223 206 0 0 0 0 4 0 0 0 0 0 0 0 0 0 0 8 8 24 10 9 111 111 111 111 111 105 105 105 249 185 255 255 255 255 255 255 255 255 239 8 8 8 8 8 8 203 203 201 201 201 201 201 193 192 193 192 192 4 0 0
9 251 255 251 255 255 109 97 101 101 97 96 0 0 157 255 255 255 255 255 254 255 255 255 255 255 255 255 255 255 255 255 255 255 255 255 255 255 255 255 255 255 255 255 255 255 127 255 255 237 237 236 204 196 204 204 204 4 0 4 0 4 0 4 140 204 236 236 236 236 236 236 255 255 255 239 205 136 136 136 136 136 136 136 136 136 136 152 136 136 202 202 74 74 72 76 109 109 109 101 109 109 108 108 108 108 108 76 76 76 76 76 76 76 76 76 204 204 220 220 220 204 8 8 168 169 237 255 255 255 255 255 255 255 255 255 255 255 255 105 73 73 233 255 255 255 255 191 255 255 255 255 255 255 255 255 255 255 255 239 110 0 0 0 0 0 0 0 0 0 0 72 255 223 255 223 255 223 255 206 0 0 0 0 0 0 0 0 0 0 0 0 0 0 0 8 8 8 9 11 111 111 111 111 111 105 105 105 249 249 255 255 255 255 255 255 255 254 239 8 8 8 8 8 8 203 203 201 201 201 201 201 193 193 192 192 192 0 0 0
9 255 249 255 247 255 109 101 97 101 97 96 0 0 157 255 255 255 255 255 255 251 255 255 255 255 255 255 255 255 255 255 255 255 255 255 255 255 255 255 255 255 255 255 255 255 255 255 255 237 237 236 204 204 204 204 204 0 4 0 4 0 4 0 140 204 236 236 236 236 236 236 255 255 255 239 205 136 136 136 136 136 136 136 136 136 136 136 136 136 202 202 74 74 72 76 109 109 109 109 109 109 108 108 108 108 108 76 76 76 76 76 76 76 76 76 204 204 220 220 220 204 8 8 168 169 237 255 255 255 255 255 255 255 255 255 255 255 255 105 73 73 233 255 255 255 255 255 255 255 255 255 255 255 255 255 255 255 255 239 110 0 0 1 0 0 0 0 0 0 0 72 223 191 207 255 223 255 223 206 0 4 0 0 128 0 0 0 0 0 0 0 0 0 0 8 8 8 9 111 111 111 111 111 111 105 105 105 249 249 255 255 255 255 255 255 255 255 238 8 8 8 8 8 8 203 203 201 201 217 201 201 193 193 192 192 192 0 0 0
9 249 255 255 255 127 109 101 101 97 97 96 0 0 157 255 255 255 255 255 255 251 255 255 255 255 255 255 255 255 255 255 255 253 251 253 255 255 255 254 255 255 255 255 255 255 255 255 255 237 233 236 204 204 204 204 204 4 0 4 0 4 0 4 140 204 236 252 236 236 236 236 255 255 223 239 205 136 136 136 136 136 140 136 136 136 136 136 136 136 202 202 74 74 72 76 109 109 109 109 109 109 108 108 108 108 108 76 76 76 76 76 76 76 76 76 204 204 220 220 220 204 8 8 168 169 237 255 255 255 255 255 255 255 255 255 255 255 255 105 73 73 233 255 255 255 255 255 255 255 191 255 255 255 255 255 255 255 255 239 110 0 0 0 0 0 0 0 0 0 0 72 255 207 255 223 255 223 255 206 4 0 0 0 8 0 0 0 0 0 8 0 0 16 0 8 8 8 9 111 111 111 111 111 111 105 105 105 217 185 255 255 255 255 255 255 255 255 230 8 8 8 8 8 8 203 203 201 201 201 201 201 193 193 192 192 192 0 0 0
9 249 255 255 255 255 109 101 101 97 97 96 0 0 157 255 255 255 255 255 255 247 253 127 255 255 255 255 255 255 255 255 255 255 253 255 255 255 255 255 255 255 255 255 255 255 255 247 255 237 237 236 204 204 204 204 204 64 4 0 4 0 4 0 140 204 236 236 236 236 236 236 191 255 255 207 205 136 136 136 136 136 137 136 136 136 136 136 136 136 202 202 74 74 72 76 109 109 109 109 109 109 108 108 108 108 108 76 76 76 76 76 76 76 76 76 204 204 220 220 220 204 8 9 168 169 237 255 255 255 255 255 255 255 255 255 255 255 255 105 73 73 233 255 255 255 255 255 255 255 255 255 255 255 255 255 239 255 255 239 110 0 0 0 0 0 0 0 0 0 0 72 207 255 223 255 223 255 223 206 0 0 0 0 0 0 0 0 0 0 0 0 0 0 0 8 8 8 9 111 111 111 111 111 111 105 105 105 249 249 255 255 255 255 255 255 255 255 236 8 8 8 8 8 8 203 203 201 201 201 201 201 193 193 192 192 192 0 0 0
9 249 255 253 255 255 109 101 101 97 97 96 0 0 157 255 255 255 255 255 255 255 255 223 255 239 255 255 255 255 255 255 255 255 255 255 223 255 255 255 255 255 255 255 255 255 255 255 255 229 237 236 204 204 204 204 204 68 0 4 0 4 0 4 140 204 236 236 236 236 236 236 255 255 255 207 205 136 136 136 137 136 136 140 136 136 136 136 136 136 202 206 74 74 8 76 109 109 109 109 109 109 108 108 108 108 108 76 204 76 76 76 76 76 76 76 204 204 220 220 220 204 10 8 169 169 237 255 255 255 255 255 255 255 255 255 255 255 255 105 73 73 233 255 255 255 255 255 254 255 255 255 255 255 255 255 255 255 255 239 110 0 0 0 16 0 0 0 0 0 0 72 255 223 255 223 255 223 255 206 0 0 0 0 0 0 0 0 0 0 0 4 0 0 0 8 8 8 9 111 111 111 111 111 111 105 105 105 249 249 255 251 255 255 255 255 255 255 236 8 8 8 8 8 8 203 203 201 201 201 201 201 193 193 192 192 192 0 0 0
9 249 253 255 255 255 109 101 101 97 97 96 0 0 157 255 255 255 255 255 255 255 255 255 255 255 255 255 255 255 255 255 255 255 255 255 255 255 255 255 254 255 255 255 255 255 255 255 255 237 237 236 204 204 204 204 204 68 4 0 4 0 4 0 140 204 236 236 236 236 236 236 255 255 255 207 205 136 136 136 136 136 136 136 136 136 136 136 136 136 206 202 74 74 72 76 109 109 109 109 109 109 108 108 108 108 108 76 76 76 76 76 76 76 76 76 204 204 220 220 220 204 8 8 169 169 237 255 255 255 255 255 255 255 255 255 255 255 255 105 73 73 233 255 255 255 255 255 255 255 255 255 255 127 255 255 255 255 255 239 110 0 0 0 0 0 0 0 0 0 0 72 223 255 223 255 223 255 223 206 0 0 0 0 0 0 0 0 0 0 0 0 0 0 0 8 8 8 9 111 111 107 111 111 111 105 105 105 249 249 251 255 255 255 255 255 255 255 236 8 8 8 8 8 8 203 203 201 201 137 201 201 193 193 192 192 192 0 0 0
9 249 253 255 255 255 109 101 101 97 97 96 0 0 157 255 255 255 255 255 255 255 255 255 255 255 255 251 255 255 255 255 255 255 255 255 255 255 255 255 251 255 255 255 255 255 255 255 255 237 237 236 204 204 204 204 204 68 0 4 0 4 0 4 140 204 236 236 236 236 236 236 255 254 255 207 205 136 136 136 136 136 136 136 136 136 136 136 136 136 202 202 74 74 72 76 109 108 109 109 109 109 108 108 108 108 108 76 76 76 76 76 76 76 76 76 204 204 220 220 220 204 8 8 169 169 237 255 255 255 255 255 255 255 255 255 255 255 255 105 73 73 233 255 255 255 255 255 255 255 255 255 255 255 255 255 255 255 255 239 110 0 0 0 0 0 0 0 0 0 0 200 255 223 255 223 255 223 255 206 0 0 0 0 0 0 0 0 0 0 0 0 2 0 0 8 8 8 9 111 111 111 47 111 111 105 105 105 249 249 255 255 255 255 255 255 255 255 236 8 8 8 8 8 8 203 203 201 201 201 201 201 193 225 192 192 192 0 0 0
25 249 253 255 255 255 109 101 101 97 97 96 0 0 157 255 255 255 255 255 255 255 255 255 255 255 255 255 255 255 255 255 255 255 255 255 255 255 255 255 255 255 255 255 255 255 255 255 255 237 237 236 204 204 204 204 204 68 4 0 4 0 4 0 140 204 236 236 236 236 236 236 254 255 255 207 205 136 136 136 136 136 136 136 136 136 136 136 136 136 202 202 74 74 72 76 108 109 109 109 109 109 108 108 108 108 108 76 76 76 76 76 76 76 76 76 204 204 220 220 220 204 8 8 169 169 237 255 255 255 255 255 255 255 239 255 255 255 255 105 73 73 233 255 255 255 255 255 255 255 255 255 254 255 255 255 191 255 255 239 110 0 0 0 0 2 0 0 0 0 0 200 223 255 223 255 223 255 223 206 0 0 0 0 64 0 0 0 0 0 0 0 0 0 0 8 8 8 9 111 47 111 111 111 111 105 105 105 249 249 255 255 255 255 255 255 255 255 236 8 8 8 8 8 8 203 203 201 201 201 201 201 193 193 192 192 192 0 64 2
25 249 253 255 255 255 109 101 101 97 97 96 0 0 157 255 255 255 255 255 255 255 255 255 255 255 255 255 255 255 255 255 255 255 255 251 255 255 255 255 255 255 255 255 255 255 255 255 255 237 237 236 204 204 204 204 204 68 0 4 0 4 0 4 140 204 236 236 236 236 236 236 255 255 255 207 205 136 136 136 136 136 136 136 136 136 136 136 136 136 202 202 74 74 72 76 108 109 109 109 109 109 108 108 108 108 108 76 76 76 76 76 76 92 76 76 204 204 220 220 220 204 8 40 169 169 237 255 255 255 255 255 255 255 255 255 255 255 255 105 73 73 233 255 255 255 255 255 255 255 255 255 255 255 255 255 255 255 255 239 110 0 0 0 0 0 0 1 0 0 0 200 255 223 255 223 255 223 255 206 0 0 0 0 0 0 0 0 0 0 0 0 0 0 0 8 8 8 9 47 111 111 111 111 111 105 105 105 249 249 255 255 255 191 255 255 255 255 236 8 9 8 8 8 8 203 203 201 233 201 201 201 193 193 192 192 192 64 0 0
25 249 253 255 255 255 109 101 101 97 97 96 0 0 157 255 255 255 255 255 255 255 255 255 255 255 254 255 255 255 255 255 255 255 191 255 255 255 255 255 255 255 255 255 255 255 255 255 255 237 237 236 204 204 204 204 204 68 4 0 4 0 4 0 140 204 236 236 236 236 236 236 255 223 255 207 205 136 136 136 136 136 136 136 136 136 136 136 136 136 202 202 74 74 72 76 108 109 109 109 109 109 108 108 108 108 108 92 76 76 76 76 76 76 76 76 204 204 220 220 220 204 8 40 169 169 237 255 255 255 255 255 255 255 255 255 255 255 255 105 75 73 233 191 255 255 255 255 255 255 255 255 255 255 255 255 255 255 255 239 110 0 0 0 0 0 0 0 0 0 0 200 223 255 223 255 223 255 223 206 0 0 0 0 0 0 0 0 0 0 0 0 0 0 0 8 8 8 9 111 111 111 111 111 111 105 105 105 249 249 255 255 239 255 255 255 255 255 236 8 8 8 8 8 8 203 203 201 201 201 201 201 193 193 192 192 192 64 0 0
25 249 253 255 255 255 109 101 101 97 97 96 0 0 157 255 255 255 255 255 255 255 255 255 255 255 255 255 255 255 255 255 255 255 255 255 255 255 255 255 255 255 255 255 255 255 255 255 255 237 237 236 204 204 204 204 204 68 0 4 0 4 0 4 140 204 236 236 236 236 236 236 255 255 223 203 205 136 136 136 136 136 152 136 136 136 136 136 136 136 202 202 74 74 72 76 108 109 109 109 109 109 108 108 108 108 108 108 76 76 76 76 76 76 76 76 204 204 220 220 220 140 8 40 169 169 237 255 255 255 223 255 255 255 255 255 255 255 255 107 73 73 233 255 255 255 255 255 255 255 255 255 255 255 255 255 255 255 255 239 110 0 0 0 0 16 0 0 0 16 0 200 247 223 255 223 255 223 255 206 0 0 0 0 0 0 0 0 0 0 0 8 0 0 0 8 8 8 9 111 111 111 111 111 111 105 105 105 249 249 255 255 255 255 255 255 255 255 236 8 8 8 8 8 8 203 203 201 201 201 201 201 193 193 192 224 192 64 0 0
25 249 253 255 255 255 109 101 101 97 97 96 0 0 157 255 255 255 255 255 255 255 255 255 255 255 255 255 255 255 255 255 255 255 255 255 255 255 255 255 255 255 255 255 255 255 255 255 255 237 237 236 140 204 204 204 204 68 4 0 4 0 4 0 140 204 236 236 236 236 236 236 254 253 255 207 201 136 136 136 136 136 136 136 136 136 136 136 136 136 202 202 74 74 72 76 108 109 109 109 109 109 108 108 108 108 108 108 76 76 76 76 76 76 76 76 204 204 220 220 220 8 8 40 169 169 237 255 255 255 255 255 255 255 255 255 255 255 255 107 73 73 233 255 255 255 255 255 255 255 255 255 255 255 255 255 255 255 255 239 110 0 0 0 0 0 0 0 0 0 0 192 200 255 223 255 223 255 223 206 0 0 0 0 0 0 0 0 128 0 0 0 0 0 0 8 136 8 9 111 111 107 111 111 111 105 105 105 249 249 255 247 255 255 255 255 255 255 236 8 8 8 8 8 8 203 203 201 201 201 201 201 193 193 192 192 192 64 0 0
25 249 253 255 255 255 109 101 101 97 97 96 0 0 157 255 255 255 255 255 255 255 255 255 255 255 255 255 255 255 255 255 255 255 255 255 255 255 255 255 255 255 255 255 255 255 255 255 255 233 237 236 204 204 204 204 204 68 0 4 0 4 0 4 140 204 236 236 236 236 236 236 253 255 255 207 201 136 136 136 136 136 136 136 136 136 136 136 136 136 202 202 74 74 72 76 108 109 109 109 109 109 108 108 108 108 108 108 76 76 76 76 76 76 76 76 204 204 220 220 220 8 8 40 169 169 237 255 255 239 255 255 255 255 255 255 255 255 255 107 73 73 233 255 255 255 255 255 255 255 255 239 255 255 255 255 255 255 255 239 110 0 0 0 0 0 0 0 0 0 0 0 200 223 255 223 255 223 255 206 0 0 0 0 0 0 0 0 0 0 0 0 0 0 0 8 8 8 9 111 111 111 111 111 111 105 105 105 249 249 255 255 255 255 255 255 255 255 108 8 8 8 8 8 8 203 203 201 201 201 201 201 193 193 192 192 192 64 0 0
25 249 253 255 255 255 109 101 101 97 97 96 0 0 157 255 255 255 255 255 255 255 255 255 255 255 255 255 255 255 255 255 127 255 255 255 255 251 255 255 255 255 255 255 255 255 255 255 255 237 237 236 204 204 204 204 204 68 4 0 4 0 4 0 140 204 236 236 236 236 236 236 253 223 239 207 201 136 136 136 136 136 136 136 136 136 136 136 136 136 202 202 74 74 72 76 108 109 109 109 109 109 108 108 108 108 108 108 76 76 76 76 76 76 76 76 204 204 220 220 220 8 8 40 169 169 237 255 255 255 255 255 255 255 255 255 191 255 255 107 73 73 233 255 255 255 255 255 255 253 255 255 255 255 255 255 255 255 255 238 110 0 0 0 0 0 0 0 0 0 0 0 200 255 223 255 223 255 223 206 0 0 0 0 0 0 0 0 0 0 0 0 1 0 0 8 8 8 9 111 111 111 111 111 111 105 105 105 249 249 255 255 255 255 255 255 255 255 108 8 8 8 8 8 8 203 203 201 201 201 201 201 193 193 192 192 192 64 0 0
25 249 253 255 255 255 109 101 101 97 97 96 0 0 157 255 255 255 239 255 255 255 255 255 255 255 255 255 255 255 223 255 255 255 255 255 255 255 255 191 255 255 255 255 255 251 255 255 255 237 237 236 204 204 204 204 204 68 0 4 0 4 0 4 140 204 236 236 236 236 236 236 253 255 207 207 201 136 136 136 136 136 136 168 136 136 136 136 136 136 202 202 74 74 72 76 108 109 109 45 109 109 108 108 108 108 108 108 76 76 76 76 76 76 76 76 204 204 220 220 220 8 8 40 169 169 237 255 255 255 255 255 255 255 255 255 255 255 255 107 73 73 233 255 255 255 255 255 255 255 255 255 255 251 255 255 255 255 255 238 110 0 0 0 0 0 0 0 0 16 0 0 200 223 255 223 255 223 255 206 0 0 0 0 0 0 0 0 0 0 0 4 0 0 0 8 8 8 9 111 111 111 111 111 111 105 105 105 249 249 255 255 255 255 255 255 255 255 108 8 8 10 8 8 8 203 203 201 201 201 201 201 193 193 192 192 192 64 0 0
25 249 253 255 255 255 109 101 101 97 97 96 0 0 157 255 255 255 255 255 255 255 255 255 255 255 255 255 255 255 255 255 255 255 255 239 255 255 255 255 255 255 255 255 255 255 255 255 255 237 237 236 204 204 204 204 204 68 4 0 4 0 4 0 140 204 236 236 236 108 236 236 253 255 207 207 201 136 136 136 136 136 136 136 136 136 136 136 136 136 202 202 74 74 72 76 108 109 109 109 109 109 108 108 108 108 108 108 76 76 76 76 76 76 76 76 204 204 220 220 220 8 8 40 169 169 237 255 255 255 255 255 255 255 255 255 255 255 255 107 73 73 233 255 255 255 255 255 255 255 255 255 255 255 255 255 255 255 255 238 110 0 0 0 0 0 0 0 0 0 0 0 200 255 223 255 223 255 223 206 0 0 0 0 0 0 16 0 0 0 0 0 0 0 0 8 8 8 9 111 111 111 111 111 111 105 105 105 249 249 255 255 255 255 255 255 127 255 108 8 8 8 8 8 8 203 203 201 201 201 201 201 193 193 192 192 192 64 0 0
25 249 253 255 255 255 109 101 101 97 97 96 0 0 157 255 253 255 255 255 255 255 255 255 255 255 255 247 255 255 255 255 255 255 255 255 255 255 255 255 255 255 255 255 239 255 255 255 255 237 237 236 204 204 204 204 204 68 0 4 0 4 0 4 140 204 236 236 236 236 236 236 253 255 207 207 201 136 136 136 136 136 168 136 136 136 136 136 136 136 202 202 74 74 72 76 124 109 109 109 109 109 108 108 108 108 108 108 76 76 76 76 76 76 76 76 204 204 220 220 220 8 8 40 169 169 237 255 255 255 255 255 255 255 255 255 255 255 255 107 72 73 233 255 247 255 255 255 255 255 255 255 255 255 255 247 255 255 255 238 46 0 0 0 0 0 0 0 0 0 0 0 200 223 255 223 255 223 255 206 0 0 0 0 0 0 0 0 0 8 0 0 0 0 0 8 8 8 9 111 111 111 111 111 111 105 105 105 249 249 255 255 255 255 255 255 255 127 108 8 8 8 8 8 8 203 203 201 201 201 201 201 193 193 192 192 192 64 0 0
25 249 253 255 255 255 109 101 101 97 97 96 0 0 157 253 255 255 255 255 223 255 255 255 255 255 255 255 255 255 251 255 255 255 255 255 255 255 255 255 255 255 255 255 255 255 255 255 255 237 237 236 204 204 204 204 204 68 4 0 4 0 4 0 172 220 236 236 236 236 236 236 253 255 207 207 201 136 136 136 136 136 136 136 136 136 136 136 136 136 202 202 74 74 72 76 108 109 109 109 109 109 108 108 108 108 108 108 76 76 76 76 76 76 76 76 204 204 220 220 220 8 8 40 169 169 237 255 255 255 255 255 255 255 251 255 255 255 255 107 73 73 233 255 253 255 255 255 255 255 255 255 255 255 255 255 255 255 255 238 0 0 0 0 0 4 0 0 0 0 0 0 200 255 223 255 223 255 223 206 0 0 0 0 0 0 0 0 0 0 0 0 0 0 0 8 8 8 9 111 111 111 103 111 111 105 105 105 249 249 255 255 255 255 255 255 255 255 108 8 8 8 8 8 8 203 203 201 137 201 201 201 193 193 192 192 192 64 0 0
25 249 253 255 255 255 109 101 101 97 97 96 0 0 157 253 255 255 255 255 255 255 255 255 255 255 255 255 255 255 255 255 255 191 255 255 255 255 251 255 255 255 255 255 255 255 255 255 255 237 237 236 204 204 204 204 204 68 0 4 0 4 0 4 140 236 236 236 236 236 236 236 253 255 207 207 201 136 136 136 136 136 136 136 136 136 136 136 136 136 202 202 74 74 72 76 108 109 109 109 109 109 108 108 108 108 108 108 76 76 76 76 76 92 76 76 204 204 220 220 220 8 8 40 169 169 237 255 255 255 255 255 255 255 255 255 255 255 255 107 73 73 233 221 255 255 255 255 255 255 255 255 255 255 255 255 255 255 255 238 0 0 2 0 0 8 0 0 0 32 0 0 200 223 255 223 255 223 255 206 0 0 0 0 0 0 0 0 0 0 0 0 0 0 0 8 8 8 9 111 111 111 111 111 111 105 105 105 249 249 255 255 255 255 255 255 255 255 108 8 8 8 8 8 8 203 203 201 201 201 201 201 193 193 192 192 192 64 0 0
25 249 253 254 255 255 109 101 101 97 97 96 0 0 157 253 255 255 255 255 255 255 255 255 255 255 255 255 255 255 255 255 255 255 255 255 255 255 255 255 255 255 255 255 255 255 255 255 255 237 237 236 204 204 204 204 204 68 4 0 4 0 4 0 140 236 236 236 236 236 236 236 253 255 207 207 201 136 136 136 136 136 136 136 136 136 152 136 136 136 202 202 106 74 72 76 108 109 109 109 109 109 108 108 108 108 108 108 76 76 76 76 76 76 76 76 204 204 220 220 220 8 8 40 169 169 229 255 255 255 255 255 255 255 255 255 255 255 255 107 73 73 201 253 255 255 239 255 255 255 255 255 255 255 255 255 255 255 255 238 0 0 0 0 0 0 0 0 0 0 0 0 200 255 223 239 223 255 223 206 0 0 0 0 0 0 0 0 0 0 0 0 0 0 0 8 8 8 9 111 111 111 111 111 111 105 105 105 249 249 255 255 255 223 255 255 255 255 108 8 8 136 8 8 8 203 203 201 201 201 201 201 193 193 192 192 192 64 0 0
25 249 253 255 255 255 109 103 101 97 97 96 0 0 157 253 255 255 255 255 255 251 255 255 255 255 255 255 247 255 255 255 255 255 247 255 255 255 255 255 255 255 255 255 255 255 255 255 255 237 237 236 204 204 204 204 204 68 0 4 0 5 0 4 140 236 236 236 236 236 236 236 253 255 207 207 201 136 136 136 136 136 136 136 136 136 136 136 136 136 202 234 74 74 72 76 108 109 109 109 109 109 108 110 100 108 108 108 76 76 76 76 76 76 76 76 204 204 220 220 220 8 8 40 169 161 169 255 255 255 255 255 255 255 255 255 255 255 255 107 73 73 201 253 255 255 254 255 255 255 255 255 255 239 255 255 255 255 255 238 0 0 0 0 0 0 0 0 0 0 0 0 200 223 255 223 255 223 255 206 0 2 0 0 0 0 0 0 0 0 0 0 0 0 0 8 8 8 9 111 111 111 111 111 111 105 105 105 249 249 253 255 255 255 255 255 255 255 108 8 8 8 8 8 8 203 203 201 201 200 201 201 193 193 192 192 192 64 0 0
25 249 253 255 255 223 111 101 101 97 97 96 64 0 157 253 255 255 255 255 255 255 255 255 255 255 255 255 255 255 255 255 255 255 255 255 255 255 255 255 255 255 255 255 255 255 191 255 255 237 237 236 204 204 204 204 204 68 4 0 4 0 4 0 140 236 236 236 236 236 236 236 253 255 207 207 201 136 136 136 136 136 136 136 136 136 136 136 136 136 234 202 74 74 72 76 108 109 109 109 109 109 100 108 108 108 108 108 76 76 76 76 76 76 76 76 204 204 220 220 220 8 8 40 161 169 169 255 255 255 255 253 255 255 255 255 255 255 255 107 73 73 201 253 255 255 255 255 255 255 255 255 255 255 255 255 255 255 255 238 0 0 0 0 0 0 0 0 0 0 0 0 200 255 223 255 223 255 223 206 2 0 0 0 0 0 0 0 0 0 0 0 0 0 0 8 8 8 9 111 111 111 111 111 111 105 105 105 249 249 253 255 255 255 254 255 255 255 108 8 8 8 8 8 8 203 203 201 201 201 201 201 193 193 192 192 192 64 0 0
25 249 253 255 255 255 111 101 101 97 97 96 64 0 149 253 255 255 255 255 255 255 255 255 255 255 255 255 255 255 255 255 255 255 255 255 255 255 255 255 255 255 255 255 255 255 255 255 255 237 237 236 204 204 204 204 204 68 0 4 0 4 0 4 172 236 236 236 236 236 236 108 253 255 207 143 201 136 136 136 136 136 136 136 136 136 152 136 136 136 202 202 74 74 72 76 108 109 109 109 109 109 108 108 108 108 110 108 76 76 76 76 76 76 76 76 204 204 220 220 220 8 8 32 40 169 169 255 255 255 255 253 255 255 255 191 255 255 255 107 73 73 201 253 255 255 255 255 255 255 255 255 255 255 255 255 255 255 255 238 0 0 0 2 0 0 0 0 0 0 0 0 200 223 191 223 255 207 255 206 0 0 0 8 0 4 0 0 0 0 0 0 0 0 0 8 8 8 9 111 111 111 111 111 111 105 105 105 249 249 253 255 255 255 255 255 255 255 108 8 8 8 8 8 136 203 203 201 201 201 201 201 193 193 192 192 192 64 0 0
25 249 253 127 255 255 111 101 101 97 97 96 64 0 0 253 255 255 255 255 255 255 255 255 255 255 255 255 255 255 255 255 255 255 255 255 255 255 255 255 255 255 255 255 255 255 255 255 255 237 237 236 204 204 204 204 204 68 4 0 4 0 4 0 172 236 236 236 236 236 172 236 253 255 207 201 137 136 136 136 136 136 136 136 136 136 136 136 136 136 202 202 74 74 72 76 108 111 109 109 109 109 108 108 108 108 108 108 76 76 76 76 76 76 76 76 204 204 220 220 220 8 0 8 40 169 169 255 255 255 255 255 255 255 255 255 255 255 255 107 73 73 201 253 255 255 255 255 255 255 254 255 255 255 255 255 239 255 255 238 0 0 0 0 0 16 0 0 0 0 0 0 200 255 223 255 223 255 207 206 32 0 0 0 0 0 0 0 0 0 0 0 0 0 0 8 8 8 9 111 111 111 111 111 111 105 105 105 249 249 253 255 255 255 255 255 255 255 108 8 8 8 8 8 136 203 203 201 201 201 201 201 193 193 192 192 192 64 0 0
25 249 253 253 255 255 111 101 100 97 97 96 64 0 0 253 255 255 255 255 255 255 255 255 255 255 255 255 255 255 255 255 255 253 255 255 255 255 255 255 255 255 255 255 239 255 255 255 255 237 237 236 204 204 204 204 204 68 0 4 0 4 0 4 172 236 236 236 236 236 236 236 253 255 207 201 136 136 136 136 136 136 136 136 136 136 136 136 136 137 202 202 74 74 72 76 110 109 109 109 109 109 108 108 44 108 108 108 76 92 76 76 76 76 76 76 204 204 220 220 220 0 8 8 40 169 169 255 255 255 191 255 255 255 255 255 255 255 255 107 73 73 201 253 255 255 255 255 255 255 253 255 255 255 255 255 255 255 255 238 0 0 0 0 0 64 0 0 0 0 2 0 136 223 255 223 255 223 207 238 0 0 0 0 0 0 0 0 0 0 0 0 0 0 0 8 8 8 9 111 111 111 111 111 111 105 105 105 249 249 253 255 255 255 255 255 255 255 108 8 8 8 8 8 136 203 203 201 201 201 201 201 193 193 192 192 192 64 0 64
25 249 253 253 255 255 111 101 101 96 97 96 64 128 0 253 255 255 255 255 255 255 255 255 255 255 255 255 255 255 255 255 255 255 255 255 255 255 255 255 251 255 255 255 255 255 255 255 255 237 237 236 204 204 204 204 204 68 4 0 4 0 4 0 172 236 236 236 236 236 236 236 253 255 207 201 136 136 136 136 136 136 136 136 136 136 136 136 136 136 202 202 74 74 72 76 109 109 109 109 109 109 108 108 108 108 108 108 76 76 76 76 76 76 76 76 204 204 220 220 156 8 8 8 40 169 169 255 255 255 255 254 255 255 255 255 255 255 255 107 73 73 201 253 255 255 255 255 223 255 255 255 255 255 255 255 255 255 255 238 0 0 0 16 0 0 0 4 0 0 0 1 136 255 223 255 223 255 239 206 0 0 0 0 0 0 0 0 0 0 8 0 0 0 0 8 8 8 9 111 111 111 111 111 111 105 105 105 249 249 253 255 255 255 255 255 255 255 108 8 8 10 12 8 136 203 202 201 201 201 201 201 193 193 192 192 192 64 64 0
25 249 253 253 255 255 111 101 101 97 96 96 64 0 132 253 255 255 255 255 255 255 255 255 255 255 255 255 255 255 255 255 255 255 255 255 255 255 255 255 255 255 255 255 255 255 255 255 255 237 237 236 204 204 204 204 204 68 0 4 0 4 0 4 172 236 236 236 236 236 236 236 253 255 207 201 136 136 136 136 136 136 140 136 136 136 136 136 136 136 202 202 74 74 72 76 109 109 109 109 109 109 108 108 108 108 108 108 76 92 76 76 76 76 76 76 204 204 220 220 72 8 8 8 40 169 169 255 255 255 255 255 255 255 255 255 255 255 255 107 73 73 201 253 255 255 253 255 255 255 255 255 255 255 255 255 255 255 255 238 0 0 0 0 0 0 0 8 0 0 0 0 137 223 255 159 255 255 239 206 0 0 0 0 0 0 0 0 0 0 32 0 0 0 0 8 8 8 9 111 111 111 111 111 111 105 105 105 249 249 253 255 255 255 255 255 255 255 108 8 8 12 9 8 136 202 203 201 201 201 201 201 193 193 192 192 192 64 64 0
25 249 253 253 255 251 111 101 101 97 96 96 80 0 0 253 255 255 255 255 255 255 255 255 255 255 255 255 255 255 255 255 255 255 255 255 255 254 255 255 255 251 255 255 255 255 255 255 239 237 237 236 204 204 204 204 204 68 4 0 68 0 4 16 172 236 236 236 236 236 236 236 253 255 207 201 136 136 136 136 136 136 136 136 136 136 136 136 136 136 202 202 74 74 72 78 109 109 109 109 109 109 108 108 108 108 108 108 76 76 76 76 76 76 76 76 204 204 220 220 72 8 8 8 40 169 169 255 255 255 255 255 255 255 255 255 255 255 255 107 73 73 201 253 251 255 255 255 255 255 255 255 255 255 255 255 255 255 255 238 0 0 0 0 0 0 0 0 0 0 0 0 153 255 223 255 255 255 239 206 0 16 0 0 0 0 0 0 0 0 0 0 0 0 0 8 8 8 9 111 111 111 111 111 111 105 105 105 249 249 253 255 255 255 255 255 255 255 108 24 8 8 8 8 136 203 203 201 201 201 200 201 193 193 192 192 192 64 64 0
25 249 253 253 255 255 111 101 101 97 96 96 96 0 0 253 255 255 255 255 255 255 255 223 255 255 255 255 255 255 255 255 255 255 255 255 255 255 255 255 255 255 255 255 255 239 255 255 239 237 253 236 204 204 204 204 204 68 0 4 0 4 0 4 172 236 236 236 236 236 236 236 253 191 207 201 136 136 136 136 136 136 136 136 136 136 136 136 136 136 202 202 74 74 74 109 109 109 109 109 109 109 108 108 108 108 108 108 76 76 76 76 76 76 76 76 204 204 220 220 72 8 8 8 40 169 169 255 255 255 255 255 255 255 255 255 255 255 255 107 73 75 201 249 255 255 239 255 255 255 255 255 255 255 255 255 255 255 255 238 0 0 0 0 0 0 0 0 0 32 0 0 153 207 255 255 255 255 239 206 0 0 0 0 0 0 0 0 0 0 0 0 0 0 0 8 8 8 9 111 111 111 111 111 111 105 105 105 249 249 253 255 255 255 255 255 255 255 124 108 8 8 8 8 136 203 203 201 201 201 201 201 193 193 192 192 192 64 64 0
25 249 253 253 255 255 111 101 101 97 96 96 96 0 0 253 255 255 255 255 127 255 255 255 255 255 255 255 255 255 255 255 255 255 255 255 255 255 255 255 255 255 255 255 255 255 255 255 239 237 229 236 204 204 204 204 204 68 4 0 4 0 4 0 172 236 236 236 236 236 236 236 253 207 207 201 136 136 136 136 136 136 136 136 136 136 136 136 136 136 202 202 74 74 111 109 109 109 109 109 109 109 108 108 108 108 108 108 76 76 76 76 68 76 76 76 204 204 220 220 72 8 8 9 40 169 169 255 255 255 255 255 255 127 255 255 255 255 255 107 75 201 201 249 254 255 255 255 255 255 255 255 255 255 255 255 255 255 255 230 0 0 0 0 0 0 0 0 64 32 0 0 137 255 255 255 255 255 239 206 0 0 64 0 0 0 0 0 0 0 0 0 0 0 0 8 8 8 9 111 111 111 111 111 111 105 105 105 249 249 253 255 255 255 255 255 255 255 255 108 8 8 8 8 136 203 203 201 201 201 201 201 193 193 192 192 192 64 64 0
25 249 253 253 255 255 111 101 101 97 96 96 96 0 0 253 255 255 255 255 255 255 255 255 255 255 255 255 255 255 254 255 255 255 255 255 255 254 255 255 255 255 255 255 255 255 255 255 239 237 237 236 204 204 204 204 204 68 0 4 0 4 0 4 172 236 236 236 236 236 236 236 236 207 207 201 136 136 136 136 136 136 136 136 136 136 136 136 136 136 202 202 74 111 111 109 109 109 109 109 109 109 108 108 124 108 108 108 76 76 76 76 76 76 76 76 204 204 220 220 72 8 8 8 41 169 169 255 255 255 255 255 255 255 255 255 255 254 255 107 203 201 201 249 255 255 255 255 255 255 255 255 255 255 255 255 255 255 255 230 0 0 0 0 0 0 0 0 0 0 0 0 137 255 255 255 255 255 239 206 0 0 0 0 0 0 0 0 0 0 0 0 0 0 0 8 8 8 9 111 111 111 111 111 111 105 105 105 249 249 253 255 251 255 255 255 255 255 255 108 8 8 8 8 136 203 203 201 201 201 201 201 193 193 192 192 192 64 64 32
25 249 253 253 253 255 111 101 101 97 96 96 96 0 0 253 255 255 255 255 255 255 255 255 255 255 255 255 255 255 255 255 255 255 255 255 255 255 255 255 255 255 255 255 255 255 255 255 239 237 237 236 204 220 204 204 204 68 4 0 4 128 68 0 172 236 236 236 236 236 236 236 236 207 207 201 136 136 136 136 136 136 136 136 136 136 136 136 136 137 202 202 111 111 111 109 109 109 109 109 109 109 44 108 108 108 108 108 76 76 76 76 76 76 76 76 204 204 220 220 72 8 8 8 41 169 169 255 255 255 255 255 255 255 255 255 255 255 255 235 203 201 201 249 255 255 255 255 255 255 255 255 255 255 255 255 255 255 255 230 0 0 0 0 0 0 0 0 1 0 0 0 137 255 255 255 255 255 231 206 0 0 0 0 0 0 0 0 0 32 0 0 0 0 0 8 8 8 9 111 111 111 111 111 111 105 105 105 249 249 253 255 255 255 255 255 255 255 255 108 8 8 8 8 136 203 203 201 201 201 201 201 193 193 192 192 192 192 64 0
25 249 253 253 253 255 111 101 101 97 96 96 96 0 0 253 255 255 255 255 255 255 255 191 255 255 255 191 255 255 247 255 255 255 255 255 255 255 255 255 255 255 255 255 255 255 255 255 239 237 237 236 204 204 204 204 204 68 0 4 0 4 0 4 172 236 236 236 236 236 236 236 236 207 207 201 136 136 136 136 136 136 136 136 136 136 140 136 136 136 202 239 111 111 111 109 109 109 109 109 109 109 108 110 108 108 108 108 76 76 76 76 76 76 76 76 204 204 220 220 72 8 8 8 41 169 169 255 255 255 255 255 255 255 255 255 255 255 255 235 203 201 201 249 255 255 255 255 255 253 255 255 239 255 255 255 255 255 255 230 0 0 0 0 0 0 0 0 0 0 0 0 137 255 255 255 255 255 238 198 0 0 0 0 0 0 0 0 0 0 0 0 0 0 0 8 8 8 9 111 111 111 111 111 111 105 105 105 249 249 253 255 255 255 255 255 255 255 255 108 8 8 8 8 136 201 203 201 201 201 201 201 193 193 192 192 192 192 64 0
25 249 253 253 253 255 111 101 101 97 96 96 96 0 0 253 223 255 255 255 255 255 255 255 223 255 255 255 255 255 255 255 255 255 255 255 255 255 255 255 255 255 255 255 255 255 255 255 239 237 237 236 204 204 204 204 204 68 4 0 4 0 4 0 172 236 236 236 236 236 236 236 236 207 207 201 136 136 136 136 136 136 136 136 136 136 136 136 136 136 239 239 111 111 111 109 109 109 109 109 109 109 108 108 108 108 108 108 76 76 12 76 76 76 76 76 204 204 220 220 72 8 8 8 41 169 169 255 255 255 255 255 255 255 255 255 255 255 254 235 203 201 201 249 255 255 255 255 255 255 255 251 255 255 255 255 255 255 255 230 0 0 32 0 0 0 0 0 0 0 0 0 137 255 255 255 255 255 238 198 0 0 0 2 0 0 0 0 0 0 0 0 0 0 0 8 8 8 9 111 110 111 111 111 111 105 105 105 249 249 253 255 255 255 255 255 255 255 255 108 8 8 8 8 136 201 201 201 201 201 201 201 193 193 192 192 192 192 64 0
25 249 253 253 253 255 111 101 101 97 96 96 96 0 0 221 255 255 255 255 255 255 255 255 255 255 255 255 255 255 255 255 255 255 255 255 255 223 255 255 255 255 255 255 255 255 255 127 239 237 237 236 204 204 204 204 204 68 0 4 0 4 0 4 172 236 236 236 236 236 236 236 236 207 207 201 136 136 136 136 136 136 136 136 136 136 136 136 136 136 239 239 111 111 111 109 109 109 109 109 109 109 108 108 108 108 108 108 92 108 76 76 76 76 76 68 204 204 220 220 72 8 8 8 41 169 169 255 255 255 255 255 255 255 255 255 255 255 255 235 203 201 201 249 255 255 255 255 255 255 255 255 255 255 255 255 255 255 255 230 0 0 0 64 0 0 0 0 0 0 0 0 137 255 255 255 255 255 238 198 0 16 0 0 0 0 0 0 0 0 0 0 0 0 0 8 8 8 9 111 111 111 111 111 111 105 105 105 249 249 253 255 255 255 255 255 255 255 255 108 8 8 8 8 136 201 201 201 201 201 201 201 193 193 192 192 192 192 72 0
25 249 245 253 253 255 111 101 101 105 96 96 96 0 0 221 255 255 223 255 255 255 255 255 255 255 255 255 255 255 255 255 255 255 255 255 255 255 255 255 255 255 255 255 255 255 255 255 239 237 237 108 204 204 204 204 204 68 4 0 4 0 4 0 172 236 236 236 236 236 236 236 236 207 207 201 136 136 136 136 136 136 136 136 137 136 136 136 136 136 239 239 111 111 111 109 109 109 109 109 109 109 108 108 108 108 108 108 108 76 76 76 76 76 76 76 204 204 220 220 72 8 8 8 41 169 169 255 255 255 255 251 255 255 255 255 255 255 255 235 203 201 201 249 255 255 255 255 255 255 255 255 255 255 255 255 255 255 255 230 0 0 0 4 0 0 0 0 0 0 0 0 137 255 255 255 255 255 238 198 0 0 0 0 0 2 0 0 0 0 0 0 0 0 0 8 8 24 9 111 111 111 111 111 111 107 105 105 249 249 253 255 255 255 255 255 255 255 255 108 8 8 8 8 136 201 201 201 201 201 201 201 193 193 192 192 192 192 64 0
25 249 249 253 253 255 111 101 101 97 96 96 96 0 0 221 255 255 255 255 255 255 255 255 255 255 255 255 255 255 255 255 255 255 255 255 255 255 255 255 255 255 239 255 255 255 255 254 239 237 237 236 204 204 204 204 204 68 0 4 0 4 0 4 172 236 236 236 236 236 236 236 236 207 207 201 136 136 136 136 136 136 136 136 136 136 136 168 136 136 239 239 111 111 111 109 109 109 109 109 109 109 108 108 108 108 108 108 108 76 76 76 76 68 76 76 140 204 220 220 72 8 8 8 41 169 169 255 255 255 255 255 255 255 255 255 255 255 255 235 203 201 201 249 255 255 255 255 255 255 255 255 255 255 255 255 255 255 255 230 0 0 0 0 0 0 32 0 0 0 8 0 153 255 255 255 255 255 238 198 0 0 0 0 0 0 4 0 0 0 0 0 0 0 0 8 8 8 9 111 111 111 111 111 111 107 105 105 249 249 253 255 255 255 255 255 255 255 255 108 8 8 8 8 136 201 201 201 201 201 201 201 193 193 192 192 192 192 64 0
25 249 249 253 253 255 111 101 101 97 96 96 96 0 0 221 255 255 255 191 255 255 255 255 255 255 255 255 255 255 255 255 255 255 255 255 255 255 255 255 255 255 255 255 255 255 255 255 239 237 237 236 204 204 204 204 204 68 4 0 4 0 4 0 172 236 236 236 236 236 236 236 236 207 207 201 136 136 136 136 136 136 136 136 136 136 136 136 136 136 239 239 111 111 111 109 109 109 109 109 109 109 108 108 108 108 108 108 108 76 76 76 76 76 76 76 204 204 220 220 72 8 8 8 41 169 169 255 255 255 255 255 255 255 255 255 255 255 253 235 203 201 201 249 255 255 255 255 255 255 255 255 191 255 255 255 255 255 255 230 0 0 0 0 0 0 0 0 0 0 0 8 153 255 255 255 255 255 238 198 2 0 0 0 128 0 0 0 0 0 0 0 0 0 0 8 8 8 9 111 111 111 111 111 111 107 105 105 249 249 253 255 255 255 255 255 255 255 255 108 8 8 8 8 136 201 201 201 201 201 201 201 193 193 192 192 192 192 64 0
25 249 249 253 253 255 111 101 101 97 96 96 96 0 0 221 255 253 253 255 255 255 255 255 255 255 255 255 255 255 255 255 255 255 255 255 255 255 255 254 255 255 255 255 255 255 255 223 239 237 237 236 204 204 204 204 204 68 0 4 0 4 0 4 172 236 236 236 236 236 236 236 236 207 207 201 136 136 136 136 136 140 136 136 137 136 136 136 136 136 239 239 111 111 111 109 109 109 109 109 109 109 110 108 108 108 108 108 108 76 76 76 76 76 76 76 204 204 220 220 72 8 8 8 41 169 169 255 255 255 255 247 255 255 255 239 255 255 255 235 203 201 201 249 255 253 255 255 239 255 255 255 255 255 255 255 255 255 255 230 0 0 0 0 0 0 0 0 0 0 0 8 153 255 255 255 255 255 238 198 0 0 0 0 0 0 0 0 0 0 0 0 0 0 0 8 8 8 9 111 111 111 111 111 111 107 105 105 249 249 189 127 255 247 255 255 255 255 255 108 8 8 8 8 136 201 201 201 201 201 201 201 193 193 192 192 192 192 64 16
25 249 249 221 253 255 111 101 101 97 96 96 96 0 0 221 253 255 253 255 255 255 255 255 255 255 255 255 255 255 255 255 255 255 255 255 255 255 255 255 255 255 255 255 255 255 223 191 239 237 237 236 204 204 204 204 204 68 4 0 4 0 4 0 172 236 252 236 236 236 236 236 236 207 207 201 136 136 136 136 136 136 136 136 136 136 136 136 136 136 239 239 111 111 111 109 109 109 109 109 109 109 108 44 108 108 108 108 108 76 76 76 76 76 76 76 204 204 220 220 72 8 8 8 41 169 41 255 255 255 255 255 255 255 251 255 255 255 255 235 203 201 201 249 253 255 255 255 255 255 255 255 191 255 255 255 255 255 255 230 8 0 0 0 0 0 0 0 0 0 128 8 153 255 255 255 255 255 238 198 0 0 0 0 0 0 0 0 0 0 0 0 0 0 0 8 24 8 9 111 111 111 111 111 111 107 105 105 249 121 125 255 255 255 255 255 255 255 255 108 8 8 8 8 136 201 201 201 201 201 201 201 193 193 192 192 192 192 64 64
25 249 249 253 253 127 111 101 101 97 96 96 96 0 0 221 253 253 255 255 255 255 255 255 255 255 255 255 255 255 255 255 255 255 255 255 255 255 255 255 255 255 255 255 191 255 255 239 239 237 233 236 204 204 204 204 204 68 0 4 0 4 0 4 172 236 236 236 236 236 228 236 236 207 207 201 136 136 136 136 136 136 136 136 136 136 136 136 136 136 239 239 111 111 111 109 109 109 109 109 109 109 108 108 108 108 124 108 108 76 76 76 76 76 76 76 204 204 220 220 72 40 8 8 41 41 169 255 255 255 255 255 255 255 255 255 255 255 255 235 203 201 201 249 253 255 255 255 255 255 255 255 255 255 255 255 255 255 255 238 0 0 0 0 0 0 0 0 0 0 0 136 153 255 255 255 255 127 238 198 0 0 0 0 0 0 128 0 0 0 0 0 0 0 0 8 8 12 9 111 111 111 111 111 107 107 105 105 121 249 125 255 255 255 255 255 255 255 255 108 8 8 8 8 136 201 201 201 201 201 201 201 193 193 192 192 192 192 64 64
25 249 249 245 253 255 111 101 101 97 96 96 96 0 0 221 253 253 255 255 255 255 255 255 255 255 255 255 255 255 255 254 255 255 255 255 254 255 255 255 255 255 255 255 255 255 255 239 239 237 237 236 204 204 204 204 204 68 4 0 4 2 4 0 172 236 236 236 236 236 236 236 236 207 207 201 136 136 136 136 136 136 136 136 136 136 136 136 152 136 239 239 111 111 111 109 109 109 109 109 109 109 108 108 108 108 108 108 108 76 76 76 76 76 76 68 204 204 220 220 72 8 8 8 41 41 169 255 255 255 255 255 255 255 255 255 255 255 255 235 203 201 201 249 253 255 255 255 223 255 255 255 255 255 255 255 255 255 255 238 0 0 0 0 0 0 0 0 0 0 0 136 153 255 255 255 255 255 238 198 0 0 0 0 0 0 0 0 0 0 0 4 0 0 0 8 8 8 9 111 111 111 111 111 107 107 105 105 121 121 253 255 255 255 255 255 255 255 255 108 8 8 8 8 136 201 201 201 201 201 201 201 193 193 200 192 192 192 64 64
25 249 249 249 253 255 111 101 101 97 96 96 96 0 0 221 253 253 255 255 255 255 255 255 255 255 255 255 255 255 255 255 223 255 255 255 255 255 255 255 255 255 255 251 255 255 255 239 239 237 237 236 204 204 204 204 204 68 0 4 0 4 0 4 172 228 236 236 236 236 236 236 236 207 207 201 136 136 136 136 136 136 136 136 136 136 140 136 136 136 239 239 111 111 111 109 109 109 109 109 109 109 108 108 108 108 108 108 108 76 76 76 76 76 76 76 204 204 220 220 72 8 8 8 41 41 169 255 255 255 254 255 127 255 255 255 255 255 255 235 203 201 201 249 253 255 255 255 255 255 255 255 255 255 255 255 255 255 255 238 0 0 0 0 0 8 0 0 0 0 0 136 153 255 255 255 255 255 238 198 0 0 0 0 0 0 0 0 0 0 0 0 0 0 0 8 8 8 9 111 111 111 111 111 107 107 105 105 121 121 253 255 255 255 255 255 255 255 255 108 8 8 8 8 136 201 201 201 201 201 201 201 193 201 192 192 192 192 64 64
25 249 249 249 253 255 111 101 101 97 112 96 96 0 0 221 125 253 255 255 251 255 255 255 255 255 255 255 255 255 255 255 255 255 255 255 255 255 255 255 255 255 239 255 255 255 255 239 239 237 237 236 204 204 204 204 204 68 4 0 4 0 4 0 164 172 236 236 172 236 236 172 236 207 207 201 136 136 136 136 136 140 136 136 136 136 136 136 136 136 239 239 111 111 111 109 109 109 109 109 109 109 108 108 108 108 108 108 108 76 76 76 76 76 76 76 204 204 220 220 72 8 8 8 41 41 169 255 255 255 255 255 255 255 255 255 255 255 255 235 203 201 201 249 253 255 255 255 251 247 255 255 255 255 255 255 255 251 223 238 0 0 0 0 0 0 0 0 0 0 0 136 153 255 255 255 255 255 110 198 0 0 0 0 0 0 0 0 0 0 0 0 0 0 0 8 8 8 9 111 111 111 111 111 107 107 105 105 121 121 253 255 255 255 255 255 255 255 255 108 8 8 8 8 136 201 201 201 201 201 201 201 201 193 192 192 192 192 64 64
25 249 249 249 253 255 111 101 101 97 97 96 96 0 0 93 253 253 255 255 255 255 255 255 255 255 255 255 255 255 255 255 239 255 255 255 255 255 255 255 255 255 255 255 255 239 255 239 239 237 237 236 204 204 204 204 204 68 0 4 0 4 0 4 0 172 236 236 236 236 236 236 236 207 207 201 136 136 136 136 136 136 136 136 136 136 136 136 136 136 239 239 111 111 103 109 109 109 109 109 109 109 108 108 108 108 108 108 108 76 76 76 108 76 76 76 204 204 220 220 72 8 8 8 41 41 169 255 255 255 255 255 255 255 255 255 255 255 255 235 203 201 201 249 253 255 255 255 255 251 255 127 255 255 255 255 255 255 255 206 0 0 0 0 0 0 0 0 0 0 2 136 153 255 255 255 255 255 238 70 0 0 0 0 0 0 0 0 0 0 0 0 0 0 0 8 8 8 9 111 111 111 111 111 107 107 105 105 121 121 253 255 255 255 255 255 255 191 255 108 8 8 8 8 136 201 201 201 201 201 201 201 201 193 192 192 192 192 64 64
25 249 249 249 253 255 111 101 101 97 97 96 96 0 0 93 253 253 255 255 255 255 255 251 255 255 255 255 255 255 255 255 255 255 255 255 255 255 255 255 255 255 255 255 255 255 239 239 239 237 237 236 204 204 204 204 204 68 4 0 4 0 4 0 4 172 236 236 236 236 236 236 236 207 207 201 136 136 136 136 136 136 136 136 136 136 136 136 136 136 239 239 111 111 111 109 109 109 109 109 109 109 108 108 108 108 124 108 108 76 76 76 76 76 76 76 204 204 220 220 72 8 8 8 41 41 169 255 255 255 255 255 255 255 255 255 255 255 255 235 203 201 201 249 253 255 255 255 255 255 255 255 255 255 255 255 255 255 255 206 0 0 0 0 0 0 0 0 0 0 136 136 153 255 255 255 255 255 238 70 0 32 0 0 0 0 0 0 0 0 0 0 0 0 0 8 8 136 9 111 111 111 111 111 107 107 105 105 121 121 253 255 255 255 255 255 255 255 255 108 8 8 8 8 136 201 201 201 201 201 201 201 201 193 192 192 192 192 64 64
25 249 249 249 253 255 111 101 101 97 97 96 96 0 0 93 253 253 255 255 255 255 255 255 127 255 255 255 255 255 255 255 255 255 255 255 255 255 255 255 255 223 255 255 255 239 239 175 239 237 237 236 204 204 204 204 204 68 4 4 0 4 0 4 0 172 236 236 236 236 236 236 236 207 207 201 136 136 152 136 136 136 136 136 136 136 136 136 136 136 239 239 111 111 111 109 109 109 109 109 109 108 108 108 108 108 108 108 108 76 76 76 76 76 76 76 204 204 220 220 72 8 8 8 41 41 169 255 255 255 255 255 255 255 255 255 255 255 255 235 203 201 201 249 253 255 255 255 255 255 255 254 255 255 255 255 255 255 255 206 0 0 0 32 0 0 0 0 0 0 136 136 153 255 255 255 255 255 238 70 0 0 0 0 0 0 0 0 0 0 0 0 0 0 0 8 8 8 9 111 111 111 111 111 107 107 105 105 121 121 253 255 255 255 255 255 255 255 255 108 8 8 8 8 136 201 201 201 201 201 201 201 201 193 192 192 192 192 64 64
25 249 249 249 253 255 111 103 101 97 97 96 96 0 0 93 253 253 255 255 255 255 255 255 255 255 255 255 255 255 255 255 255 255 255 255 254 255 255 255 255 255 255 255 255 239 239 239 239 237 237 236 204 204 204 204 236 68 4 0 4 0 4 0 132 172 236 236 236 236 236 236 172 203 207 201 136 136 136 136 136 136 136 136 136 136 136 136 136 136 239 239 111 111 107 109 109 109 109 109 109 44 108 108 108 108 108 108 108 76 76 76 76 76 92 76 204 204 220 220 72 8 8 8 41 41 169 255 255 255 255 255 255 255 255 255 255 255 255 235 203 201 201 249 253 255 255 255 255 255 255 255 255 247 255 255 255 255 255 206 0 0 0 0 0 0 0 0 0 0 136 136 153 255 255 255 255 255 238 70 0 0 0 0 0 0 32 0 0 0 0 0 0 0 0 8 8 8 9 111 111 111 111 111 107 107 105 105 121 121 253 255 255 255 223 255 255 255 255 108 8 8 8 8 136 201 201 201 201 201 201 201 201 193 192 192 208 192 64 64
25 249 249 185 253 255 111 103 101 97 97 98 96 0 64 93 253 253 255 255 255 255 255 255 255 255 255 255 255 255 255 255 255 253 255 255 255 255 255 255 255 255 255 255 239 239 239 239 239 237 237 236 204 204 204 204 204 68 0 4 0 4 0 4 0 172 236 236 236 236 236 236 200 207 203 201 136 136 136 136 136 136 136 136 136 168 136 136 136 136 239 239 111 111 111 109 109 109 109 109 109 108 108 108 108 108 110 108 108 76 76 76 76 76 76 76 204 204 220 220 72 8 8 8 41 41 169 255 255 255 255 255 255 255 255 255 255 255 255 235 203 201 201 249 253 255 255 255 255 255 255 255 255 255 255 255 255 255 255 142 0 0 16 0 0 0 0 0 64 0 136 136 153 255 255 255 255 255 238 70 0 0 0 0 0 0 0 0 0 0 0 0 0 0 0 8 8 8 9 111 111 111 111 111 107 107 105 105 121 121 253 255 255 255 255 255 255 255 255 108 8 8 8 10 136 201 201 201 201 201 201 201 201 193 192 192 192 192 64 64
25 249 249 249 253 255 111 103 101 97 97 96 96 64 0 93 253 253 255 255 255 255 255 255 255 255 255 255 255 255 255 255 255 255 255 255 255 255 255 255 255 255 255 255 239 239 239 239 175 237 237 236 204 204 204 204 204 68 4 16 4 0 4 0 4 172 236 236 236 236 236 236 204 203 203 201 136 136 136 136 136 136 136 136 136 136 136 136 136 136 239 239 111 111 111 109 109 109 109 109 109 108 108 108 108 108 108 108 108 76 76 204 76 76 76 76 204 204 220 220 72 8 8 8 41 41 169 255 255 255 255 255 255 255 255 255 255 255 255 235 203 201 201 249 253 255 255 255 255 255 255 255 255 255 255 255 255 255 255 0 0 1 64 0 0 0 0 0 0 0 136 136 153 255 255 255 255 255 238 70 0 0 0 0 0 0 0 0 0 0 0 0 0 0 0 8 8 8 9 111 111 111 111 111 107 107 105 105 121 121 253 255 255 255 255 255 255 247 255 108 8 8 8 136 136 201 201 201 201 201 201 200 201 193 192 192 192 192 64 64
25 249 249 249 253 255 111 103 101 97 97 96 96 64 64 93 253 253 255 255 255 255 255 255 255 255 255 127 255 255 255 255 255 255 255 255 255 255 255 255 255 255 255 255 239 239 239 239 237 237 237 236 204 204 204 204 204 68 0 4 0 4 0 4 0 172 236 236 236 236 236 236 204 203 203 201 136 136 136 136 136 136 136 136 136 136 136 136 136 136 239 239 111 111 111 109 109 109 109 109 111 108 108 108 108 108 108 108 108 76 76 76 76 76 76 76 204 204 220 220 72 8 8 8 41 41 169 255 255 255 223 253 247 255 255 255 255 255 255 235 203 201 201 249 253 255 255 255 255 255 255 255 255 255 255 255 255 255 255 0 0 0 0 0 0 0 0 0 0 0 136 136 153 251 255 255 255 255 238 70 0 0 0 0 0 0 0 0 0 0 0 0 0 0 0 8 8 8 9 111 111 111 111 111 107 107 105 105 121 121 253 255 253 255 255 255 255 255 255 108 8 8 8 136 136 201 233 201 201 201 201 201 201 193 192 192 192 192 64 64
25 249 249 249 253 255 111 103 101 97 97 96 96 64 64 93 253 253 255 255 255 255 255 255 255 254 255 255 255 255 255 255 255 255 255 255 255 255 255 255 255 255 255 255 239 239 239 239 237 237 237 236 204 204 204 204 204 68 4 64 4 0 4 0 4 172 236 236 236 236 236 236 204 203 203 201 136 136 136 136 136 136 136 136 136 136 136 136 136 136 239 239 111 111 111 109 45 109 109 109 45 108 108 108 108 108 108 108 108 76 76 76 76 76 108 76 204 204 220 220 72 8 8 8 41 41 169 255 255 255 255 255 253 255 255 255 255 255 255 235 203 201 201 249 253 255 255 255 255 127 255 255 255 255 255 255 255 255 255 0 0 0 0 0 0 0 0 0 0 0 136 136 153 255 255 255 255 255 238 70 0 0 0 0 0 0 0 0 0 0 0 0 0 0 0 24 8 8 9 111 111 111 111 111 107 107 105 105 121 121 253 253 255 255 255 255 255 255 255 108 8 8 8 136 136 201 201 201 201 201 201 201 201 193 192 192 192 224 64 64
25 249 249 249 253 255 111 103 101 97 97 96 96 64 64 221 253 253 127 255 255 254 255 255 255 255 255 255 255 255 255 255 255 253 253 255 255 255 255 255 255 255 255 255 237 239 239 239 237 237 237 236 204 204 204 204 204 100 64 4 0 4 0 4 0 172 236 236 236 236 236 236 204 203 203 201 136 136 168 136 136 136 136 136 136 136 136 136 136 136 239 239 111 111 111 109 109 109 109 109 108 108 108 108 108 108 108 108 108 76 76 76 76 76 76 76 204 204 220 220 72 8 8 8 41 41 169 255 247 255 255 255 255 255 255 255 255 255 255 235 203 201 201 249 253 255 255 255 255 255 255 255 255 255 255 255 255 255 253 0 0 0 0 0 2 0 0 0 0 0 136 136 153 255 255 255 255 255 238 70 0 0 0 0 0 0 0 0 0 0 0 0 32 0 0 8 8 8 9 111 111 111 111 111 107 107 105 105 121 121 253 253 255 255 255 255 255 255 255 108 8 8 8 136 136 201 201 201 201 201 201 201 201 193 192 192 192 192 64 64
25 249 249 249 253 255 111 103 101 97 97 96 96 64 64 221 253 253 255 255 255 255 255 255 255 255 255 255 255 255 255 255 255 255 253 254 255 255 255 255 255 255 255 255 239 239 239 111 237 237 237 236 204 204 204 204 204 68 68 0 4 0 4 0 4 172 236 236 236 236 236 236 204 203 203 201 136 136 136 136 136 136 136 136 136 136 136 136 136 136 239 239 111 111 111 125 109 109 109 109 108 108 108 108 108 108 108 108 108 76 76 76 76 76 76 76 204 204 220 220 8 8 8 8 41 41 169 247 255 255 255 255 255 255 255 255 255 255 255 235 203 201 201 249 253 255 191 255 255 255 255 255 255 255 255 255 255 253 255 0 0 4 0 0 0 0 0 0 0 0 136 136 153 255 255 255 255 255 238 70 0 0 0 0 0 0 0 0 0 0 0 0 0 0 0 8 8 8 9 111 110 111 111 111 107 107 105 105 121 121 253 189 255 255 255 255 255 255 255 108 8 8 8 136 136 201 201 201 201 201 201 201 201 192 192 192 192 192 64 64
25 249 249 249 253 255 111 103 101 97 97 96 96 64 64 221 253 253 255 255 255 255 255 255 255 255 255 255 255 255 255 255 255 255 255 255 255 255 255 255 255 255 255 255 239 239 239 239 173 237 237 236 204 204 204 204 204 68 100 4 0 4 0 4 0 172 236 236 236 236 236 236 204 203 203 201 136 136 136 136 136 136 136 136 136 136 136 136 136 136 239 239 111 111 127 111 109 109 109 109 108 108 108 108 108 108 108 108 108 76 76 76 76 76 76 76 204 204 220 220 8 9 8 8 41 41 161 169 255 255 255 255 255 255 255 255 255 255 255 233 203 200 201 249 253 255 255 254 255 255 255 255 255 255 255 255 255 255 253 0 0 0 0 0 0 0 0 0 0 0 136 136 153 255 255 255 191 255 238 70 0 0 0 0 0 0 0 0 0 0 0 0 0 0 0 8 8 8 9 111 111 111 111 111 107 107 105 105 121 121 253 253 255 255 223 255 251 255 255 44 8 8 8 136 136 201 201 201 201 137 201 201 201 192 192 192 192 192 64 64
25 249 249 249 253 255 111 103 101 97 97 96 96 64 64 221 253 253 255 255 255 255 255 255 255 255 251 255 255 255 191 255 255 255 255 255 255 255 255 255 127 255 255 255 239 239 239 239 237 237 237 236 204 204 204 204 204 68 68 0 4 0 4 0 4 172 236 172 236 236 228 236 204 203 203 201 136 136 136 136 136 136 136 136 136 136 136 136 136 136 239 239 111 127 111 111 109 109 109 109 108 108 108 108 108 108 108 108 108 76 76 76 76 76 92 76 204 204 220 220 8 8 8 8 41 33 41 169 255 255 255 255 255 255 255 255 255 255 255 235 201 201 201 249 253 255 255 255 255 255 255 255 255 255 255 255 255 255 255 0 0 16 0 0 16 0 0 0 0 0 136 136 153 255 247 255 223 255 238 70 0 0 0 0 0 0 0 0 0 0 0 0 0 0 0 8 8 8 9 111 111 111 111 111 107 107 105 105 121 121 253 253 255 255 255 255 255 255 255 8 8 8 8 136 136 201 201 201 201 201 201 201 201 192 192 192 192 192 64 64
25 249 249 249 253 255 111 103 101 97 97 96 96 64 64 221 253 253 255 255 255 255 255 255 255 255 255 255 255 255 255 255 255 255 255 255 255 255 255 255 255 255 255 255 239 239 239 239 237 173 237 236 204 204 204 204 204 68 68 4 0 4 0 4 0 172 172 236 236 236 236 236 204 203 203 201 136 136 136 136 136 136 136 136 168 136 136 136 152 136 239 239 127 111 111 111 109 109 45 109 108 108 108 108 108 108 108 108 108 76 76 76 76 76 76 76 204 204 220 220 8 8 8 8 33 41 41 169 253 255 255 255 255 255 255 255 255 255 255 235 201 201 201 249 221 255 255 255 255 255 255 255 255 255 255 255 255 255 255 0 0 0 1 0 0 8 0 0 0 0 136 136 153 255 255 255 255 255 238 70 0 0 0 0 0 0 0 0 0 0 0 0 0 0 0 8 8 136 9 111 111 111 111 111 107 107 105 105 121 121 253 253 255 255 255 255 255 255 255 8 8 8 8 136 136 201 201 201 201 201 201 201 201 192 192 192 192 192 64 64
25 249 249 249 253 254 111 103 101 97 99 96 96 64 64 221 253 253 255 255 255 255 255 255 255 255 255 255 255 254 255 255 255 255 255 255 255 255 255 255 255 255 255 255 239 239 239 239 237 237 237 236 204 204 204 204 204 68 68 0 4 0 4 0 4 172 172 236 236 236 236 236 204 203 203 201 136 136 168 136 136 136 136 136 136 136 136 136 136 136 239 255 239 111 111 111 45 109 109 111 108 108 108 108 108 108 108 108 108 76 76 76 76 76 76 76 204 204 220 220 8 8 8 0 8 41 41 169 253 255 255 127 255 255 255 255 255 255 255 235 201 201 201 217 253 255 255 255 255 255 255 255 255 255 255 255 255 255 255 0 0 0 0 0 0 0 0 0 0 0 136 136 153 255 255 255 255 255 238 70 0 0 0 0 8 0 0 2 0 0 0 0 0 0 0 8 8 8 9 111 111 111 111 111 107 107 105 105 121 121 253 253 255 255 255 255 255 255 247 8 8 8 8 136 136 201 201 201 201 201 201 200 201 192 192 192 192 192 64 64
25 249 249 249 253 255 111 103 101 97 97 96 96 64 64 221 253 253 255 255 255 255 255 255 255 255 255 255 255 255 255 255 255 255 255 255 255 255 255 255 255 255 255 255 239 239 239 239 237 237 237 236 204 204 204 204 204 68 70 132 0 4 0 4 0 172 172 236 236 236 236 236 204 203 203 201 136 136 136 136 136 136 136 136 136 136 136 136 136 136 255 239 239 111 111 111 109 109 109 109 108 108 108 108 108 108 108 108 108 76 76 76 76 76 76 76 204 204 220 220 8 8 0 8 8 41 41 169 253 255 255 255 255 255 255 255 255 255 255 235 201 201 201 217 253 255 255 255 255 127 255 255 255 255 255 255 255 255 255 0 0 0 0 0 0 0 0 0 0 0 136 136 153 255 255 255 255 255 238 70 0 0 0 0 0 0 0 0 0 1 0 0 0 0 0 8 8 8 9 111 111 111 111 111 107 107 105 105 121 121 253 253 223 255 255 255 255 255 255 8 8 8 9 136 136 201 201 201 201 201 201 201 200 192 192 192 192 192 64 64
25 248 249 249 253 255 111 103 101 97 97 96 96 64 64 221 253 253 255 255 255 255 255 255 255 255 255 255 255 255 255 255 255 255 255 255 255 255 255 255 255 255 255 255 239 239 239 175 237 237 237 236 204 204 204 204 204 68 196 0 4 0 4 0 4 172 172 236 236 236 236 236 204 203 203 201 136 136 136 136 136 136 136 136 136 136 136 136 136 136 239 239 239 111 111 111 109 109 109 109 108 108 108 108 108 108 108 108 108 76 76 76 76 76 92 76 204 204 220 220 8 0 8 8 8 41 41 169 253 255 255 255 255 255 255 255 254 255 255 235 201 201 201 217 253 255 255 255 255 255 255 255 255 255 255 251 255 255 255 64 0 0 0 0 0 0 0 0 0 0 136 136 153 255 255 255 255 255 238 70 0 0 0 0 0 0 0 0 0 0 0 0 0 0 0 8 8 8 9 111 111 111 107 111 107 107 105 105 121 121 253 253 255 255 255 255 255 255 255 8 8 8 8 136 136 201 201 201 201 201 201 201 200 192 192 192 192 192 64 64
24 249 249 249 253 255 111 103 101 97 97 96 96 64 64 221 253 253 255 255 255 255 255 255 255 255 255 255 255 255 255 255 255 255 255 255 255 255 247 255 255 255 255 255 237 239 239 237 237 237 237 236 204 140 204 204 220 196 68 4 0 4 0 4 0 172 172 236 236 236 236 236 204 203 203 201 136 136 136 136 136 136 136 136 136 136 136 136 136 136 239 239 239 111 111 111 109 109 109 109 108 108 108 108 44 108 108 108 108 76 76 76 76 76 76 76 204 204 220 220 0 8 8 8 12 41 41 169 253 255 255 255 255 255 255 127 255 255 255 235 201 137 201 217 253 255 223 255 255 255 255 255 255 255 255 255 255 255 255 64 8 0 0 0 0 0 0 0 0 0 136 136 153 223 255 255 255 255 238 70 0 0 0 0 0 0 0 0 0 0 0 0 0 0 0 8 8 8 9 111 111 111 111 107 107 107 105 105 121 121 253 253 255 255 255 255 255 255 255 8 8 8 8 136 136 201 201 201 201 201 201 201 200 192 192 192 192 192 64 64
24 249 249 249 253 255 111 103 101 97 97 96 96 64 64 221 253 253 255 255 255 255 255 255 255 255 255 255 255 255 255 255 255 255 255 255 255 255 255 255 255 255 255 255 239 239 239 237 237 237 237 236 204 204 204 204 204 196 68 0 4 0 4 0 4 172 172 236 236 236 236 236 204 203 203 201 136 136 136 136 136 136 136 136 136 136 136 136 136 136 239 239 239 111 103 111 109 109 109 109 108 108 108 108 108 108 108 108 108 76 76 76 76 76 76 76 204 204 220 220 8 8 8 8 8 41 41 169 253 255 255 255 255 255 255 255 255 255 255 235 201 201 201 217 253 255 255 255 255 223 255 255 255 255 255 255 255 255 255 72 0 0 16 0 0 0 0 0 0 0 136 136 153 255 255 255 255 255 238 70 128 0 0 64 0 0 0 0 128 0 0 0 0 0 0 8 8 8 9 111 111 111 111 107 107 107 105 105 121 121 253 253 255 255 255 255 255 255 255 8 8 8 8 136 136 201 201 233 201 201 233 201 200 192 192 192 192 192 64 64
24 249 249 249 253 251 111 103 101 97 97 96 96 96 64 221 253 253 255 255 255 255 255 255 255 255 255 255 255 255 255 255 253 255 255 255 255 127 255 255 255 255 255 255 239 239 239 237 237 233 237 236 204 236 204 204 204 196 68 4 0 4 0 4 0 172 172 236 236 236 236 236 204 235 203 201 136 136 136 136 136 136 136 136 136 136 136 136 136 136 239 239 239 111 111 111 109 109 109 109 108 108 108 108 108 108 108 108 108 76 76 76 76 76 76 76 204 204 220 220 8 8 8 8 8 41 41 169 253 255 255 255 255 255 255 255 255 255 255 235 201 201 201 217 253 255 255 255 255 255 255 255 255 255 255 255 255 255 255 72 0 0 0 0 4 0 8 0 0 0 136 136 153 255 255 255 255 255 238 198 0 0 0 0 8 0 0 0 0 0 0 0 0 0 0 8 8 8 9 111 111 111 111 107 107 107 105 105 121 121 253 253 255 255 255 191 255 255 255 8 8 40 8 136 136 201 201 201 201 201 201 201 200 192 192 192 192 192 64 64
24 249 249 249 249 255 111 103 101 97 97 96 96 96 64 221 253 253 255 255 255 254 255 255 255 255 255 255 255 255 255 255 255 255 255 255 247 255 255 255 255 255 255 255 239 239 239 237 237 237 237 236 236 204 204 204 204 196 68 0 4 0 4 0 4 172 172 236 236 236 236 236 236 202 203 201 136 136 136 136 136 136 136 136 136 136 136 136 136 136 239 239 239 111 111 111 109 109 109 109 108 108 108 108 108 108 108 108 108 76 76 76 76 204 76 76 204 204 220 220 8 8 8 8 8 41 41 169 253 255 255 255 255 255 255 255 255 255 253 235 201 201 201 217 253 255 255 255 255 255 255 253 255 255 255 255 255 255 255 8 0 0 0 0 0 0 0 0 0 0 136 136 153 255 255 255 255 255 238 198 0 0 0 0 0 0 0 0 0 0 0 0 0 2 0 8 8 8 9 111 111 111 111 107 107 107 105 105 121 121 253 253 255 255 255 255 255 251 255 8 8 40 8 136 136 201 201 201 201 201 201 200 200 192 192 192 192 192 64 64
24 249 249 249 249 255 111 103 101 97 97 96 96 96 64 221 253 253 255 255 255 255 247 255 255 255 255 255 255 255 255 255 255 255 255 191 255 255 255 255 255 255 255 255 239 239 239 229 237 237 237 236 236 204 204 204 204 196 68 4 0 4 0 4 0 172 172 236 252 236 236 236 172 203 203 201 136 136 136 136 136 136 136 136 136 136 136 136 136 136 239 239 239 111 111 111 109 109 109 109 108 108 108 108 108 108 108 108 108 76 76 76 76 76 76 76 204 204 220 220 8 8 8 8 8 41 41 169 253 255 255 255 255 255 255 255 255 255 255 233 201 201 201 217 253 223 255 255 255 255 255 255 255 255 255 255 255 255 255 0 0 0 0 0 0 0 0 0 0 0 136 136 153 255 255 255 255 255 238 198 128 0 0 0 0 0 0 16 0 0 0 0 0 0 0 8 8 8 9 111 111 111 111 107 107 107 105 105 121 121 253 253 255 255 255 255 255 255 251 8 9 8 8 136 136 201 201 201 201 201 201 200 200 192 192 192 192 192 64 64
24 249 249 249 249 255 111 103 101 97 97 96 96 96 64 221 253 253 254 255 255 255 255 255 255 255 255 255 255 255 191 255 255 255 255 255 255 255 255 255 255 255 255 255 239 239 239 237 237 237 237 236 236 204 204 204 204 196 68 0 4 0 4 0 4 172 172 236 236 236 236 236 200 203 203 201 136 168 136 136 136 136 136 136 136 136 136 136 136 136 239 235 238 111 111 111 109 109 109 109 108 108 108 108 108 108 110 108 108 76 76 76 76 76 76 76 204 204 220 220 8 8 8 8 8 41 41 169 253 255 255 255 255 255 255 255 255 255 255 105 201 201 201 217 221 255 255 255 255 254 255 255 255 255 255 255 255 255 255 0 0 0 0 0 0 0 0 0 0 0 136 136 153 255 255 255 255 191 238 198 8 0 0 0 0 0 0 0 0 0 0 0 128 0 0 8 8 8 9 111 111 111 111 107 107 107 105 105 121 121 253 253 255 255 255 255 255 255 255 9 8 8 8 152 136 201 201 201 201 201 201 200 200 192 192 192 192 192 64 64
24 249 249 249 249 255 111 103 101 97 97 96 96 96 64 221 253 253 255 251 255 255 255 255 255 255 255 255 255 255 255 255 255 255 255 255 255 255 255 255 255 255 255 255 239 239 175 237 237 237 237 236 236 204 204 204 204 196 68 4 0 4 0 4 0 172 172 236 236 236 236 236 200 203 203 201 136 136 136 136 136 136 136 136 168 136 136 136 136 136 235 239 239 111 111 111 109 109 109 109 108 108 108 108 108 108 108 108 108 76 76 76 76 76 76 76 204 204 220 156 8 8 8 8 8 41 41 169 253 255 255 255 255 255 255 255 255 255 255 232 201 201 201 217 221 255 255 255 255 255 255 255 255 255 255 255 255 255 223 0 0 0 0 0 0 0 0 0 0 0 136 136 153 255 255 255 255 238 230 206 0 0 0 0 8 0 0 0 0 0 0 0 0 0 0 8 8 8 9 111 111 111 111 107 107 107 105 105 121 120 253 253 255 255 255 255 247 127 255 10 8 8 8 136 136 201 201 201 201 201 201 200 200 192 192 192 192 192 64 64
24 249 249 249 249 255 111 103 101 97 97 96 96 96 64 221 253 253 255 255 255 255 255 255 255 255 255 255 255 255 255 255 255 255 255 255 255 255 253 127 255 191 255 255 239 239 237 237 237 237 237 236 236 204 204 204 204 196 68 0 4 0 4 0 4 172 172 236 172 236 236 236 200 203 203 201 136 136 136 136 136 136 136 136 136 136 136 136 136 136 239 239 239 111 111 111 109 109 109 109 108 108 108 108 108 108 108 108 108 76 76 76 76 76 76 76 204 204 220 72 8 8 8 8 8 41 41 169 253 255 255 255 255 255 255 255 255 255 255 233 201 201 201 217 221 255 255 255 255 255 255 255 255 255 255 255 255 255 127 0 0 0 0 0 0 0 0 0 0 0 136 136 153 255 255 255 255 238 238 198 0 64 16 0 0 0 0 0 0 0 0 0 0 4 0 8 8 8 9 111 111 111 111 107 107 107 105 105 121 121 253 253 255 255 255 255 255 255 127 8 8 8 8 168 136 201 201 201 201 201 201 200 200 192 192 192 192 192 64 64
24 249 249 249 249 255 111 99 101 97 97 96 96 96 64 221 253 253 255 255 255 255 255 255 255 255 255 239 255 255 255 251 255 255 255 255 255 251 255 255 255 255 255 255 239 239 237 237 237 237 237 236 236 204 204 204 204 196 68 4 0 4 0 4 0 172 172 172 236 236 236 236 200 203 203 201 136 136 136 136 136 136 136 136 136 136 136 136 136 136 239 239 239 111 111 111 109 109 109 109 108 108 108 108 108 108 44 108 100 76 76 76 76 76 76 76 204 204 204 72 8 8 12 8 8 41 41 169 253 255 255 255 255 255 255 255 247 255 255 233 201 201 201 217 221 255 255 255 255 255 255 255 255 255 255 127 255 255 254 0 0 0 0 0 0 0 0 0 0 0 136 152 153 255 255 191 255 238 238 198 96 0 64 0 0 0 0 0 0 0 0 0 0 0 0 8 8 8 9 111 111 111 111 107 107 107 105 105 121 121 253 253 255 253 255 255 255 255 255 8 8 8 8 136 136 201 201 201 201 201 201 200 200 192 192 192 192 200 64 64
24 249 249 249 249 255 111 103 97 99 97 96 96 96 64 221 253 253 255 255 255 255 255 255 255 255 255 255 255 255 255 255 255 255 255 255 255 255 255 255 255 255 255 255 239 239 237 237 237 237 237 236 236 204 204 204 204 196 70 0 4 0 4 0 4 172 172 172 236 236 236 236 200 203 203 201 136 136 136 136 136 136 136 136 136 136 136 136 136 136 239 239 239 111 111 111 109 109 109 109 108 108 108 108 108 108 108 108 108 76 76 76 76 12 76 76 204 204 204 72 8 8 8 8 8 41 41 169 221 255 255 255 255 255 255 255 255 255 255 233 201 201 201 217 221 255 255 255 255 255 255 255 255 255 255 255 255 255 255 0 0 0 2 0 0 0 0 0 2 0 136 152 153 255 255 255 255 238 238 230 64 64 0 0 0 0 0 0 0 0 0 0 0 0 0 8 8 8 9 111 111 111 111 107 107 107 105 105 121 121 253 253 253 255 255 255 255 255 255 8 8 8 8 136 136 201 201 201 201 201 201 200 200 192 192 192 192 192 64 64
24 249 249 249 249 255 111 103 99 97 97 96 96 96 64 221 253 253 255 255 255 255 255 255 255 255 255 255 255 255 255 255 255 255 255 255 255 255 255 255 255 255 255 255 239 239 237 237 237 237 237 236 236 204 204 204 204 196 68 4 0 4 0 4 0 172 172 172 236 236 236 236 200 203 203 201 136 136 136 136 136 136 136 136 136 136 136 136 136 136 239 239 239 111 111 111 109 109 109 109 108 108 108 108 108 108 108 108 108 108 76 76 76 76 76 76 204 204 204 72 8 8 8 8 8 41 41 137 253 255 255 255 255 255 255 255 255 255 127 233 201 201 201 217 221 255 255 255 255 255 255 255 255 255 253 255 255 255 255 0 0 0 0 0 0 0 0 0 0 0 136 152 153 255 255 255 255 238 238 230 64 64 0 0 8 0 0 0 128 0 0 0 0 0 16 8 8 8 9 111 111 111 111 107 107 107 105 121 121 121 253 253 253 255 255 255 255 255 255 8 8 8 8 136 136 201 201 201 201 201 201 200 200 192 192 192 192 192 64 64
24 249 249 249 249 255 111 103 99 97 97 98 96 96 64 221 253 253 255 255 255 255 255 255 255 255 255 255 255 255 255 255 255 255 255 191 255 255 255 223 255 255 255 255 239 239 237 237 237 237 237 236 236 204 204 204 204 196 68 0 4 0 36 0 4 172 172 172 236 236 236 236 200 203 203 201 136 136 136 136 136 136 136 136 136 136 136 136 140 136 239 239 239 111 111 111 109 109 109 109 108 108 108 108 108 108 108 108 108 108 76 76 76 76 76 76 204 204 204 72 8 8 8 8 8 41 9 169 253 255 255 255 255 255 255 255 255 255 255 233 201 201 201 217 221 255 255 255 255 255 255 255 255 255 255 255 255 255 255 0 0 0 0 0 0 0 0 0 0 8 136 152 153 255 255 255 255 238 238 230 64 64 0 0 0 0 0 0 0 0 0 0 0 0 0 8 8 8 9 111 111 111 111 107 107 107 105 121 121 121 221 253 253 255 255 255 255 255 255 8 8 8 8 136 136 201 201 201 201 201 201 200 200 192 192 192 192 192 64 64
24 249 249 249 249 255 111 103 99 97 97 96 96 96 64 221 253 253 255 255 255 255 255 255 255 255 255 255 255 255 255 255 255 255 255 255 255 255 255 255 255 255 255 255 239 239 237 237 237 237 237 236 236 204 204 204 204 196 68 4 0 4 0 4 0 172 188 172 236 236 236 236 200 203 203 201 136 136 136 136 136 136 136 136 136 136 136 136 136 140 239 239 239 111 111 111 109 109 109 109 108 108 108 108 108 108 108 108 108 108 76 76 76 76 76 76 204 204 204 72 8 8 8 8 8 9 41 169 253 255 255 255 255 255 255 255 255 255 255 233 201 201 201 217 221 255 255 255 255 255 255 255 255 255 255 255 255 255 255 0 0 0 8 0 0 0 0 0 64 8 136 152 153 253 255 255 255 238 238 230 64 96 0 0 0 0 0 0 0 0 0 0 0 0 0 8 8 12 9 111 111 111 111 107 107 107 105 121 121 121 189 253 253 255 255 255 255 255 255 8 8 8 8 136 136 201 201 201 201 201 201 200 200 192 192 192 192 192 64 64
24 249 249 249 249 255 111 103 99 97 97 96 96 96 64 221 253 253 251 255 255 255 255 255 255 255 255 255 255 255 255 255 255 255 255 255 255 255 255 255 255 255 255 255 239 239 237 237 237 237 237 236 236 204 204 204 204 196 68 0 4 0 4 0 4 172 172 172 236 236 236 236 200 203 203 201 136 136 136 136 136 136 136 136 136 136 136 136 136 140 239 239 239 111 111 111 109 109 109 109 108 108 108 108 108 108 108 108 108 108 76 76 76 76 76 76 204 204 204 72 8 8 8 8 8 9 41 169 253 255 255 255 255 255 255 255 255 255 255 233 201 201 201 217 221 255 255 255 255 255 255 255 255 255 255 255 255 255 255 64 0 0 0 1 0 0 0 0 0 8 136 152 153 253 255 255 255 238 238 230 96 64 0 0 0 0 0 0 0 0 0 0 0 0 0 8 8 8 13 111 111 111 111 107 107 107 105 121 121 121 253 253 253 255 255 255 255 255 255 8 8 8 8 136 136 201 201 201 201 201 201 200 200 192 192 192 192 192 64 64
24 249 249 249 249 255 111 103 99 97 97 96 96 96 64 221 253 253 255 255 255 255 255 255 255 255 255 255 255 255 255 255 255 255 255 255 255 255 255 255 255 255 255 255 239 239 237 237 237 237 237 236 236 204 204 204 204 196 68 4 0 4 0 4 0 172 172 172 236 236 236 236 200 203 203 201 136 136 136 136 136 136 136 136 136 136 136 136 136 140 239 239 239 111 111 103 109 109 109 109 108 108 108 108 108 108 108 100 108 108 76 76 76 76 76 76 204 204 204 72 8 8 8 8 8 9 41 169 253 255 255 255 255 255 255 255 255 255 255 233 201 201 201 217 221 255 255 255 255 255 255 255 255 255 255 255 255 255 255 64 0 0 0 0 0 0 0 0 0 8 136 152 153 253 255 255 255 238 238 230 96 64 0 0 0 0 0 0 0 0 0 0 0 0 0 8 8 8 141 111 111 111 111 107 107 107 104 121 121 121 253 253 253 255 255 191 255 255 255 8 8 8 8 136 136 201 201 201 201 201 201 200 200 192 192 192 192 192 64 64
24 249 217 249 249 255 111 103 99 97 97 96 96 96 64 221 253 189 255 255 255 255 255 255 255 255 255 255 255 255 255 255 255 255 255 255 255 255 255 255 255 255 254 255 239 239 237 237 237 237 237 236 236 204 204 204 204 196 68 0 4 0 4 0 4 172 172 172 236 236 236 236 200 203 203 201 136 136 136 136 136 136 136 136 136 136 136 136 136 140 239 239 239 111 111 111 109 109 109 109 108 108 108 108 108 108 108 108 108 108 76 76 76 76 78 76 204 204 204 72 40 8 8 8 8 9 41 169 253 255 255 255 255 255 255 255 255 255 255 233 201 201 201 217 221 255 255 255 255 255 255 255 255 255 255 255 255 255 255 64 0 0 1 128 0 0 0 0 0 8 136 152 153 253 255 255 255 238 238 230 96 64 0 0 0 0 0 0 0 0 0 0 0 0 0 8 8 8 13 111 111 111 111 107 107 107 105 121 121 121 253 253 253 255 255 255 255 254 255 8 8 8 8 136 136 201 201 201 201 201 201 200 232 192 192 192 192 192 64 64
24 217 249 249 249 247 103 103 99 97 97 96 96 96 64 221 253 253 255 255 255 255 255 239 255 255 255 255 255 255 255 255 255 255 255 255 255 255 255 255 255 255 255 255 239 239 237 237 237 237 237 236 236 204 204 204 204 196 68 4 0 4 0 4 0 172 164 172 236 236 236 236 200 203 203 201 136 136 136 136 136 136 136 136 136 136 136 136 136 140 239 239 239 111 111 111 109 109 109 109 108 108 108 108 108 108 108 108 108 108 76 76 76 76 76 78 204 204 204 72 8 8 8 8 8 9 41 169 253 255 127 255 255 255 255 255 255 255 255 169 201 201 201 217 221 255 255 255 255 255 255 255 255 255 255 255 255 255 255 64 0 0 0 0 0 0 0 0 0 8 136 152 153 253 255 255 255 238 238 230 96 64 0 0 0 0 0 0 0 0 0 0 0 0 0 8 8 8 13 111 111 111 111 107 107 107 107 121 121 121 253 253 253 255 255 255 255 255 254 8 8 8 8 136 136 201 201 201 201 201 201 200 200 192 192 192 192 192 64 64
24 217 249 249 249 249 103 103 99 97 97 96 96 96 64 221 253 253 255 255 255 255 255 255 255 255 255 251 255 255 255 255 255 255 255 255 239 255 255 255 255 255 255 255 239 239 237 237 237 237 237 236 236 204 204 204 204 196 68 0 4 0 6 0 4 164 172 172 236 236 236 236 200 203 203 201 136 136 136 136 136 136 136 136 136 136 136 136 136 140 239 239 239 111 111 111 109 109 109 109 108 108 108 108 108 108 108 108 108 108 76 76 76 76 76 204 204 204 204 72 8 8 8 8 8 9 41 169 253 255 255 255 255 255 223 255 255 255 255 201 201 201 201 217 221 255 255 247 255 255 255 255 255 255 255 255 255 255 254 64 0 0 0 0 0 0 0 0 0 8 136 152 153 253 255 255 255 238 238 230 96 64 0 0 0 0 0 0 0 0 0 0 0 0 0 8 40 8 13 111 111 111 111 107 107 107 123 123 121 121 253 253 253 255 255 255 255 254 255 8 8 8 8 136 136 200 201 201 201 201 201 200 200 192 192 192 192 192 64 64
24 217 249 249 249 249 97 103 99 97 97 96 96 96 64 221 253 253 255 255 255 255 255 247 255 255 255 255 255 255 255 255 255 255 255 255 255 255 255 255 255 255 255 255 239 239 237 109 237 237 237 236 236 204 204 204 204 196 68 4 0 4 0 4 0 4 172 172 236 236 236 236 200 203 203 201 136 136 136 136 136 136 136 136 136 136 136 136 136 140 239 239 239 111 111 111 109 109 109 109 108 108 108 108 108 108 108 108 108 108 76 76 76 76 76 204 204 204 204 72 8 8 8 8 10 9 41 169 253 255 255 255 255 255 255 255 255 255 255 201 201 201 201 217 221 255 255 255 255 255 255 255 255 255 255 255 255 255 255 64 0 0 0 4 0 2 0 0 0 8 136 152 153 253 255 255 255 238 238 230 96 64 0 0 0 0 0 0 0 0 0 0 0 0 0 8 8 8 13 111 111 111 111 107 107 123 123 123 123 121 253 253 253 255 255 255 255 255 254 8 8 8 8 136 136 200 201 201 201 200 201 200 200 192 192 192 192 192 64 64
24 217 249 249 249 249 97 97 99 97 97 96 96 96 64 157 253 253 255 255 255 255 255 254 255 255 255 255 255 255 255 255 255 255 255 255 255 255 255 255 255 255 255 255 237 239 237 237 237 237 237 236 236 204 204 204 204 196 68 0 4 0 4 0 4 0 172 172 236 236 236 236 200 203 203 201 136 136 136 136 136 136 136 136 136 136 136 136 136 140 239 239 239 111 111 111 109 109 109 109 108 108 108 108 108 108 108 108 108 108 76 76 76 76 76 204 204 204 204 72 12 8 8 8 9 9 41 169 253 255 255 255 255 255 255 255 255 255 255 201 201 201 201 217 221 255 255 255 255 255 255 255 255 255 255 255 255 255 255 64 0 0 0 0 0 0 0 0 0 8 136 152 153 253 255 255 255 238 238 230 96 64 0 0 0 0 0 0 0 0 0 0 0 0 0 8 8 8 13 111 111 111 111 107 123 123 123 123 123 123 253 253 253 255 255 255 255 255 255 8 8 8 8 136 136 200 201 201 201 201 200 200 200 192 192 192 192 192 64 64
24 217 249 249 249 249 97 97 97 97 97 96 96 96 64 221 253 253 255 255 255 255 255 255 255 255 255 255 255 255 255 255 255 255 255 255 255 255 255 255 255 255 255 255 239 237 237 237 109 237 237 236 236 204 204 204 204 196 68 4 0 4 0 4 0 4 172 172 236 108 236 236 200 203 203 201 136 136 136 136 136 136 136 136 137 136 136 136 136 140 239 239 239 111 111 111 109 109 109 109 108 108 108 108 108 108 108 108 108 108 76 76 76 76 76 204 204 204 204 76 8 8 8 8 9 9 41 169 253 255 255 255 255 255 255 255 255 255 255 201 201 201 201 217 221 255 255 255 255 255 255 255 255 255 255 255 255 255 255 64 0 0 0 0 0 0 0 0 0 8 136 152 153 253 255 255 255 238 238 230 96 64 0 0 0 0 0 0 0 0 0 0 0 0 0 8 9 8 13 110 111 111 111 123 123 123 123 123 123 255 255 253 253 255 255 255 255 255 255 8 8 8 8 136 136 200 201 201 201 201 200 200 200 192 192 192 192 192 64 64
24 217 249 249 249 249 97 97 97 97 97 96 96 98 64 221 253 253 255 255 255 255 255 255 255 255 255 255 255 255 255 255 255 255 255 255 255 255 255 255 255 255 255 255 239 237 237 237 237 237 237 236 236 236 204 204 204 196 68 0 4 8 4 0 4 0 172 172 236 236 236 236 200 203 203 201 136 136 136 136 136 136 136 136 136 136 136 136 136 140 239 239 239 111 111 111 109 101 109 109 108 108 108 108 108 108 108 108 108 108 76 76 76 76 76 204 204 204 204 76 40 8 8 8 9 9 41 169 253 255 255 255 255 255 255 255 255 255 255 201 201 201 201 217 221 255 255 255 247 255 255 255 255 255 255 255 239 255 255 64 4 0 0 0 0 0 0 0 0 8 136 152 153 253 255 255 255 238 238 230 96 64 0 0 0 0 0 0 0 0 0 0 0 0 0 8 8 9 12 111 111 111 127 127 123 123 123 123 255 255 255 255 253 255 255 255 255 255 255 8 8 8 8 136 136 200 201 201 201 201 200 200 200 192 196 192 192 192 64 64
24 217 249 249 249 249 97 97 97 97 97 96 96 96 64 221 253 253 255 255 255 255 255 255 255 255 255 255 255 255 255 255 255 255 255 255 255 191 255 255 255 255 255 255 239 237 237 237 237 237 237 236 236 236 204 204 204 196 68 4 0 4 0 4 0 4 172 172 236 236 236 236 200 203 203 201 136 136 136 136 136 136 136 136 136 136 136 136 136 140 239 239 239 111 111 111 111 109 109 109 108 108 108 108 44 108 108 108 108 108 76 76 76 76 76 204 204 204 204 76 8 8 8 8 9 9 41 169 253 255 255 255 255 255 255 255 255 255 255 201 201 201 201 217 221 255 255 255 255 255 255 255 255 255 255 255 255 255 255 68 0 0 128 0 0 0 0 0 0 8 136 152 153 253 255 255 255 238 238 230 96 64 0 0 0 0 4 0 2 0 0 0 0 0 0 8 8 8 13 111 111 127 127 127 127 123 123 255 255 255 255 255 255 255 255 223 255 255 255 8 8 8 8 136 136 200 201 201 201 201 200 200 200 192 192 192 192 192 64 64
24 217 248 249 249 249 97 97 97 97 97 96 96 96 64 221 253 253 255 255 255 255 255 255 251 255 255 255 255 255 255 127 255 255 254 255 255 255 255 255 255 255 255 255 239 237 237 237 237 237 237 236 236 236 204 204 204 196 68 0 4 0 4 0 4 0 172 172 236 236 236 236 200 203 203 201 136 136 136 136 136 136 136 136 136 136 136 136 136 140 239 239 239 111 111 103 111 109 109 109 108 108 108 108 108 108 108 108 108 108 76 76 76 76 76 204 204 204 204 76 8 8 8 8 9 9 41 169 253 223 255 255 255 255 255 255 255 255 255 201 217 201 201 217 221 255 255 255 255 255 255 255 255 255 255 255 255 239 255 68 0 0 0 0 0 0 0 0 0 8 136 152 153 253 255 255 255 238 238 230 96 64 0 0 0 0 0 0 0 0 0 16 0 16 0 8 8 8 13 111 127 127 127 127 127 127 127 255 255 255 255 255 255 255 255 255 255 255 255 8 8 8 8 136 136 200 201 201 201 201 200 200 200 192 192 192 192 192 64 64
26 216 249 249 249 249 97 97 97 97 97 96 96 96 64 221 253 253 255 255 255 255 255 255 255 255 255 255 255 255 255 255 255 255 127 255 255 255 255 255 255 255 255 255 239 237 237 237 237 237 237 236 236 236 204 204 204 196 68 4 0 4 0 4 0 4 172 172 236 236 236 236 200 203 203 201 136 136 136 136 136 136 136 136 136 136 136 136 136 140 239 239 239 111 111 111 111 109 109 109 108 108 110 108 108 108 108 108 108 108 76 76 76 76 76 204 204 204 204 76 9 8 8 8 9 9 41 169 253 255 255 255 255 255 255 255 255 255 255 217 201 201 201 217 221 255 255 255 255 255 255 255 255 255 255 255 255 255 239 68 0 0 0 0 0 0 0 0 0 8 136 152 153 253 255 255 255 238 238 230 96 64 0 0 0 0 0 0 0 0 1 0 16 0 0 9 8 8 13 127 127 127 127 127 127 127 255 255 223 255 255 255 255 255 255 255 223 255 239 8 8 8 8 136 136 200 200 201 201 201 200 200 200 192 192 192 192 192 64 64
216 218 249 249 249 249 97 97 97 97 97 96 96 96 64 221 189 253 255 255 255 255 255 255 255 255 255 191 255 255 255 255 255 255 255 255 251 255 255 255 255 255 255 255 239 237 237 253 233 237 237 236 236 236 204 204 204 196 68 8 4 0 4 0 4 0 172 172 236 236 236 236 200 203 203 201 136 136 136 136 136 136 136 136 136 136 136 136 136 140 239 239 231 111 111 111 111 109 109 109 108 108 108 108 108 108 108 108 108 108 76 76 76 76 76 204 204 204 140 76 8 8 8 8 9 9 41 169 253 255 255 255 255 255 254 255 255 255 255 127 137 201 201 217 221 255 255 255 253 255 255 255 255 255 255 255 255 255 239 68 0 0 2 0 0 0 0 0 0 8 136 152 153 253 255 255 255 238 238 230 96 64 0 0 2 0 0 0 0 0 0 0 0 0 0 8 8 8 13 127 127 127 63 127 127 255 255 255 255 255 255 255 255 255 255 255 255 255 239 40 8 8 8 136 136 200 200 201 201 201 200 200 200 192 192 192 192 192 64 64
216 249 251 249 249 249 97 97 97 113 97 96 96 98 64 221 253 253 255 255 251 255 255 255 255 255 255 255 255 255 255 255 255 255 255 255 255 255 255 255 255 255 255 255 239 237 237 237 237 237 237 236 236 236 204 204 204 196 68 4 0 4 0 4 0 4 172 172 236 236 236 236 200 203 203 201 136 136 136 136 136 136 136 136 136 136 136 136 136 140 239 239 111 111 111 111 111 109 109 109 108 108 108 108 108 108 108 108 108 108 76 76 76 76 76 204 204 204 76 12 8 8 8 8 9 9 41 169 253 255 255 255 255 255 255 255 255 255 255 255 201 201 201 217 221 255 255 255 255 255 255 247 255 255 255 255 255 247 239 68 0 0 0 0 0 0 0 0 0 8 136 152 153 253 255 255 255 238 236 230 96 80 0 0 0 0 0 0 0 0 0 0 0 0 0 8 8 8 13 127 127 127 127 127 255 255 255 255 255 255 255 255 255 255 255 255 191 255 239 8 8 8 8 136 136 200 200 201 201 137 200 200 200 192 192 192 192 192 64 68
216 249 249 251 249 249 97 97 97 97 97 96 96 96 64 221 253 253 255 253 255 255 255 255 255 255 255 255 255 255 255 255 254 255 255 255 255 255 255 255 255 255 255 255 239 237 237 237 237 237 237 236 236 236 204 204 204 196 68 0 4 0 20 0 4 0 172 172 236 236 236 236 200 203 203 201 136 136 136 136 136 136 136 136 136 136 136 136 136 140 239 239 111 111 111 111 111 109 109 109 108 108 108 108 108 108 108 108 108 108 76 76 76 76 76 204 204 204 76 8 8 8 8 8 9 9 41 169 253 255 251 255 255 255 255 255 255 255 255 255 201 201 201 217 221 255 255 255 255 255 255 255 255 255 255 255 255 255 231 68 0 0 0 0 0 0 0 0 0 8 136 152 153 253 255 255 255 238 238 228 96 96 0 0 0 0 0 0 0 0 0 0 0 0 0 8 8 8 13 127 127 127 127 255 255 255 255 255 255 255 255 191 255 255 255 255 255 255 239 8 8 8 8 136 136 200 200 201 201 200 200 200 200 192 192 192 192 192 64 64
216 249 249 249 251 249 97 97 97 97 97 96 96 96 64 221 253 253 253 255 255 255 255 255 255 255 255 247 255 255 255 255 255 255 255 255 255 255 253 255 255 247 255 255 239 237 237 237 237 237 236 236 236 236 204 204 204 196 68 4 0 4 0 4 0 4 172 172 236 236 236 236 204 203 203 201 136 136 136 136 136 136 136 136 136 136 136 136 136 140 239 239 111 111 111 111 111 109 109 109 108 108 108 108 108 108 108 108 108 108 76 76 76 76 76 204 204 204 76 8 8 8 8 8 9 9 41 169 253 255 255 253 255 255 255 255 255 255 255 255 201 201 201 217 221 255 255 255 254 255 255 255 255 255 255 255 255 255 231 68 0 0 0 0 0 0 0 0 0 8 136 152 153 253 255 255 255 238 238 228 96 96 0 0 0 0 0 0 1 0 0 0 0 8 0 8 8 8 13 127 127 127 255 255 255 255 255 255 255 255 255 255 255 255 253 255 255 255 239 8 8 8 8 136 136 200 200 201 201 200 200 200 200 192 192 192 192 192 64 64
216 249 249 249 249 251 97 97 105 97 97 96 96 96 64 221 253 253 189 255 255 255 255 255 255 255 255 255 255 255 255 255 255 191 255 255 255 255 255 255 255 255 255 255 231 237 237 237 237 237 236 236 236 236 204 204 204 196 68 0 4 0 4 0 4 0 172 172 236 236 252 236 204 203 203 201 136 136 136 136 136 136 136 136 136 136 136 136 136 140 239 239 111 111 111 111 111 109 109 109 108 108 108 108 108 108 124 108 100 108 76 76 76 76 76 204 204 204 76 8 8 8 8 8 9 9 41 169 253 255 255 255 255 255 255 255 255 253 255 255 201 200 201 217 221 255 255 255 255 255 255 255 255 255 255 255 255 255 231 68 0 0 0 0 0 0 0 0 0 8 136 152 153 125 255 255 255 238 174 228 96 96 0 0 0 0 0 0 0 0 0 0 0 0 8 8 8 8 13 127 127 255 255 255 255 255 255 255 255 255 255 255 255 255 255 255 255 255 239 8 8 8 8 136 136 200 200 201 201 200 200 200 200 192 192 192 192 192 64 64
216 249 249 249 249 249 97 97 97 97 97 96 96 96 64 221 253 253 253 255 255 255 255 255 223 255 255 255 255 255 255 255 255 255 255 255 255 255 255 255 255 255 255 255 239 237 237 237 237 237 108 236 236 236 204 204 204 196 68 4 0 4 0 4 0 4 172 172 236 236 236 236 204 203 203 201 140 136 136 136 136 136 136 136 136 136 136 136 136 140 239 239 111 111 111 111 111 109 109 109 108 108 108 108 108 108 108 108 108 108 76 76 76 76 76 204 204 204 76 40 8 8 8 8 9 9 41 169 253 255 255 255 255 255 255 255 255 255 255 255 201 201 201 217 221 255 255 255 255 255 255 255 255 255 255 255 255 255 231 68 0 0 0 0 0 0 0 0 0 8 136 152 25 253 247 255 255 238 228 164 96 96 0 0 0 0 0 0 2 0 0 0 0 0 8 8 8 8 13 127 255 255 255 255 255 255 255 255 255 255 255 255 255 255 255 255 255 255 239 8 8 8 8 168 136 200 200 201 201 200 200 200 200 192 192 192 192 192 64 64
216 249 249 249 249 249 97 97 97 97 97 96 96 96 64 221 253 253 253 255 254 255 255 255 255 255 255 255 255 255 255 255 255 255 255 255 255 255 255 255 255 255 255 255 239 237 237 237 237 237 236 236 236 236 204 204 204 196 68 0 4 0 4 0 4 0 172 172 236 236 236 236 204 203 203 201 136 136 136 136 136 136 136 136 136 136 136 136 140 140 239 239 111 111 111 111 111 109 109 109 108 108 108 108 108 44 108 108 108 108 76 76 76 76 76 204 204 204 76 8 8 8 8 8 9 9 41 169 253 255 255 255 255 223 255 255 255 255 255 255 201 201 201 217 221 255 255 247 255 255 255 255 255 255 255 255 255 255 231 68 0 0 0 0 0 0 0 0 0 8 136 24 153 253 253 255 255 238 228 96 32 96 0 0 8 32 0 0 0 0 0 16 0 0 8 8 8 24 13 247 255 255 255 255 255 255 255 255 255 255 255 255 255 255 255 255 255 255 239 8 8 8 8 136 136 200 200 201 201 200 200 200 200 192 192 192 192 192 64 64
216 249 249 249 249 249 97 97 97 97 96 96 96 96 64 221 253 253 253 255 255 255 255 255 255 255 255 255 255 255 255 253 255 255 255 255 255 127 255 255 255 255 255 255 239 109 237 237 237 237 236 236 236 236 204 204 204 196 68 4 0 4 0 4 0 4 172 172 236 236 236 236 204 203 203 137 136 136 136 136 136 136 136 136 136 136 136 136 140 140 239 239 111 111 111 111 111 109 109 109 108 108 108 108 108 108 108 108 108 108 76 76 76 76 76 204 204 204 76 8 8 8 8 8 9 9 41 169 253 255 255 255 255 255 255 255 255 255 255 255 201 201 201 217 221 255 255 255 255 255 255 255 255 255 255 255 255 255 231 68 0 0 0 0 0 0 0 0 0 8 8 152 153 253 253 255 255 238 228 96 96 32 0 0 0 0 0 0 0 0 0 0 0 0 8 8 8 8 21 13 255 255 255 255 255 255 255 255 255 255 255 255 255 255 255 255 255 255 239 8 8 8 8 136 136 200 200 201 201 200 200 200 200 192 192 192 192 192 64 64
216 249 249 249 249 249 97 97 97 97 96 96 96 96 64 221 253 253 221 255 255 255 255 255 255 255 255 255 255 255 255 255 255 255 255 255 255 255 255 255 255 255 255 255 239 236 237 237 237 237 236 236 236 236 204 204 204 196 68 0 4 0 4 0 4 0 172 172 236 236 236 236 204 203 203 136 136 136 136 136 136 136 136 136 136 136 136 136 140 140 239 175 111 111 111 111 111 109 109 109 108 108 108 108 108 108 108 108 108 108 76 76 76 76 76 204 204 204 76 8 8 8 8 8 9 9 41 169 253 255 255 255 255 255 255 255 255 255 255 255 201 201 201 217 221 255 255 255 255 255 255 255 255 255 255 255 255 255 231 68 0 0 0 0 0 0 0 0 0 8 8 152 153 253 253 255 255 238 228 96 96 0 0 0 0 0 0 1 0 0 0 0 0 0 8 8 136 0 8 29 255 255 255 255 255 255 255 255 255 255 255 255 255 255 255 255 255 255 239 8 8 8 8 136 136 200 200 201 201 200 200 200 200 192 192 192 192 192 64 64
216 249 249 249 249 249 97 97 97 97 96 96 96 96 64 221 253 253 253 255 255 255 255 255 255 255 255 255 255 255 255 255 255 253 255 255 255 255 255 255 255 255 255 255 239 237 237 237 237 237 236 236 172 236 204 140 204 196 68 4 0 4 0 4 0 4 172 172 236 236 236 236 204 203 203 136 136 136 136 136 136 136 136 136 136 136 136 136 140 140 175 111 111 111 111 111 111 109 109 109 108 108 108 108 108 108 108 108 108 108 76 76 76 76 76 204 204 204 76 8 8 8 8 9 9 9 41 169 252 255 255 239 255 255 255 255 255 255 255 255 201 137 201 217 221 255 239 255 255 255 255 255 255 255 255 255 255 255 231 68 0 0 0 0 0 0 0 0 0 8 8 152 153 253 253 255 255 238 228 96 96 0 0 0 0 0 0 0 0 0 0 0 0 0 8 8 0 8 8 29 255 255 255 255 255 255 255 255 191 255 255 255 255 255 255 255 255 255 239 40 8 8 8 136 136 200 200 201 201 200 200 200 200 192 192 192 192 192 64 64
216 249 249 249 249 249 97 97 105 97 96 96 96 100 64 221 253 253 253 255 255 255 255 255 255 255 255 255 255 255 255 255 255 255 255 255 255 255 255 255 255 255 255 255 239 237 237 237 237 237 236 236 236 236 204 204 204 196 68 0 4 0 4 0 4 0 172 172 236 236 236 236 204 203 203 136 136 136 136 136 136 136 136 136 136 137 136 137 140 140 111 111 111 111 111 111 111 109 109 109 108 108 108 108 108 108 108 108 108 108 76 76 76 76 76 204 204 204 76 8 8 8 8 9 9 9 41 168 253 255 255 255 255 255 255 255 255 255 255 255 201 201 201 217 221 255 255 255 255 255 255 255 255 255 255 255 255 255 231 68 0 0 0 0 0 0 0 0 0 8 8 152 153 253 253 255 255 238 228 96 96 0 0 0 0 0 0 128 0 0 0 0 0 0 8 0 8 8 12 29 255 255 255 255 255 255 255 255 255 255 255 255 255 255 255 255 255 255 239 8 8 9 8 136 136 200 200 201 201 200 200 200 200 192 192 192 192 192 64 64
216 249 249 249 249 249 97 97 97 97 96 96 96 96 68 221 253 253 253 255 255 255 255 255 255 255 255 254 255 255 255 255 255 255 255 255 255 255 255 255 255 255 255 255 239 237 237 237 237 237 228 236 236 236 204 204 204 196 68 4 0 4 0 4 0 4 172 172 236 236 236 236 204 203 203 136 136 136 136 136 136 136 136 136 136 136 137 136 140 12 111 111 111 111 111 111 111 109 109 109 108 108 108 108 108 108 108 108 108 108 76 76 76 76 76 204 204 204 12 8 8 8 8 9 9 9 40 169 253 255 255 255 255 255 255 255 255 255 255 255 201 201 201 217 221 127 191 255 255 255 255 255 255 255 255 255 251 255 231 68 0 0 0 0 0 0 0 0 0 8 8 152 153 253 253 255 255 238 228 96 98 0 0 0 0 0 0 0 0 0 0 0 8 64 0 8 8 8 12 29 255 255 255 255 255 255 255 255 255 255 255 255 255 255 255 255 255 255 239 8 8 8 8 136 136 200 200 201 201 200 200 200 200 192 192 192 192 192 64 64
216 249 249 249 249 249 97 97 97 97 96 96 96 96 64 221 253 125 253 255 255 255 255 255 255 255 255 255 255 255 255 255 255 255 255 255 255 255 255 255 255 255 255 255 239 237 237 237 237 237 236 236 236 236 204 204 204 196 68 0 4 0 4 0 4 0 172 172 236 236 236 236 204 201 203 136 136 136 136 136 136 136 136 136 136 136 136 136 12 12 111 111 111 111 111 111 111 109 109 109 108 108 108 108 108 108 108 108 108 108 76 76 76 76 76 204 204 204 8 8 8 8 8 9 9 8 41 169 253 255 255 239 255 255 255 255 255 255 255 255 201 201 201 217 221 255 255 255 255 255 255 247 255 255 255 255 255 255 231 68 0 0 0 0 0 0 0 0 0 8 8 152 153 253 253 255 255 238 228 96 96 0 0 0 0 0 0 0 0 0 0 0 0 0 0 8 8 8 12 29 255 255 255 255 255 255 255 255 251 255 255 255 255 255 255 255 255 255 239 8 8 8 8 136 136 200 200 201 201 200 200 200 200 192 192 192 192 192 64 64
216 249 249 249 249 249 97 97 97 97 96 96 96 96 64 221 253 253 253 255 255 255 255 255 255 255 255 255 255 251 127 255 255 255 255 255 255 255 255 255 255 255 255 255 239 237 237 237 237 237 236 236 236 236 204 204 204 196 68 4 0 4 0 4 0 4 172 172 236 236 236 236 204 201 201 136 136 136 136 136 136 136 136 136 136 137 136 8 12 12 111 111 111 111 111 111 111 109 109 109 108 108 108 108 108 108 108 108 108 108 76 76 76 76 76 204 204 204 8 8 8 8 8 9 8 9 41 169 253 255 255 255 255 255 255 255 255 255 255 255 201 201 201 217 221 255 255 255 255 255 255 255 255 255 255 255 255 255 231 68 0 0 0 0 0 0 0 0 1 8 8 152 153 253 253 255 255 238 228 96 96 0 0 0 0 0 0 0 0 4 0 0 0 0 0 8 8 8 12 29 255 255 255 255 255 255 255 255 255 255 255 255 255 255 255 255 255 255 239 8 8 8 8 136 136 200 200 201 201 200 200 200 200 192 192 192 192 192 64 64
216 249 249 249 249 249 97 97 97 97 96 96 96 96 64 221 249 253 253 255 255 255 255 255 255 255 255 255 255 255 255 255 255 255 255 255 255 255 255 255 255 255 255 255 239 237 237 237 237 237 236 236 236 236 204 204 204 228 68 0 4 0 4 0 4 0 172 172 236 236 236 236 204 201 201 136 136 136 136 136 136 136 136 136 136 136 8 8 12 12 111 111 111 111 111 103 111 105 109 109 108 108 108 108 108 108 108 108 108 108 76 76 76 76 76 204 204 204 8 8 8 8 8 8 9 9 41 169 253 255 255 255 255 255 255 255 255 255 255 255 201 201 201 217 221 247 255 255 255 255 255 255 255 255 255 255 255 255 231 68 0 0 0 0 0 0 0 0 0 8 8 152 153 253 253 255 255 238 228 96 96 0 0 0 0 0 0 0 0 0 0 0 0 0 0 8 8 8 12 157 255 255 255 255 255 255 255 191 255 255 255 255 255 255 255 255 255 255 239 8 8 8 8 136 136 200 200 201 201 200 200 200 200 192 192 192 192 192 64 64
216 249 249 249 249 249 97 97 97 97 96 96 96 96 64 217 253 253 253 255 255 255 255 255 255 255 255 255 255 255 255 255 255 255 255 255 255 255 255 255 255 239 255 255 237 237 237 237 237 237 236 236 236 236 204 204 204 196 68 4 0 4 0 4 0 68 172 172 236 236 236 236 204 201 217 136 136 136 136 136 136 136 136 136 136 8 8 8 12 12 111 111 111 111 111 111 111 109 109 109 108 108 108 108 108 100 108 108 108 108 76 76 76 76 76 204 204 204 8 8 8 8 8 8 9 9 41 169 253 255 255 255 255 255 255 255 255 255 255 255 201 201 201 217 221 221 255 255 255 255 255 255 255 255 254 255 255 255 231 68 0 0 0 8 0 0 0 0 0 8 8 152 153 253 253 255 255 238 228 96 96 0 0 0 0 0 0 64 0 0 0 0 0 0 0 8 8 8 12 157 255 255 255 255 255 255 255 255 255 255 255 255 255 255 255 255 255 255 239 8 8 8 8 136 136 200 200 201 201 200 200 200 200 192 192 192 192 192 64 64
216 249 249 249 249 249 97 97 97 97 96 96 96 96 64 217 253 253 253 253 255 254 255 255 255 255 255 255 255 255 255 255 255 255 255 251 255 255 255 255 255 255 255 255 237 237 237 237 237 237 236 236 236 236 204 204 204 196 68 0 4 0 4 128 4 0 172 172 172 236 236 236 204 201 201 136 136 136 136 136 136 136 136 136 8 8 8 8 12 12 111 111 111 111 111 111 111 109 109 109 108 108 108 108 108 108 108 108 108 108 76 76 76 76 76 204 204 204 8 8 8 8 8 8 9 9 41 169 253 255 255 255 255 255 255 255 255 255 255 255 201 201 201 217 221 221 255 255 255 255 255 255 223 255 255 255 255 255 231 68 0 0 0 0 0 0 0 0 128 8 8 152 153 253 253 255 255 238 228 96 96 0 0 0 0 4 0 0 0 0 0 0 0 0 0 8 8 8 12 157 191 255 255 255 255 255 255 255 255 255 255 255 255 255 255 255 255 255 239 8 12 8 8 136 136 232 200 201 201 200 204 200 200 196 192 192 192 192 64 64
216 249 249 249 249 249 97 97 97 97 96 96 96 96 64 217 253 253 253 253 255 255 255 127 255 255 255 255 255 255 254 255 255 255 255 255 255 255 255 255 255 255 255 255 237 237 237 173 237 237 236 236 236 236 204 204 204 196 68 4 0 4 0 4 0 4 172 172 172 236 236 236 204 201 201 136 136 136 136 136 136 136 136 8 8 8 8 8 12 12 111 111 111 111 111 111 111 109 109 109 108 108 108 108 108 108 108 108 108 108 76 76 76 76 76 204 204 204 8 8 8 8 8 8 9 9 41 169 125 255 255 255 255 255 255 255 255 255 255 255 201 201 201 217 221 221 255 255 255 255 255 255 255 255 255 255 255 255 231 68 0 0 8 0 0 0 0 0 0 8 8 152 153 253 253 255 255 238 228 96 96 0 0 0 0 0 0 0 0 0 0 0 0 0 0 8 8 8 12 157 255 255 255 255 255 255 255 255 255 255 223 255 255 255 255 255 255 255 239 12 8 8 8 136 136 200 200 201 201 200 200 200 200 192 192 192 192 192 64 64
216 249 249 249 249 249 97 97 97 97 96 96 96 96 64 217 252 253 253 253 255 255 255 255 255 255 255 255 255 255 255 255 255 255 255 255 255 254 255 255 255 255 255 255 237 237 237 237 237 237 236 236 236 236 236 204 204 196 68 0 4 0 4 0 4 0 172 172 172 236 236 236 204 201 201 136 136 136 136 136 136 168 8 8 8 8 8 8 12 12 111 111 111 111 111 111 111 109 109 111 108 108 108 108 108 108 108 108 44 108 76 76 76 76 76 204 204 204 8 8 8 8 8 8 9 9 41 41 253 255 255 255 255 255 255 255 255 255 255 255 201 201 201 217 221 221 255 255 255 255 255 255 255 255 255 255 255 255 231 68 0 0 0 0 0 0 0 0 0 8 8 152 153 253 253 255 255 238 228 96 96 0 0 0 0 0 0 0 0 0 4 0 0 0 0 8 8 8 12 157 255 255 255 255 255 255 255 255 255 255 255 255 255 255 255 255 255 255 239 8 8 8 40 136 136 200 200 201 201 136 200 200 200 192 192 192 192 192 64 64
216 249 249 249 249 249 97 97 97 97 96 96 96 96 64 216 253 253 253 253 255 255 255 255 255 255 255 255 255 255 255 255 255 255 255 255 253 255 255 255 191 255 255 255 237 237 237 237 237 237 236 236 236 236 236 204 204 196 68 4 0 4 0 4 0 4 172 172 172 236 228 236 204 201 201 137 136 136 136 136 136 8 8 8 8 8 8 8 12 12 111 111 111 111 111 111 111 109 109 109 108 108 108 108 108 108 108 108 108 108 76 76 76 76 76 204 204 204 8 8 8 8 8 8 9 9 41 41 253 255 255 255 255 255 255 255 255 255 255 255 201 201 201 217 221 221 255 255 191 255 255 255 255 255 255 255 247 255 231 68 0 0 0 0 0 0 0 0 0 8 8 152 153 253 253 255 255 238 244 96 96 0 0 0 0 4 0 0 0 0 0 0 0 0 0 8 8 8 12 157 255 251 255 255 255 255 255 255 255 255 255 255 255 255 255 255 255 255 239 8 8 8 8 136 136 200 200 201 201 200 200 200 200 192 192 192 192 192 96 64
216 249 249 249 249 249 97 97 96 97 96 96 96 96 64 216 253 253 253 253 223 255 255 255 255 255 255 255 255 255 255 255 255 255 255 255 255 255 255 255 255 255 247 255 237 237 237 237 237 237 236 236 236 236 236 204 204 196 68 0 4 1 4 0 132 0 172 172 172 236 236 236 204 201 201 136 136 136 136 136 8 8 8 8 8 8 8 8 12 12 103 111 111 111 111 111 111 109 109 109 108 108 108 108 108 108 108 108 108 108 76 108 204 76 76 204 204 204 8 8 8 8 8 8 9 9 41 41 253 239 255 255 255 255 255 255 255 255 255 255 201 201 201 217 221 221 255 255 255 255 255 255 255 255 239 255 255 247 231 68 0 0 0 0 16 0 0 0 0 8 8 152 153 253 253 255 255 254 238 96 100 0 0 0 0 0 0 0 0 0 0 0 0 0 0 8 8 8 12 157 255 255 255 255 255 255 255 255 255 255 255 255 255 255 255 255 255 255 239 8 8 8 8 136 136 200 200 201 201 200 200 200 200 192 192 192 192 192 192 64
216 249 249 249 249 249 97 97 97 96 96 96 96 96 64 216 253 253 253 253 255 255 255 255 255 255 255 255 255 255 255 255 255 255 255 255 255 255 255 255 255 255 255 255 237 237 237 237 237 237 236 236 236 236 236 204 204 196 68 4 0 4 64 4 0 132 172 172 172 236 236 236 204 201 201 136 136 136 136 8 8 8 12 8 8 8 12 8 12 4 12 111 111 111 111 111 111 109 109 109 108 108 108 108 108 108 108 108 108 108 108 76 76 76 76 204 204 204 8 8 12 8 8 8 9 137 41 41 237 255 254 255 255 255 255 255 255 255 255 255 201 201 201 217 221 221 255 255 255 255 247 255 255 255 255 255 255 255 231 68 0 0 0 0 0 0 128 0 0 8 8 152 153 253 253 255 255 255 238 100 96 0 0 0 0 0 0 0 0 0 0 0 0 4 0 8 8 8 12 157 255 255 255 255 255 255 251 255 255 255 255 255 255 255 255 255 255 255 239 8 8 8 8 136 136 216 200 201 201 200 200 200 200 192 192 192 192 192 192 64
216 249 249 249 249 249 97 97 97 96 96 96 96 96 64 216 253 253 253 253 255 255 255 255 255 255 255 255 255 255 255 254 255 255 255 255 255 255 255 255 255 127 255 255 237 237 237 237 237 237 236 236 236 236 236 204 204 196 68 0 4 1 4 0 4 0 172 172 172 236 108 236 204 201 201 136 136 136 8 8 8 8 8 8 8 8 8 12 4 4 12 111 111 111 111 111 111 109 109 109 108 108 108 108 108 108 108 108 108 108 108 76 76 76 76 204 204 204 8 8 8 8 8 8 9 9 41 41 237 127 255 255 251 255 255 255 255 255 255 255 201 201 201 217 217 221 255 255 255 255 255 255 255 255 255 251 255 255 231 68 0 0 0 0 0 0 0 0 0 8 8 152 153 253 253 255 255 255 238 100 96 0 0 0 0 0 0 0 0 0 0 0 0 0 0 8 8 8 12 157 255 255 255 255 255 255 255 255 253 255 255 255 255 255 255 255 255 255 239 8 8 8 8 136 136 200 200 201 201 200 200 200 200 192 192 192 192 192 192 64
216 249 249 249 249 249 97 97 97 96 96 96 96 96 64 216 253 253 253 253 255 255 255 255 255 255 255 255 255 255 255 255 255 255 255 255 255 255 255 255 255 255 255 255 237 237 237 237 237 237 236 236 236 236 236 204 204 196 68 4 0 4 0 4 0 4 172 172 172 236 236 236 204 201 201 136 136 8 8 8 8 8 8 8 8 8 8 4 4 4 12 111 111 111 111 111 111 109 109 109 108 108 108 108 108 108 108 108 108 108 108 76 76 76 76 204 204 204 8 8 8 8 8 8 9 9 41 41 109 255 255 255 255 223 255 255 255 255 255 255 201 201 201 217 217 221 255 255 255 255 255 191 255 255 255 255 255 255 231 68 0 0 0 0 0 0 0 0 0 8 8 152 153 253 253 255 255 255 236 100 96 0 0 0 0 0 0 0 0 0 0 0 0 0 0 8 8 8 12 157 255 255 255 255 255 255 255 255 255 255 255 255 255 255 255 255 255 255 239 8 8 8 8 136 136 200 200 201 137 200 200 200 200 192 192 192 192 196 192 64
216 249 249 249 249 249 97 97 113 96 96 96 96 96 64 216 253 253 253 253 255 255 255 255 255 255 255 255 255 255 255 255 255 255 255 255 255 255 255 255 255 255 255 255 237 237 237 237 237 237 236 236 236 236 236 204 204 196 68 0 4 0 4 0 4 0 172 172 172 236 236 236 204 201 201 136 8 8 8 8 8 8 10 8 8 8 0 0 4 4 12 111 111 111 111 111 111 109 109 109 108 108 108 108 108 108 108 108 108 108 108 76 76 68 76 204 204 204 8 8 8 8 8 8 9 9 41 41 109 255 255 255 255 255 255 255 255 255 255 255 201 201 201 217 217 221 255 255 255 255 255 255 255 255 191 255 255 255 231 68 0 0 0 16 0 64 0 0 0 8 8 152 153 253 253 255 255 255 236 100 96 0 0 0 0 0 0 0 0 0 0 0 0 0 0 8 8 8 12 157 255 255 255 255 255 255 255 255 255 255 255 255 255 255 255 255 255 255 239 8 8 8 8 136 136 200 200 201 200 200 200 200 200 192 192 192 192 192 192 64
216 249 249 249 249 249 97 97 97 96 96 96 96 96 64 216 253 253 253 253 255 255 255 255 255 255 255 255 255 255 255 255 255 255 255 255 255 255 255 255 255 255 255 255 237 237 237 237 237 237 236 236 236 236 236 204 204 196 68 4 0 4 0 4 0 4 172 172 172 236 236 236 204 201 201 8 8 8 8 8 8 8 8 136 8 0 0 0 0 4 12 111 111 111 111 111 111 109 109 109 108 108 108 108 108 108 108 108 108 108 108 76 76 76 76 204 204 204 8 8 8 8 8 8 9 9 41 41 109 127 255 255 255 255 255 255 255 255 255 255 201 201 201 217 217 221 255 255 255 255 255 255 255 255 255 255 255 255 231 68 0 0 0 0 0 0 0 0 0 8 8 152 153 253 253 255 255 255 236 100 96 0 0 0 0 0 0 0 0 0 0 0 4 0 0 8 8 8 4 157 255 255 255 255 255 255 255 255 255 255 255 255 255 251 255 255 255 255 239 8 8 8 8 136 136 200 200 200 200 200 200 200 200 192 192 192 192 192 192 64
216 249 249 249 249 249 97 97 97 96 96 96 96 96 64 216 253 253 253 253 239 127 255 255 255 247 255 255 255 255 255 255 255 255 255 255 255 239 255 255 255 255 255 255 237 237 237 237 237 237 236 236 236 236 236 204 204 196 68 0 4 0 4 0 4 0 172 172 172 236 236 236 204 201 201 8 8 8 8 8 8 8 8 8 0 0 0 0 0 0 12 111 111 111 111 111 111 109 109 109 108 108 108 108 108 108 108 108 108 108 108 76 76 76 76 204 204 204 8 8 8 8 8 8 9 9 41 41 109 255 255 255 255 255 255 255 255 255 255 255 201 201 201 217 217 221 255 255 255 255 255 255 255 255 255 255 255 255 231 68 0 0 0 0 0 0 0 0 0 8 8 152 153 253 253 255 255 255 236 100 96 0 0 0 0 0 0 0 0 0 0 0 0 0 0 8 8 0 8 157 255 255 255 255 255 255 255 255 255 255 255 255 255 255 255 255 255 255 239 8 8 8 8 136 136 200 200 200 200 200 200 200 200 192 192 192 192 192 192 64
216 249 249 249 249 249 113 97 97 96 96 96 96 96 64 216 253 253 253 253 255 255 255 255 255 255 255 255 255 255 255 255 255 255 223 255 255 255 255 255 255 255 255 255 237 237 237 237 229 237 236 236 236 236 236 204 204 196 68 4 0 4 0 4 8 4 172 172 172 236 236 236 204 201 201 8 8 8 8 8 8 8 8 0 0 0 0 0 1 0 12 111 111 111 111 111 111 109 109 109 108 108 108 108 108 108 108 108 108 108 108 76 76 76 76 204 204 204 8 8 8 8 8 8 9 9 41 41 109 255 255 255 255 255 255 255 255 255 255 127 201 201 201 217 217 221 255 255 255 255 255 255 255 255 255 255 255 255 231 68 0 0 0 8 0 0 0 0 0 8 8 152 153 253 253 255 255 127 236 100 96 0 0 0 0 0 0 0 0 0 0 0 0 0 0 8 0 8 8 157 255 255 255 255 255 255 255 255 255 255 255 255 255 255 255 255 255 255 239 8 8 8 8 136 136 200 200 200 200 200 200 200 200 192 192 192 192 192 192 64
216 249 249 249 249 249 249 97 97 96 96 96 96 96 64 216 253 253 253 253 255 255 255 255 255 255 255 255 255 255 255 255 255 255 255 255 255 255 255 255 255 247 255 253 237 237 237 237 237 237 236 236 236 236 236 204 204 196 84 0 4 0 4 0 36 8 172 172 172 236 236 236 204 201 201 8 8 8 8 8 8 8 0 0 0 0 0 0 0 0 12 111 111 111 111 111 111 109 109 109 108 108 108 108 108 108 100 108 108 108 108 76 76 76 76 204 204 204 8 8 8 8 8 8 9 9 41 41 109 255 255 255 255 255 255 255 255 255 255 255 201 201 201 217 217 221 255 255 255 255 255 255 255 255 255 255 255 255 231 68 0 0 0 0 0 0 128 0 2 8 8 152 153 253 253 255 255 255 108 100 96 0 0 0 0 0 0 0 0 0 64 0 0 0 0 0 8 8 8 157 255 255 255 255 255 255 255 255 255 255 255 255 255 255 255 255 255 255 239 8 8 8 8 136 136 200 200 200 200 200 200 200 200 192 192 192 192 192 192 64
216 249 249 249 249 249 249 97 97 96 96 96 96 96 64 216 253 253 253 253 255 255 255 255 255 255 255 255 255 255 255 255 254 255 255 255 255 255 255 255 255 255 255 255 237 237 237 237 237 237 236 236 236 236 236 204 204 196 196 4 16 4 0 4 0 44 172 172 172 236 236 236 204 201 201 8 8 8 8 8 8 0 8 0 0 0 0 0 0 0 12 111 111 111 111 111 111 109 109 109 108 108 108 108 108 108 108 108 108 108 108 76 76 76 76 204 204 204 40 8 8 8 8 8 9 9 41 41 109 255 255 255 255 255 255 255 255 255 255 255 201 201 201 217 217 221 255 255 255 255 255 255 255 191 255 255 255 255 231 68 0 0 0 0 0 0 0 0 8 8 8 152 153 189 253 255 255 255 108 100 96 0 0 0 0 0 0 0 0 0 0 0 0 0 0 0 8 8 8 157 255 255 255 255 251 255 255 255 255 255 255 255 255 255 255 255 247 255 231 8 8 8 8 136 136 200 200 200 200 200 200 200 200 192 192 192 192 192 192 64
216 249 249 249 249 249 249 97 99 96 96 96 96 96 64 216 253 253 253 253 255 255 255 255 255 255 255 191 255 255 255 255 255 255 255 255 255 255 255 255 255 255 255 255 237 237 237 236 237 237 236 236 236 236 236 204 204 196 196 0 4 0 4 0 4 44 172 172 172 236 236 236 204 201 201 8 8 8 8 8 0 8 0 0 0 0 0 0 0 0 12 111 111 111 111 111 111 109 109 109 108 108 108 108 108 108 108 108 108 44 108 76 76 76 76 204 204 204 8 8 8 8 8 8 9 9 41 41 109 255 255 255 255 255 255 255 255 255 255 255 201 201 201 217 217 221 255 255 255 255 255 255 255 255 255 255 255 255 231 68 0 0 0 0 0 0 0 0 8 8 8 152 153 189 253 255 255 255 108 100 96 0 0 0 4 0 0 0 0 0 0 0 0 0 0 0 8 8 12 157 255 255 255 255 255 255 255 255 255 255 255 255 255 255 255 255 255 247 239 8 24 8 8 136 136 200 200 200 200 200 200 200 200 192 192 192 192 192 192 64
216 249 249 249 249 249 249 97 97 96 96 96 96 96 64 216 253 253 253 253 255 255 255 255 255 255 254 255 255 255 255 255 255 255 255 255 255 223 255 191 255 255 255 255 237 237 237 237 237 237 236 236 236 236 236 204 204 196 196 4 0 4 0 4 0 44 172 172 172 236 236 236 204 201 201 8 8 8 8 0 8 0 0 0 8 0 0 0 0 0 12 111 111 111 111 111 111 109 109 109 108 108 108 108 108 110 108 108 108 108 108 76 76 76 76 204 140 204 8 8 8 8 8 8 137 9 41 57 109 247 255 255 255 255 255 255 255 255 255 255 201 201 201 217 217 221 255 255 255 127 255 255 255 255 255 255 255 255 231 68 0 0 0 8 0 0 0 0 8 8 8 152 153 189 253 255 255 255 108 100 96 0 0 0 0 0 0 0 0 0 0 0 0 0 0 0 8 8 12 157 255 255 255 255 255 255 255 255 255 255 251 255 255 255 255 255 255 255 239 8 8 8 8 136 136 200 200 200 200 200 200 200 136 192 192 192 192 192 192 64
216 249 249 249 249 249 249 97 97 96 96 96 96 96 64 216 253 253 253 253 255 255 255 255 255 255 255 255 255 255 255 255 255 255 255 239 255 255 127 255 223 255 255 255 237 237 237 237 237 237 236 236 236 108 236 204 204 196 196 0 4 0 4 0 4 44 172 172 172 236 236 236 204 137 201 8 8 8 0 8 0 0 0 0 0 0 0 0 0 0 12 111 111 111 111 111 111 109 109 109 100 108 108 108 108 108 108 108 108 108 108 76 76 76 76 204 204 140 8 8 8 8 8 8 9 9 41 41 125 109 255 255 255 255 255 255 255 255 255 255 201 201 201 217 217 221 255 255 255 255 255 255 255 255 255 255 255 255 231 68 0 0 0 0 0 0 0 0 8 8 8 152 153 189 253 255 255 255 108 100 96 0 32 0 0 0 0 0 0 0 0 0 0 0 0 0 8 8 12 157 255 255 255 255 247 255 255 255 255 255 255 255 255 255 255 255 255 255 239 8 8 8 8 136 136 200 200 200 200 200 200 200 192 129 192 200 208 192 192 64
216 185 249 249 249 249 249 99 97 96 96 96 96 96 64 216 253 253 253 253 255 255 255 247 255 255 255 255 255 255 255 255 255 255 255 255 255 255 255 255 255 255 255 255 237 237 237 237 237 237 236 236 236 236 236 204 204 196 196 4 0 4 0 4 0 44 172 172 172 228 236 236 204 201 137 8 8 0 8 0 4 0 0 0 0 0 0 0 0 0 12 111 111 111 111 111 111 109 109 109 108 108 108 108 124 108 108 108 108 108 108 76 76 76 76 204 204 8 8 8 8 8 8 8 9 9 41 41 109 125 255 255 253 255 255 255 239 255 255 223 201 201 201 217 217 221 255 255 255 255 255 255 255 255 255 255 255 255 231 68 0 0 0 0 0 0 0 0 8 8 8 152 153 189 253 255 255 255 44 100 96 32 0 0 0 0 0 0 0 0 0 0 0 0 0 0 8 8 13 157 223 255 255 255 255 255 255 255 255 255 255 255 255 255 251 255 255 255 239 8 8 8 8 136 136 200 200 200 200 200 200 200 192 192 128 192 200 192 192 64
152 249 121 249 249 249 249 97 97 96 96 96 96 96 64 216 253 253 253 253 191 255 255 255 255 255 255 255 255 255 255 255 255 255 255 255 255 255 255 255 255 255 255 255 237 237 237 237 237 253 236 236 236 236 236 204 204 196 196 0 4 0 4 64 4 44 172 172 164 172 236 236 204 201 8 8 0 8 0 0 0 0 0 0 0 0 0 0 0 0 12 111 111 111 111 111 111 109 109 109 108 108 108 108 108 108 108 108 108 108 108 92 76 76 76 204 204 8 8 8 8 8 8 8 9 9 41 41 109 125 255 255 223 255 255 191 255 255 255 255 201 201 201 217 217 221 255 255 255 255 255 255 255 254 255 255 255 255 231 68 0 0 0 0 0 0 4 0 8 8 8 152 153 189 253 254 255 255 100 36 96 0 0 16 0 0 0 0 128 0 0 0 0 0 0 0 8 8 13 157 255 255 255 255 255 255 255 255 255 255 255 255 255 255 255 255 255 255 239 8 8 8 8 136 136 200 200 200 200 200 200 200 192 192 192 128 192 192 192 64
152 249 249 249 249 249 249 97 97 96 96 96 96 96 80 216 253 221 253 253 255 255 255 255 255 255 255 255 255 255 255 255 255 255 255 255 255 255 255 255 255 255 255 255 237 253 237 237 237 237 236 236 236 236 236 220 204 196 196 4 0 4 16 4 0 44 172 164 173 172 236 236 204 200 8 0 8 0 0 0 0 0 0 0 0 0 0 0 0 0 12 111 111 111 111 111 111 109 109 109 108 108 108 108 108 108 108 108 108 108 108 108 76 76 76 204 204 8 8 8 8 8 8 8 137 9 41 41 125 125 255 255 255 255 255 255 255 255 255 251 201 201 217 217 217 221 255 255 255 127 255 255 255 255 255 255 255 255 231 68 0 0 0 0 0 0 0 0 8 8 8 152 153 189 253 255 255 255 100 96 32 0 0 0 0 0 0 0 0 0 0 0 0 0 0 0 8 8 13 157 255 255 255 255 255 255 255 255 255 255 255 255 255 255 255 255 255 255 239 8 8 8 8 136 136 200 200 200 200 200 200 200 192 192 192 192 128 192 192 64
152 249 249 249 249 249 249 97 97 96 96 96 96 96 96 220 221 253 253 253 255 255 255 255 255 255 255 255 255 255 255 255 255 255 255 255 255 255 255 255 255 251 255 255 253 237 237 237 237 237 236 236 228 108 236 236 204 196 196 0 4 0 4 0 4 44 164 172 172 172 236 236 204 200 0 8 0 0 0 0 0 0 0 0 0 0 0 0 0 0 12 111 111 111 111 111 111 109 109 109 108 108 108 108 108 108 108 110 108 108 108 108 76 76 76 204 204 8 8 8 8 8 8 8 9 9 41 41 125 125 255 255 255 255 255 255 255 255 255 255 201 201 217 217 217 221 255 255 255 255 255 255 255 255 255 255 255 255 231 68 0 0 0 0 0 0 0 0 8 8 8 152 153 189 253 255 255 255 100 96 0 0 0 0 0 0 0 0 0 0 0 0 8 0 0 0 8 8 13 157 255 255 255 255 255 255 255 255 255 255 255 255 255 255 255 255 255 255 239 8 8 8 8 136 136 200 200 200 200 200 200 200 192 192 192 192 192 128 192 64
152 249 249 249 249 249 249 97 97 96 96 96 96 96 96 252 221 253 253 253 255 255 255 255 255 255 255 255 255 255 255 255 255 255 255 255 255 255 255 255 255 255 255 255 255 237 237 237 237 237 236 236 236 236 236 236 204 196 196 4 2 4 0 4 0 36 44 172 172 172 236 236 204 200 8 0 0 0 0 0 0 0 0 0 0 0 0 0 0 0 12 111 111 111 111 111 111 109 109 109 108 108 108 108 108 108 108 108 108 108 44 108 76 76 76 204 204 9 8 8 8 8 8 8 9 9 41 41 125 125 247 255 255 255 255 255 255 255 255 255 201 201 217 217 217 221 255 255 255 255 255 223 255 255 251 255 255 255 231 68 0 32 0 0 0 0 0 0 8 8 8 152 153 189 253 255 255 255 100 96 0 16 1 0 0 0 0 0 0 0 0 0 0 0 0 0 8 8 13 157 255 255 255 255 251 255 255 255 255 255 255 255 255 255 255 255 255 255 239 8 8 8 8 136 136 200 200 200 200 200 200 200 192 192 192 192 192 192 128 64
152 249 249 249 249 249 249 97 97 96 96 96 96 96 96 252 249 253 253 253 255 255 255 255 255 255 255 255 255 255 255 255 255 255 255 255 255 255 255 255 223 255 255 255 255 237 237 237 237 237 236 236 236 236 236 236 204 196 196 0 4 0 4 0 4 0 44 172 172 172 236 236 204 200 0 0 0 0 0 0 1 0 0 0 0 0 0 0 0 0 12 111 111 111 111 111 47 109 109 109 108 108 108 108 108 108 108 108 108 108 108 108 76 76 76 204 204 8 8 8 8 8 8 8 9 9 41 41 125 125 125 255 255 255 255 255 255 255 255 255 201 201 217 217 217 221 255 255 255 255 255 255 255 255 255 255 255 255 231 68 0 0 0 0 0 0 0 0 8 8 8 152 153 189 253 255 255 255 100 96 0 0 0 0 0 0 0 0 1 0 0 0 0 0 0 0 8 8 13 157 255 255 255 255 255 255 255 255 255 255 255 255 255 251 255 255 255 255 239 8 8 8 8 136 136 200 200 200 200 200 200 200 192 192 192 192 192 192 64 0
152 249 249 249 249 249 249 97 97 96 96 96 96 96 96 248 253 253 253 253 255 255 255 255 255 255 127 255 255 255 255 255 255 255 255 255 255 255 255 255 255 255 255 255 255 237 237 237 229 237 236 236 236 236 236 236 204 196 196 4 0 4 0 4 0 4 44 172 172 172 236 236 204 200 0 0 0 0 0 0 0 0 0 16 0 0 0 0 0 0 12 111 111 111 111 111 109 109 109 109 108 108 108 108 108 108 108 110 108 108 108 108 76 76 76 204 204 8 8 8 8 8 8 8 9 9 41 41 125 125 125 255 255 255 255 255 255 191 254 255 201 201 217 217 217 221 255 191 255 255 255 255 255 247 255 255 255 255 231 68 0 0 0 0 0 0 0 0 8 10 8 152 153 189 253 255 255 255 100 96 0 0 0 0 0 0 0 0 0 0 0 0 0 0 0 0 8 8 13 157 255 255 255 255 255 255 255 255 255 255 255 255 255 255 255 255 255 255 239 8 8 8 8 136 136 200 200 200 200 200 200 200 192 192 192 192 196 192 64 8
152 249 249 249 249 249 249 97 97 96 96 96 96 96 96 248 253 253 253 253 255 255 255 255 255 255 255 255 255 255 255 255 255 255 255 255 255 255 255 255 255 255 255 255 255 237 237 237 237 233 236 108 236 236 236 236 204 196 196 0 4 0 4 0 4 0 44 172 172 172 236 236 204 200 0 0 0 0 0 0 0 0 0 0 0 8 0 0 0 0 12 111 111 111 111 111 109 109 109 109 108 108 108 108 108 108 110 108 108 108 108 108 76 76 76 204 204 8 8 8 8 8 8 8 9 9 41 41 125 125 125 255 255 255 255 255 255 254 255 255 201 201 217 217 217 221 255 255 255 255 255 255 255 255 255 255 255 255 231 68 0 0 0 0 16 0 0 0 8 8 8 152 153 189 253 255 255 255 100 96 0 0 0 0 0 0 0 0 0 0 0 0 0 0 0 0 8 8 13 157 254 255 255 255 255 255 255 255 255 255 255 255 255 255 255 255 255 255 239 8 8 8 8 136 136 200 200 200 200 200 200 200 192 192 192 192 192 192 64 0
152 249 249 249 249 249 249 97 97 96 96 96 96 96 98 248 253 253 253 253 255 255 255 255 255 255 255 247 255 255 255 255 255 255 255 255 255 255 255 255 255 255 255 255 255 237 237 237 237 237 236 236 236 236 236 236 204 196 196 4 0 4 0 4 0 4 44 172 172 172 236 236 204 200 0 0 0 0 0 0 0 0 0 0 0 0 0 0 0 0 12 111 111 111 111 111 125 109 109 109 108 108 108 108 108 108 108 108 110 108 108 108 76 76 76 204 204 8 8 8 8 8 8 8 9 9 41 41 125 125 125 255 255 247 255 255 255 255 255 255 201 201 217 217 217 221 254 255 239 255 255 255 255 255 255 255 253 255 231 68 0 0 0 0 0 0 0 0 8 8 40 152 153 189 253 255 255 255 100 96 64 2 0 0 0 0 1 0 0 0 0 0 0 0 0 0 8 8 13 156 255 255 255 255 255 255 255 255 255 255 255 255 255 255 255 255 223 255 239 8 8 8 8 136 136 200 200 200 200 200 200 200 192 192 192 192 192 192 64 0
152 249 249 249 249 249 249 97 97 96 96 96 96 96 248 250 253 253 253 253 255 255 255 255 255 255 255 255 255 255 191 255 255 255 255 255 255 255 255 255 255 255 255 255 255 237 237 237 237 237 108 236 236 236 236 236 204 196 196 1 4 0 4 0 4 0 44 172 172 172 236 236 204 200 0 0 0 0 0 0 0 0 0 0 0 0 0 0 0 0 12 111 111 111 111 127 111 109 45 105 108 108 108 108 108 108 108 108 108 108 108 108 76 76 76 204 204 8 8 8 8 8 8 8 9 9 41 41 125 125 125 255 255 255 255 255 255 255 255 255 201 201 217 217 217 221 255 255 255 239 255 255 255 255 255 255 254 255 229 68 0 0 0 0 0 0 0 0 8 8 8 184 153 189 253 255 255 255 100 96 64 0 0 0 0 0 0 0 0 0 0 0 0 16 0 0 10 8 12 157 255 255 255 255 255 247 255 255 255 255 255 255 255 255 255 255 255 255 239 8 8 8 8 136 136 200 200 200 200 200 200 200 192 192 192 192 192 192 64 0
152 249 249 249 249 249 249 97 97 112 96 96 96 96 248 253 255 253 253 253 255 255 255 255 255 255 255 255 255 255 255 255 255 255 255 255 255 255 255 255 255 255 255 255 255 237 237 237 237 237 236 236 236 236 236 236 204 196 196 4 0 4 0 4 0 4 44 172 172 172 236 236 204 200 0 0 0 0 0 0 0 0 0 0 0 0 0 0 0 0 12 111 111 111 127 111 111 109 105 109 108 108 108 108 108 108 108 108 108 108 108 108 76 76 76 204 204 8 8 8 8 8 8 8 9 9 41 41 125 125 125 255 255 255 255 239 255 255 255 255 201 201 217 217 217 221 255 255 255 255 255 255 255 255 255 255 255 255 229 68 0 2 0 0 0 0 0 0 8 8 8 152 185 189 253 255 255 255 100 96 64 8 0 0 0 0 0 0 0 0 0 0 0 0 0 0 8 8 12 157 255 255 223 255 255 255 255 255 255 255 255 255 255 255 255 255 255 255 239 8 8 8 40 136 136 200 200 200 200 200 200 200 192 192 192 192 192 192 64 0
152 249 249 249 249 249 249 97 97 97 96 96 104 96 248 252 253 191 253 253 255 255 255 255 255 255 255 255 255 255 255 254 255 255 255 255 255 255 255 255 255 255 255 191 255 237 237 237 237 237 236 172 236 236 236 236 204 196 212 16 4 0 4 0 4 0 44 172 172 172 236 236 204 200 0 0 0 0 0 0 0 0 0 0 0 0 0 0 0 0 12 111 111 127 111 111 111 109 109 109 108 108 108 108 108 108 108 108 108 108 108 108 76 204 76 204 204 8 8 8 8 10 8 8 9 9 41 41 125 125 125 255 127 255 255 255 255 255 255 255 201 201 217 217 217 221 255 255 255 255 255 255 255 255 255 255 255 255 229 68 0 0 0 0 0 0 0 0 8 8 8 152 185 189 253 255 255 247 100 96 64 0 2 0 0 0 0 0 0 0 0 0 0 0 0 0 8 8 12 157 255 255 255 255 255 255 255 255 255 255 255 255 255 255 255 255 255 255 239 8 8 8 8 136 136 200 200 200 200 200 200 200 192 192 192 192 192 192 64 0
156 249 249 249 249 249 249 97 97 97 96 96 96 104 248 252 253 253 255 253 255 255 255 255 255 255 255 255 255 255 255 255 255 255 255 255 255 255 255 255 255 255 255 255 255 237 237 237 237 237 236 236 236 236 236 236 204 228 196 196 0 4 0 4 0 4 44 172 172 172 236 236 236 200 0 0 0 0 0 0 0 0 0 0 0 0 0 0 0 0 12 111 127 111 111 111 111 109 109 109 108 108 108 108 108 108 108 108 124 108 108 108 76 76 204 204 204 8 8 8 8 8 8 8 9 9 41 41 125 125 125 127 255 255 255 255 255 255 255 255 201 201 217 217 217 221 255 255 255 255 255 255 255 255 255 255 255 255 229 68 0 0 0 0 0 0 0 0 8 8 8 152 185 189 253 255 255 255 100 96 64 0 0 0 0 2 0 0 0 0 0 0 0 0 0 0 8 8 12 157 255 255 255 255 255 255 255 255 191 255 255 255 255 255 255 255 255 255 239 8 8 8 8 136 136 200 200 200 200 136 200 200 192 192 192 192 192 192 64 0
152 253 249 249 249 249 249 97 97 97 96 96 96 104 248 252 253 253 253 255 255 255 239 255 255 255 255 255 255 255 255 255 255 255 255 255 255 255 255 255 255 191 255 255 255 237 237 237 237 237 236 236 236 236 236 236 236 196 196 196 4 0 4 0 4 0 44 172 172 172 236 236 236 200 0 0 0 0 0 0 0 2 0 0 0 0 0 0 0 0 12 127 111 111 111 111 111 111 109 109 108 108 108 108 108 108 108 108 108 108 108 108 76 76 204 204 204 8 8 8 8 8 8 8 25 9 41 41 125 125 125 255 255 255 255 255 255 255 255 255 201 201 217 217 217 221 255 255 255 255 127 255 255 255 255 255 255 255 229 68 0 0 0 0 0 0 0 0 8 8 8 152 185 189 253 255 255 255 100 96 64 0 0 0 32 0 0 0 0 0 0 0 0 0 0 0 8 8 12 157 255 255 255 255 255 255 255 255 255 251 255 255 255 255 255 255 255 255 239 8 8 8 8 136 136 200 200 200 200 200 200 200 192 192 192 192 192 192 64 0
152 249 253 249 249 249 249 97 97 97 96 96 96 104 248 252 253 253 249 255 255 255 255 255 255 255 255 255 255 247 255 255 239 255 255 255 255 255 255 255 255 255 255 255 255 237 237 237 237 229 236 236 236 236 236 236 236 196 196 196 0 4 0 4 0 4 44 172 172 172 236 236 236 200 0 0 0 0 0 0 0 0 0 0 0 0 0 0 0 0 12 111 111 111 111 111 111 111 109 109 108 108 108 108 108 108 108 108 108 108 108 108 78 76 204 204 204 8 8 8 8 8 8 8 9 9 41 41 125 125 125 255 255 255 255 239 255 255 255 255 201 201 217 217 217 221 255 255 255 253 255 255 255 255 255 255 255 255 229 68 0 0 0 0 0 0 0 128 8 8 8 152 185 189 253 255 255 239 100 96 64 0 8 0 0 0 0 0 0 0 0 0 0 0 0 0 8 8 12 157 255 255 255 255 255 255 255 255 255 255 255 255 255 255 255 255 255 255 239 8 9 8 8 136 136 200 200 200 200 200 200 200 192 192 192 192 192 192 64 0
152 121 249 253 249 249 249 97 97 97 96 96 96 104 248 252 253 253 253 255 223 255 255 255 255 251 253 255 255 255 255 255 255 255 255 255 255 255 255 255 255 255 255 255 255 237 237 237 237 237 236 236 236 236 236 236 236 196 196 196 4 0 4 0 4 0 44 172 172 172 236 236 236 204 0 0 0 0 0 0 1 16 0 0 0 0 0 0 32 0 12 111 111 111 111 111 111 111 109 109 108 108 108 108 108 108 108 108 108 108 108 108 76 76 204 204 204 8 9 8 8 8 8 8 9 9 41 41 125 125 125 255 255 255 255 255 255 255 255 255 201 201 217 217 217 221 255 255 255 255 255 255 255 253 253 255 255 255 229 68 0 0 4 0 0 0 0 0 8 8 136 152 185 189 253 255 255 239 100 96 64 0 0 0 0 0 8 0 0 0 0 0 8 0 0 0 8 8 12 157 255 255 255 255 255 255 255 255 255 255 255 255 247 255 255 255 255 255 239 9 8 8 8 136 136 200 200 200 200 200 200 200 192 192 192 192 192 192 64 0
24 249 249 249 253 249 249 97 97 97 96 96 96 104 248 252 253 253 253 254 255 255 255 255 255 255 255 255 255 255 255 255 255 255 253 255 255 255 255 255 255 255 255 255 255 237 237 237 237 237 236 236 236 236 236 236 236 196 196 196 0 4 0 4 0 4 44 172 172 172 236 236 236 204 0 0 0 0 0 0 0 1 0 0 0 0 0 0 0 0 12 111 111 111 111 111 111 111 109 109 108 108 108 108 108 108 108 108 108 108 108 108 76 76 204 204 204 8 8 8 8 8 8 8 9 9 41 41 125 125 125 255 255 255 255 255 255 255 255 255 201 201 217 217 217 221 255 255 255 255 255 255 255 255 245 255 255 255 229 68 0 0 0 0 0 0 0 0 8 8 136 152 185 189 253 255 255 239 100 96 80 0 0 0 0 128 0 0 0 0 0 0 0 0 0 0 8 8 12 157 255 255 255 255 255 255 255 255 255 255 255 255 255 255 255 255 255 255 239 8 8 8 8 136 136 200 200 200 200 200 200 200 192 192 224 192 192 192 64 0
24 249 249 249 249 253 249 97 97 97 96 96 96 104 248 252 253 253 253 255 255 255 255 255 255 255 255 255 255 255 255 255 255 255 255 255 191 255 255 255 255 255 255 255 255 237 237 237 237 237 236 236 236 236 236 236 236 196 196 196 4 0 4 0 4 0 44 172 172 172 236 236 236 204 0 0 0 0 0 0 0 0 0 0 0 0 0 0 0 0 12 111 111 111 111 111 111 111 109 109 108 108 108 108 108 108 108 108 108 108 108 108 76 76 204 204 204 8 8 8 8 8 8 8 9 9 41 41 125 125 125 255 247 255 255 255 253 255 255 255 201 201 217 217 217 221 255 255 255 255 255 255 255 255 255 255 255 255 229 68 0 0 0 0 0 0 0 0 8 8 136 152 185 189 253 255 255 239 100 96 96 0 0 0 0 0 0 0 0 0 0 0 0 0 0 0 136 8 13 157 255 255 255 255 191 255 255 255 255 255 255 255 255 255 255 255 255 255 239 12 8 8 8 136 136 200 200 200 200 200 200 200 192 192 192 192 192 192 64 0
24 249 249 249 249 249 253 97 97 97 96 96 96 104 248 252 253 253 253 255 255 255 255 255 247 255 255 255 127 255 255 255 255 255 255 255 255 255 255 255 255 255 255 255 255 237 237 237 237 237 236 172 236 236 236 236 236 196 196 196 0 4 0 4 0 4 44 172 172 172 236 236 236 204 0 16 0 0 0 0 0 0 0 0 0 0 0 0 0 0 12 111 111 111 111 111 111 111 109 109 108 108 108 108 108 108 108 108 108 108 108 108 76 76 204 204 204 8 8 8 8 8 8 8 9 9 57 41 125 125 125 247 127 255 255 255 255 255 255 255 201 201 217 217 217 221 255 255 255 255 255 255 255 255 255 255 255 255 229 68 0 0 0 0 0 0 0 0 8 8 136 152 185 189 253 251 255 239 100 96 96 0 8 0 0 0 0 0 0 0 0 0 0 0 0 0 8 8 13 157 255 255 255 255 255 255 255 255 255 255 255 255 255 255 255 255 255 255 239 8 8 8 8 136 136 200 200 200 200 200 200 200 192 192 192 192 192 192 64 0
24 249 249 249 249 249 249 97 97 97 96 96 96 104 248 252 253 253 253 255 255 255 255 255 255 253 255 239 255 255 255 255 255 254 255 255 255 255 255 255 255 255 255 255 255 237 237 237 237 237 236 236 236 236 236 236 236 196 196 196 4 0 4 0 4 0 44 172 172 172 236 236 236 204 0 0 0 0 0 0 8 0 0 0 0 0 0 0 0 0 12 111 111 111 111 111 111 111 108 109 108 108 108 108 108 108 108 108 108 108 108 108 76 76 204 204 204 8 8 8 136 8 8 8 9 9 41 57 125 125 125 127 255 255 255 255 255 255 255 255 201 201 217 217 217 221 255 255 255 191 255 255 255 255 255 255 255 255 229 68 0 0 0 0 0 0 0 0 8 8 136 152 185 189 253 255 255 239 100 96 96 0 0 0 0 0 64 0 0 0 0 0 0 0 0 0 8 8 13 157 255 255 255 255 255 255 255 255 255 255 255 255 255 255 255 255 255 255 239 8 8 8 8 136 136 200 200 200 200 200 200 200 192 192 192 192 192 192 64 0
24 249 249 249 249 249 249 97 97 97 96 96 96 104 248 252 253 253 253 255 255 255 251 255 255 255 255 255 255 255 255 255 255 255 255 255 255 255 255 255 255 255 255 255 255 237 237 237 237 237 236 236 236 236 236 236 236 196 196 196 0 4 0 4 0 4 44 172 172 172 236 236 236 204 0 0 0 0 0 0 0 0 0 0 0 0 0 0 0 0 12 111 111 111 111 111 111 111 109 108 108 108 108 108 108 44 108 108 108 108 108 108 76 76 204 204 204 8 8 8 8 8 8 8 9 9 41 57 125 125 125 255 255 255 255 255 255 255 255 255 201 201 217 217 217 221 255 255 255 255 255 255 255 255 127 255 255 255 229 68 2 0 0 0 0 0 0 0 8 8 136 152 185 189 253 255 255 239 100 96 96 0 0 0 0 0 0 0 0 0 0 0 0 0 0 0 8 8 13 157 255 255 255 255 255 255 255 255 255 255 255 255 255 255 255 255 255 255 239 8 8 8 8 136 136 200 200 200 200 200 200 200 192 192 192 192 192 192 64 0
24 249 249 249 249 249 249 97 97 97 96 96 96 104 248 252 253 253 253 255 255 255 255 255 255 255 255 255 255 255 255 255 255 255 255 255 255 255 255 255 255 255 255 255 255 237 237 237 237 237 236 236 236 236 236 236 236 196 196 196 4 0 4 0 4 128 44 172 172 172 236 236 236 204 0 0 0 8 0 1 0 0 0 0 0 0 0 0 0 0 13 111 111 111 111 111 111 110 101 108 108 108 108 108 108 108 108 108 108 108 108 108 76 76 204 204 204 8 8 8 8 8 8 8 9 9 41 57 93 125 117 255 255 255 255 255 255 255 255 255 201 201 217 217 217 221 255 255 255 255 255 255 255 255 255 255 255 255 229 68 0 0 0 0 0 0 0 0 8 8 136 152 185 189 253 255 255 239 100 96 96 128 64 0 0 0 0 0 0 0 0 0 0 0 128 0 8 8 13 157 255 255 255 255 255 255 255 255 255 255 255 255 255 255 255 255 255 255 239 8 8 8 8 136 136 200 200 200 200 200 200 200 192 192 192 192 192 192 64 0
24 249 249 249 249 249 249 97 97 97 96 96 96 104 248 252 253 253 253 255 247 255 255 255 255 255 255 255 255 255 255 255 255 255 255 255 255 255 254 255 255 255 255 255 255 237 237 237 237 237 236 236 236 236 236 236 236 196 196 196 0 4 0 4 0 4 172 172 172 172 236 236 236 204 0 0 0 0 0 0 0 0 0 0 0 0 0 8 0 0 13 111 111 111 111 111 111 111 108 108 108 108 108 108 108 108 108 108 108 108 108 108 76 76 204 204 204 8 8 10 8 8 8 8 9 9 41 25 125 125 125 255 255 255 255 255 247 255 255 255 201 201 217 217 217 221 255 255 255 255 253 255 255 255 255 255 255 255 229 68 0 0 0 0 0 0 0 0 8 8 136 152 57 189 253 255 255 239 100 96 96 64 0 0 0 0 0 2 0 0 0 0 0 0 0 64 8 8 13 157 255 255 255 255 255 255 255 255 255 255 255 255 255 255 255 255 255 255 239 8 8 8 8 136 136 200 200 200 200 200 200 200 192 200 192 192 192 192 64 0
24 249 249 249 249 249 249 97 97 97 96 96 96 104 248 252 253 253 253 251 255 255 255 255 255 255 255 255 255 255 255 255 255 255 255 255 255 255 255 255 127 255 255 255 254 237 237 237 237 237 236 236 236 236 236 236 236 196 196 196 132 0 4 0 4 0 172 172 172 172 236 236 236 204 0 0 0 0 0 0 0 0 0 0 128 0 32 0 0 0 13 111 111 111 111 111 111 111 108 108 108 108 108 108 108 108 108 108 108 108 108 108 76 76 204 204 204 8 8 8 8 8 8 8 9 9 9 57 125 125 125 255 255 255 255 255 255 255 255 255 201 201 217 217 217 221 253 255 255 247 255 255 255 255 255 255 255 255 229 68 0 0 0 0 0 0 32 0 8 8 136 24 185 189 253 255 255 239 100 96 96 64 0 0 0 0 0 0 0 0 0 0 0 0 0 0 8 8 13 157 255 255 255 255 255 255 255 255 255 255 255 255 255 255 255 255 255 255 239 8 8 8 8 136 136 200 200 200 200 200 200 200 200 192 192 192 192 192 64 0
24 249 249 249 249 249 249 97 97 97 96 96 96 104 248 252 253 253 253 255 255 255 239 255 255 255 255 223 255 255 255 255 239 255 247 255 255 255 255 255 255 255 255 255 255 237 237 237 237 237 228 236 236 236 236 236 236 196 196 196 0 4 0 4 0 4 172 172 172 172 236 236 236 204 4 0 0 0 0 0 0 0 0 0 0 0 0 0 0 0 13 111 111 111 111 111 111 111 108 108 108 108 108 108 108 108 108 108 108 108 108 108 76 204 204 204 204 8 8 8 8 9 8 8 9 9 9 57 125 125 125 255 255 255 255 255 255 255 255 255 201 201 217 217 217 221 253 255 255 255 255 255 255 255 255 255 255 255 229 68 0 0 128 0 0 0 0 0 8 8 8 152 185 189 253 255 255 239 100 96 96 64 0 0 0 0 16 0 0 0 0 0 0 0 0 0 8 8 13 157 255 255 255 255 255 255 255 255 255 255 255 255 255 255 255 255 255 255 239 8 8 8 8 136 136 200 200 200 200 200 200 200 200 192 192 192 192 192 64 0
24 249 249 249 249 249 249 97 97 97 96 98 96 104 248 252 253 253 253 255 255 255 255 255 255 255 255 255 255 255 255 255 255 255 255 255 255 255 255 255 255 255 255 255 255 237 237 237 237 237 236 236 236 236 236 236 236 196 196 196 4 0 4 0 4 0 172 172 172 172 236 236 236 204 0 0 0 0 0 0 0 0 0 0 0 0 0 0 0 0 13 111 111 107 111 111 111 111 108 108 108 108 124 108 108 108 108 108 108 108 108 108 76 204 204 204 204 8 8 8 8 8 8 8 9 9 9 57 125 125 125 255 255 255 255 255 255 255 255 255 201 201 217 217 217 221 253 255 255 255 255 255 255 255 255 255 255 255 229 68 0 0 0 0 0 0 0 0 8 8 8 152 185 189 253 255 255 239 100 96 112 64 0 0 0 0 0 0 0 0 0 0 0 0 0 0 8 8 13 157 255 255 255 255 255 255 255 255 255 255 255 255 255 255 255 255 255 255 231 8 8 8 8 136 136 200 200 200 200 200 200 200 200 192 192 192 192 192 64 0
24 249 249 249 249 249 249 97 97 97 96 96 96 104 248 252 253 253 253 255 255 255 255 255 255 255 255 255 255 255 255 255 255 255 255 127 255 255 255 255 255 253 255 255 255 237 237 237 237 237 236 236 236 236 236 236 236 196 196 196 0 4 0 4 0 4 172 172 172 172 236 236 236 204 0 0 0 8 0 0 0 2 0 0 0 0 0 0 0 0 5 111 111 111 111 111 111 111 108 108 108 108 108 108 108 108 108 108 108 108 108 108 76 204 204 204 204 24 8 8 8 8 8 8 9 9 9 57 125 125 125 255 255 255 255 255 255 255 255 255 201 201 217 217 217 221 253 255 255 255 223 255 255 255 255 255 255 255 229 68 0 0 0 16 0 0 0 0 8 8 8 152 185 189 253 255 255 239 100 96 96 64 0 0 0 0 0 0 0 0 0 0 0 0 0 0 8 8 13 157 255 255 255 255 255 255 255 255 255 255 255 255 255 255 255 255 255 255 239 8 8 8 8 136 136 200 200 200 200 200 200 200 204 192 192 192 192 192 64 0
24 121 249 249 249 249 249 97 97 97 96 96 96 104 248 252 253 253 253 255 255 255 255 255 255 255 255 255 255 255 255 255 255 255 255 255 251 247 255 255 255 255 191 255 255 237 237 237 237 237 236 236 236 236 236 236 236 196 196 196 4 0 4 0 4 64 172 172 172 172 236 236 236 204 0 0 0 0 0 0 0 64 0 0 0 0 0 0 0 0 0 111 111 111 111 111 111 111 108 108 108 108 108 108 108 108 108 108 108 108 108 108 68 204 204 204 204 204 8 8 8 8 8 8 9 9 9 57 125 125 125 255 255 255 255 255 255 255 255 255 201 201 217 217 217 221 253 255 255 255 255 255 255 255 255 255 255 255 229 68 0 0 0 0 0 0 0 0 8 8 8 152 185 189 253 255 255 239 100 96 96 64 0 0 32 0 0 0 0 0 0 0 0 0 0 0 8 8 13 157 255 255 255 255 255 255 255 255 255 255 255 255 255 255 255 255 255 255 239 8 8 8 8 136 136 200 200 200 200 200 200 200 200 192 192 192 192 192 64 0
24 121 249 249 249 249 249 97 97 97 96 96 96 104 248 188 253 253 252 255 255 255 255 255 255 255 255 255 255 255 255 255 255 255 255 255 255 251 255 255 255 255 247 255 255 237 237 237 237 237 236 236 236 236 236 236 236 196 196 196 0 4 0 4 0 4 172 172 172 172 236 236 236 204 0 0 0 0 0 0 0 0 0 0 0 0 0 0 0 0 0 111 111 111 111 111 107 111 108 108 108 108 108 108 108 108 108 108 108 108 108 108 76 204 204 204 204 204 8 8 8 8 8 8 9 9 9 57 125 125 125 255 255 255 255 255 255 255 255 255 201 201 217 217 217 221 253 255 255 255 247 255 255 255 255 255 255 255 229 68 0 0 0 0 0 16 0 0 8 8 8 152 185 189 253 255 255 239 100 96 96 64 0 0 0 0 0 0 0 0 0 0 0 0 0 0 8 9 13 157 255 255 255 255 255 255 255 255 255 255 255 255 255 255 255 247 255 255 239 8 40 8 8 136 136 136 200 200 200 200 200 200 200 192 192 192 192 192 64 0
24 121 249 249 249 249 249 97 97 97 96 96 96 104 248 252 253 253 253 255 255 255 255 255 255 255 255 255 255 255 255 251 255 255 255 255 255 255 251 255 255 255 255 255 255 237 237 237 237 237 236 236 236 236 236 236 236 196 196 196 4 0 4 0 4 0 172 172 172 172 236 236 236 204 0 0 0 0 0 0 0 0 0 0 0 0 0 0 0 0 0 111 111 111 111 111 111 111 108 108 108 108 108 108 108 108 108 108 108 108 108 108 68 204 204 204 204 204 8 8 8 8 9 8 9 9 9 57 125 125 125 255 255 255 255 255 127 255 255 255 201 201 217 217 217 221 253 255 255 255 255 255 255 255 255 255 255 255 229 68 0 0 0 0 0 0 0 0 8 8 8 152 185 189 253 255 255 239 100 96 96 64 0 0 0 0 0 0 0 0 0 0 64 0 32 0 8 9 13 157 255 255 255 247 255 255 255 255 255 255 255 255 255 255 191 255 255 255 239 40 8 8 8 136 136 136 200 200 200 200 200 200 200 192 192 192 192 192 64 0
24 121 249 249 249 249 249 97 97 97 96 96 96 104 248 252 253 253 253 255 255 255 255 255 255 255 255 255 255 255 255 255 255 255 255 255 255 255 255 255 255 255 239 255 255 229 237 237 237 237 236 236 236 236 236 236 236 196 196 196 0 4 0 4 0 4 172 172 172 172 236 236 236 204 0 0 0 0 0 0 0 8 0 0 0 0 0 0 32 0 0 111 111 111 111 111 111 111 108 108 108 108 108 108 108 108 110 108 108 108 108 108 76 204 204 204 204 204 8 8 8 8 8 9 9 9 9 57 125 125 125 255 255 255 255 255 255 255 255 191 201 201 217 217 217 221 253 255 255 255 255 255 255 255 255 255 255 255 229 68 0 0 0 0 0 0 0 0 8 8 8 152 185 189 189 255 255 239 100 96 96 64 0 0 0 0 0 0 0 0 1 0 0 0 0 0 8 9 13 157 255 251 255 255 255 255 255 223 255 255 255 255 255 255 255 255 255 255 239 8 8 8 8 136 136 136 200 200 200 200 200 200 200 192 192 192 192 192 64 0
24 121 249 249 249 249 249 97 97 97 96 96 96 104 248 252 253 253 253 255 255 255 255 255 255 255 255 255 255 255 255 255 255 255 255 255 255 255 255 255 255 255 255 255 255 237 237 237 237 237 236 236 236 236 236 236 236 196 196 196 4 0 4 0 4 0 172 172 172 172 236 236 236 204 0 0 0 0 0 0 0 0 0 0 0 0 0 1 0 0 0 111 111 111 111 111 111 111 108 108 108 108 108 108 108 108 108 108 108 124 108 108 76 204 204 204 204 204 8 8 8 8 8 9 9 9 9 57 125 125 125 255 255 255 255 255 255 255 255 201 201 201 217 217 217 221 253 255 191 255 255 255 255 255 255 255 239 255 229 68 0 0 0 0 0 0 0 0 8 10 8 152 185 189 189 255 255 239 100 96 96 64 0 0 0 0 0 0 0 0 0 0 0 0 0 0 8 9 13 157 255 255 255 255 255 255 255 255 255 255 255 255 255 255 255 255 255 255 239 8 8 8 8 136 136 136 200 200 200 200 200 200 200 192 192 192 192 192 64 0
24 121 249 249 249 249 249 97 97 97 96 96 104 104 248 252 253 253 253 255 255 255 255 255 255 255 254 255 255 255 255 255 255 255 254 255 255 255 255 255 255 255 254 255 255 237 237 237 109 237 236 236 236 236 236 236 236 196 196 196 4 68 0 4 0 4 172 172 172 172 236 236 236 204 0 0 0 0 0 0 0 0 0 0 0 0 0 0 0 0 0 111 111 111 111 111 111 111 108 108 44 108 108 108 108 108 108 108 108 108 108 108 76 204 204 204 204 204 8 8 8 8 10 9 9 9 9 57 125 125 125 255 255 255 255 255 255 255 255 201 217 201 217 217 217 221 253 255 255 255 255 255 255 255 255 255 255 239 229 68 0 0 0 0 0 0 0 0 9 8 8 152 185 189 189 255 255 239 100 96 96 64 0 0 0 32 0 0 0 0 0 0 0 2 0 0 8 9 13 157 255 255 255 255 255 255 255 255 255 255 255 255 255 255 255 255 255 255 239 8 8 8 8 136 136 136 200 200 200 200 200 200 200 192 192 192 192 192 64 0
24 121 249 249 249 249 249 97 97 97 96 96 104 104 248 252 253 253 253 255 255 255 255 255 255 255 255 255 255 255 255 255 255 255 255 255 255 255 255 255 255 255 255 255 255 237 109 237 237 237 236 236 236 236 236 236 236 196 196 196 68 4 4 0 4 0 172 172 172 172 236 236 236 204 0 0 0 0 0 0 0 0 0 0 0 0 0 0 0 0 0 111 111 111 111 111 111 111 108 108 108 108 100 108 108 108 108 108 108 108 108 108 76 204 204 204 204 204 8 8 8 8 9 9 9 9 9 57 125 125 125 255 255 255 255 255 255 255 255 217 201 217 217 217 217 221 253 255 255 255 255 255 255 255 255 255 255 239 229 68 0 0 0 0 0 0 0 32 8 8 8 152 185 189 189 255 255 239 100 96 96 64 0 0 0 0 0 0 0 0 0 0 0 0 0 0 8 9 13 157 255 255 255 255 255 255 255 255 255 255 255 254 255 255 255 127 255 255 239 8 8 8 8 136 136 136 200 200 200 200 200 200 200 192 192 192 192 192 64 0
24 121 249 249 249 249 249 97 97 97 98 96 104 104 248 252 252 253 253 255 251 255 255 255 255 255 255 255 255 255 255 255 255 255 255 255 255 255 255 255 255 255 255 255 255 237 237 237 237 237 236 236 236 236 236 236 236 196 196 196 68 4 0 4 0 4 172 172 172 172 236 236 236 204 0 32 0 0 0 0 0 0 0 0 0 0 0 0 0 0 0 111 111 111 111 111 111 111 108 108 108 108 108 108 108 108 108 108 108 108 108 108 76 204 204 204 204 204 8 8 8 8 9 9 9 9 41 57 125 125 125 255 251 255 255 255 255 255 255 255 217 217 217 217 217 221 253 255 255 255 255 255 255 255 255 255 255 239 229 68 0 0 0 0 0 0 0 0 8 8 8 152 185 189 189 255 255 231 100 96 96 64 0 0 0 0 0 0 0 0 0 0 0 0 0 0 8 9 13 157 255 255 255 255 255 255 255 255 255 255 255 255 255 255 255 255 255 255 239 8 8 8 8 136 136 136 200 200 200 232 200 200 200 192 192 192 192 192 64 0
24 121 249 249 249 248 249 97 97 97 96 96 104 104 248 252 252 253 253 255 255 255 255 255 255 255 255 255 255 255 255 255 255 255 255 255 255 255 255 255 255 255 255 255 255 237 237 237 237 237 236 236 236 236 236 236 228 196 196 196 68 0 4 0 4 0 172 172 172 172 236 236 236 204 0 0 0 0 0 0 0 0 0 0 64 0 0 0 64 0 0 111 111 111 111 111 111 111 108 108 108 108 108 108 44 108 108 108 44 124 108 108 76 204 204 204 204 204 8 8 8 8 9 9 9 9 41 57 125 125 125 255 255 255 255 255 255 255 255 255 255 217 217 217 217 221 253 255 255 255 255 255 255 255 255 255 255 239 229 68 0 0 0 0 0 0 0 0 8 8 8 152 185 61 189 255 255 231 102 96 96 64 0 128 0 128 0 0 0 0 0 0 0 0 0 0 8 9 13 157 255 255 255 255 255 255 255 255 255 255 255 255 255 255 255 255 255 255 239 8 8 40 8 136 168 136 200 200 200 200 200 200 200 192 192 192 192 192 64 0
24 121 249 249 249 249 249 97 113 97 96 96 104 104 248 252 252 253 253 255 255 255 255 255 255 255 255 255 255 255 255 223 255 255 255 127 255 255 255 255 255 255 255 255 255 237 237 237 237 237 236 236 236 236 236 236 228 196 196 196 68 4 0 4 0 4 172 172 172 172 236 236 236 204 0 0 0 0 0 0 0 0 0 0 0 0 0 0 0 0 2 111 111 111 111 111 111 111 108 108 108 108 108 108 108 108 108 108 108 108 108 108 204 204 204 204 204 204 8 8 8 8 9 9 9 9 41 57 125 125 125 255 255 255 255 255 255 255 255 255 255 255 217 217 217 221 253 255 255 255 255 255 255 255 255 255 255 239 229 68 0 0 0 0 0 0 0 0 8 8 8 152 57 189 189 255 255 231 102 96 96 64 0 0 128 0 0 32 0 0 0 0 0 0 0 0 8 9 13 157 191 255 255 255 255 255 255 255 255 255 255 239 255 255 255 255 255 255 239 8 8 8 8 136 136 140 200 200 200 200 200 200 216 192 192 192 192 192 64 0
24 121 249 249 249 249 249 113 97 97 96 96 104 104 248 252 252 253 253 255 255 255 255 255 255 255 255 255 255 255 255 255 255 255 255 255 255 255 255 127 255 255 255 255 255 237 237 237 237 237 236 236 108 236 236 236 228 196 196 196 68 0 4 0 4 0 172 172 172 172 236 236 236 204 0 0 0 0 0 0 0 1 0 0 0 0 0 0 0 0 109 111 111 111 111 111 111 111 108 108 108 108 108 108 108 108 108 108 108 108 108 108 204 204 204 204 204 204 8 8 8 8 9 9 9 9 41 57 125 125 125 255 255 255 255 255 255 255 255 255 255 255 255 217 217 221 253 255 255 255 255 255 255 255 255 255 255 239 229 68 0 0 0 0 0 0 0 0 8 8 8 24 185 189 189 255 255 231 102 96 96 64 0 0 0 0 0 0 64 0 0 0 0 0 0 0 8 9 13 157 255 255 255 255 255 255 253 255 255 255 255 255 255 255 255 255 255 255 239 8 8 8 8 136 136 136 200 200 200 200 200 200 200 192 192 192 192 192 64 0
24 121 249 249 249 249 249 249 97 97 96 96 104 104 248 252 252 253 253 255 255 255 255 255 255 255 255 255 255 255 255 255 255 255 254 255 255 255 255 255 255 255 255 255 255 237 237 237 237 237 236 236 236 236 236 236 228 196 196 196 68 4 128 6 0 4 172 172 172 172 236 236 236 204 0 0 0 0 0 0 2 0 16 0 0 0 0 0 0 0 109 111 111 111 111 111 111 111 108 108 108 108 108 108 108 108 108 108 108 108 108 108 204 204 204 204 204 204 8 12 8 8 9 9 9 9 41 57 125 125 125 255 255 255 251 255 255 255 255 255 255 255 255 255 217 221 253 255 255 255 255 255 255 255 255 255 255 239 229 68 0 0 0 0 0 0 0 0 8 8 8 24 185 189 189 255 255 231 102 96 96 64 0 0 0 0 0 0 0 0 0 0 0 0 0 0 8 9 13 157 255 255 255 255 191 255 255 255 255 255 255 255 255 255 255 255 255 255 239 8 8 8 8 136 136 136 200 200 200 200 200 200 200 192 192 192 192 192 64 0
24 121 249 249 249 249 249 249 97 97 96 96 104 104 248 252 252 253 253 255 255 255 255 255 255 255 255 255 255 255 255 255 255 255 255 255 255 255 255 255 255 255 255 255 255 237 237 237 237 237 236 236 236 236 236 236 228 196 196 196 68 0 4 0 4 0 172 172 172 172 236 236 236 204 0 0 0 0 0 0 0 16 0 0 0 0 0 0 0 0 109 111 111 111 111 111 111 111 108 108 108 108 108 108 108 108 108 108 108 108 108 108 204 204 204 204 204 204 12 8 8 8 9 9 9 9 41 57 124 125 125 255 255 255 255 255 255 255 255 255 255 255 255 255 247 221 253 255 255 253 255 255 255 255 255 255 255 239 229 68 0 0 0 0 0 0 0 0 9 8 8 24 185 189 189 255 255 231 102 96 96 64 128 0 0 0 0 0 0 128 0 0 0 0 0 0 8 9 13 157 255 255 255 255 255 255 255 255 255 255 255 255 255 255 255 255 255 255 239 8 8 8 8 136 136 136 200 200 200 200 200 200 200 192 192 192 192 192 64 0
24 121 249 249 249 249 249 249 97 97 96 96 104 104 248 252 252 253 253 255 255 255 255 255 255 255 255 191 255 255 255 255 255 255 255 255 255 255 255 255 255 255 255 255 255 237 237 237 237 173 236 236 236 236 236 236 228 196 196 196 68 4 0 4 0 4 172 172 172 172 236 236 236 204 0 0 0 0 0 0 0 0 0 0 0 0 0 0 0 0 109 111 111 111 111 111 111 111 108 108 108 108 108 108 108 108 108 108 108 108 108 108 204 204 204 204 204 204 8 8 8 8 9 9 9 9 41 56 125 125 125 255 255 255 255 255 255 255 255 255 255 255 255 255 255 255 253 191 255 255 255 255 255 255 255 255 255 239 229 68 0 0 0 0 0 0 0 0 8 9 8 24 185 189 189 255 255 231 102 96 96 64 0 0 0 0 0 0 0 0 0 0 1 0 0 0 8 9 13 157 255 255 253 255 255 255 255 255 255 255 255 255 255 255 255 255 255 255 239 8 24 8 8 136 136 136 200 200 200 200 200 200 200 192 192 192 192 192 64 0
24 121 249 249 249 249 249 249 97 97 96 96 104 104 248 252 252 253 253 255 255 255 255 255 255 251 255 255 255 255 255 255 255 255 255 255 253 255 255 255 255 239 255 255 255 237 237 237 237 236 236 236 236 236 236 236 228 196 196 196 68 0 4 0 4 0 172 172 172 172 236 236 236 204 0 0 0 0 0 0 0 0 0 0 8 0 0 0 0 0 109 111 111 111 111 107 111 111 108 108 108 108 108 108 108 108 108 108 108 108 44 108 204 204 204 204 196 204 8 8 8 8 9 9 9 9 40 57 125 125 125 255 255 255 255 255 255 255 255 255 255 255 255 255 255 251 255 255 255 255 255 255 255 255 255 255 255 239 229 68 0 0 0 0 0 0 0 0 8 8 8 24 185 189 189 255 255 231 102 96 96 64 0 0 0 0 0 0 0 0 0 0 0 0 0 0 8 9 13 157 255 255 255 255 255 255 255 255 255 255 255 255 255 255 255 255 255 255 239 8 40 8 8 136 136 136 200 200 200 200 200 200 200 192 192 192 192 192 64 0
24 121 249 249 249 249 249 249 97 99 96 96 104 104 248 252 252 253 253 255 255 255 255 239 255 255 255 255 255 223 255 239 255 255 255 255 255 255 255 255 255 255 255 255 255 237 237 237 237 236 236 236 236 236 236 236 228 196 196 196 68 4 0 4 0 4 172 172 172 172 236 236 236 204 0 0 0 0 0 0 0 0 0 128 0 0 0 0 0 0 109 111 111 111 111 111 111 111 108 108 108 108 108 108 108 108 108 108 108 108 108 108 204 204 204 204 204 204 8 8 8 8 9 9 9 8 41 57 125 125 125 255 255 255 255 255 255 127 255 255 255 255 255 255 255 255 255 255 255 255 255 255 255 255 255 255 255 239 229 68 0 0 0 0 0 0 0 0 8 8 8 24 185 189 189 255 253 231 102 96 96 64 0 0 2 0 0 0 0 0 0 0 0 0 0 0 8 9 13 157 255 255 255 191 255 255 255 255 255 255 255 255 255 255 255 255 255 255 239 40 8 8 8 136 136 136 200 200 200 200 200 200 200 192 192 192 192 192 64 0
24 121 185 249 249 249 249 249 97 97 96 96 104 104 248 252 252 253 253 255 255 255 191 255 255 255 255 255 255 255 255 255 255 255 255 255 255 255 255 255 255 255 255 255 255 237 237 237 237 236 236 236 236 236 236 236 228 196 196 196 68 4 4 0 4 0 172 172 172 172 236 228 236 204 0 0 0 0 0 0 0 0 0 0 0 0 64 0 16 0 109 111 111 111 111 111 111 111 108 108 108 108 108 108 108 108 108 108 108 108 108 108 204 204 204 204 204 204 8 8 8 8 9 9 8 9 41 57 125 125 125 255 255 255 255 255 255 255 255 255 255 255 255 255 255 255 255 255 255 255 255 255 251 255 255 255 255 239 229 68 0 0 0 1 0 0 0 0 8 8 8 24 185 189 189 253 255 229 102 96 96 64 0 0 0 0 0 0 0 0 32 0 0 0 0 0 8 9 13 157 255 255 255 255 255 255 255 255 255 255 255 255 255 255 255 255 255 255 239 8 8 10 8 136 136 136 200 200 200 200 200 200 200 192 192 192 192 192 64 0
24 57 249 249 249 249 249 249 97 97 96 96 104 104 248 252 252 253 253 247 255 255 255 255 255 255 255 255 255 255 255 255 255 255 255 255 255 255 255 255 255 255 255 255 255 237 237 237 237 236 236 236 236 236 236 236 228 196 196 196 68 4 0 4 0 4 172 172 172 172 236 236 236 204 0 0 0 0 0 0 0 0 0 0 0 0 0 0 0 0 109 111 111 111 111 111 111 111 108 108 108 108 108 108 108 108 108 108 108 108 108 108 204 204 204 204 204 204 8 8 8 8 9 8 9 9 41 57 125 125 125 255 255 255 255 254 255 255 255 255 255 255 255 255 255 255 255 255 255 255 255 255 255 255 255 255 255 239 229 68 0 4 0 0 0 0 0 0 8 8 8 24 185 189 189 253 253 231 100 96 96 64 0 0 0 0 0 0 0 0 0 0 0 0 0 0 8 9 13 157 255 255 255 255 255 255 255 255 255 255 254 255 255 255 255 255 255 255 238 8 8 8 9 136 136 136 200 136 200 200 200 200 200 192 192 192 192 192 64 0
24 57 249 249 249 249 249 249 97 97 96 96 104 104 248 252 252 253 253 253 255 255 255 255 255 255 255 255 255 255 255 255 255 255 255 255 191 255 255 255 255 255 255 255 255 237 237 237 237 236 172 236 236 236 236 236 228 196 196 196 68 0 4 0 4 0 172 172 172 172 236 236 236 204 0 0 0 0 0 0 0 2 0 0 0 0 0 0 0 0 109 111 111 111 111 111 111 111 108 108 108 108 108 108 108 108 108 108 108 108 108 108 204 204 204 204 204 204 8 8 8 8 8 9 9 9 41 57 125 125 125 255 255 255 255 255 255 255 255 255 255 255 255 255 255 255 255 255 255 255 255 255 255 255 255 255 255 239 229 68 4 0 0 8 0 0 0 0 8 40 8 24 185 189 189 253 252 229 100 96 96 64 0 0 0 0 0 0 0 0 0 0 0 0 32 0 8 9 13 157 255 255 255 255 255 255 255 255 255 255 255 255 255 255 255 255 255 255 238 8 8 8 8 136 136 136 136 200 200 200 200 200 200 192 192 196 192 192 64 0
24 57 249 249 249 249 249 249 97 97 98 96 104 104 248 252 252 253 253 253 255 255 255 255 255 255 255 255 255 255 255 255 255 127 255 255 255 255 255 255 255 255 255 255 255 237 237 237 237 236 236 236 236 236 236 236 228 196 196 196 68 4 0 4 0 4 172 172 172 172 236 236 236 204 0 64 0 0 0 0 0 0 4 0 0 0 0 0 0 0 109 111 111 111 111 111 111 111 108 108 108 108 108 108 108 108 108 108 108 108 108 108 204 204 204 204 204 204 8 8 8 8 8 9 9 9 41 57 125 125 125 255 255 255 255 255 255 255 255 255 255 255 255 255 255 255 255 255 255 255 255 223 255 255 255 255 255 239 229 68 0 16 0 0 0 0 8 0 8 8 8 24 185 189 157 253 253 228 100 96 96 64 0 0 0 0 0 0 0 0 0 0 0 0 0 0 8 9 13 157 255 255 255 255 255 255 255 255 255 255 255 255 255 127 255 255 255 255 238 8 8 8 8 136 136 136 136 200 200 204 200 200 200 192 192 192 192 192 64 0
24 57 121 249 217 249 249 249 97 97 100 96 104 104 248 252 252 253 253 253 255 255 255 255 255 255 255 255 255 255 255 255 255 255 255 255 255 255 255 255 191 255 255 255 255 237 237 237 237 236 236 236 236 236 236 236 228 196 196 196 68 0 4 0 4 0 172 172 172 172 236 236 236 204 64 0 0 0 2 0 0 0 0 0 0 0 0 0 4 0 109 111 111 111 111 111 111 111 108 110 108 108 108 108 108 108 108 108 108 108 100 108 204 204 204 196 204 204 8 8 8 8 8 9 9 9 41 57 125 125 125 255 255 255 255 255 255 255 253 255 254 255 255 255 255 255 255 255 255 255 255 255 255 251 255 255 253 239 229 68 0 0 0 0 0 0 0 8 8 8 8 25 185 157 189 253 253 228 100 96 96 64 0 0 0 4 0 0 0 0 0 0 0 0 0 0 8 9 13 157 255 255 254 255 255 255 254 255 255 255 255 255 223 255 255 255 255 251 238 8 8 8 8 136 136 136 136 200 200 200 200 200 232 192 192 192 192 192 64 0
24 57 121 249 249 249 249 249 97 97 96 96 104 120 248 252 252 253 253 253 255 255 255 255 255 255 255 253 255 255 255 247 255 223 223 255 255 255 255 255 255 255 255 255 255 237 237 237 237 236 236 236 236 236 236 236 228 196 196 196 68 4 128 4 0 4 44 172 172 172 236 236 236 204 64 0 0 0 0 0 0 0 0 0 32 0 0 0 0 4 109 111 111 111 111 111 111 111 110 108 108 108 108 108 108 108 108 108 108 108 108 108 204 204 204 204 204 204 8 8 8 8 8 9 9 9 41 57 125 125 125 255 255 255 255 255 255 255 255 255 255 255 255 255 255 255 255 255 255 255 255 255 255 255 255 255 255 237 229 68 0 0 0 0 0 0 0 8 8 12 8 25 153 189 189 253 253 228 100 96 96 64 0 0 0 0 0 0 0 0 0 0 0 0 0 0 8 9 13 157 255 223 191 223 255 255 255 255 255 255 255 255 255 255 255 255 247 255 234 8 40 8 8 136 136 136 136 200 200 200 200 200 200 192 192 192 192 192 80 0
24 57 121 249 249 249 249 249 97 97 96 96 104 120 248 252 252 253 253 253 255 255 255 255 255 255 255 255 255 255 223 255 255 255 255 255 255 255 255 255 255 255 255 251 255 237 237 253 237 236 236 236 236 236 236 236 228 196 196 196 68 0 4 0 4 0 44 172 172 172 236 236 236 204 64 0 0 0 0 0 0 0 0 0 0 0 0 0 0 0 109 111 47 111 111 111 111 111 110 108 108 108 108 108 108 108 108 108 108 108 108 108 204 204 204 204 204 204 8 8 8 8 8 9 9 9 41 57 125 125 125 255 255 255 255 255 255 255 255 255 255 255 255 255 255 255 255 255 223 255 255 255 255 255 255 255 255 237 229 68 0 0 0 0 0 0 0 8 8 8 8 25 153 189 189 253 253 228 100 96 96 64 0 0 0 0 0 0 0 0 64 0 0 0 0 0 8 9 5 157 223 255 223 255 255 255 255 255 255 255 255 255 255 255 255 255 255 255 234 40 8 8 8 136 136 136 136 200 200 200 200 200 200 192 192 192 192 192 192 0
24 57 121 249 249 249 249 249 97 97 96 96 104 120 248 252 252 253 253 253 255 255 255 255 255 255 255 255 254 255 255 255 255 255 255 255 255 255 255 255 255 255 255 255 255 237 237 237 237 236 236 236 236 236 236 236 228 196 196 196 68 4 0 4 0 4 44 172 172 172 236 236 236 204 64 0 0 0 0 0 0 1 0 0 0 0 0 0 0 0 109 111 111 111 111 111 111 107 110 108 108 108 108 108 108 108 108 108 108 108 108 108 204 204 204 204 204 204 8 8 40 8 8 9 9 9 41 57 125 125 125 255 255 255 255 255 255 255 255 255 255 255 255 255 255 255 255 255 255 255 255 255 255 255 255 255 255 237 229 68 0 0 0 0 0 0 0 8 8 8 8 25 153 189 189 253 253 228 100 96 96 64 0 0 0 0 0 0 8 0 0 0 0 0 0 0 8 1 9 157 255 223 255 255 255 255 255 255 255 255 247 255 255 255 255 255 255 255 234 8 8 8 8 136 136 136 136 200 200 200 200 200 200 192 192 192 192 192 192 0
24 57 121 249 249 249 249 249 96 97 96 96 104 120 248 252 252 253 253 253 255 255 255 255 255 255 255 255 255 127 255 127 255 255 255 239 255 255 255 255 255 255 255 255 255 237 237 237 237 236 236 236 236 236 236 236 228 196 196 196 68 0 4 0 4 0 44 172 172 172 236 236 236 204 64 0 0 0 0 0 0 0 0 0 0 0 0 0 0 0 109 111 111 111 111 111 111 111 110 108 108 108 108 108 108 108 108 108 108 108 108 108 204 204 204 204 204 204 8 8 8 8 8 9 9 9 41 57 93 125 125 255 255 255 255 255 255 255 255 223 255 255 127 255 254 255 255 255 255 255 255 255 255 255 223 255 255 237 229 68 0 0 0 0 0 0 32 8 8 8 8 25 153 189 189 253 253 228 100 96 96 64 0 0 0 0 32 0 0 0 0 0 0 0 8 0 0 8 9 157 223 255 255 255 255 255 255 255 255 255 255 255 255 255 255 255 255 255 234 8 8 8 8 136 136 136 136 200 200 200 200 200 200 192 192 192 192 192 192 0
24 57 121 249 249 249 249 249 97 96 96 96 104 120 248 252 252 253 253 253 255 255 255 255 254 255 255 255 255 251 111 247 255 255 255 255 255 255 255 255 255 255 255 255 255 237 237 237 237 236 236 236 236 236 236 236 228 196 196 196 68 4 0 4 0 4 44 172 172 172 236 108 236 204 64 0 0 0 0 0 0 0 0 0 0 0 0 2 0 0 109 111 111 111 111 103 111 111 110 108 108 108 108 108 108 108 108 108 108 108 108 108 204 204 204 204 204 204 8 8 8 8 8 9 9 9 41 25 125 125 125 255 255 255 255 255 255 255 255 255 255 255 255 127 255 255 255 255 255 251 255 255 255 255 255 255 255 237 229 68 0 0 0 0 0 0 0 8 8 8 8 25 153 189 189 253 253 228 100 96 96 64 0 0 0 0 0 0 0 0 0 0 0 0 0 0 0 8 9 157 255 255 255 255 255 255 255 223 255 255 254 255 255 255 255 255 255 255 234 8 8 8 8 136 136 136 136 200 200 200 200 200 200 192 192 192 192 192 192 0
24 57 121 249 249 249 249 249 97 96 96 96 104 120 248 252 252 253 253 253 255 251 255 255 255 255 255 255 255 255 255 111 255 127 255 255 255 223 255 255 255 255 255 255 255 237 237 237 237 236 236 236 236 236 236 236 228 196 196 196 68 0 4 0 4 0 44 172 172 172 236 236 236 204 64 2 0 0 0 0 0 0 2 0 0 0 0 0 0 0 109 111 111 111 111 111 111 110 110 108 108 108 108 108 108 108 108 108 100 108 108 108 204 204 196 204 204 204 8 8 8 24 8 9 9 9 9 57 125 125 125 255 255 255 255 191 255 255 255 255 255 254 255 253 255 255 255 127 255 255 255 255 255 255 255 255 255 237 229 68 0 0 0 0 0 0 0 9 8 40 8 25 153 189 189 253 253 228 100 96 96 64 0 0 0 0 0 0 0 0 0 0 0 0 0 0 0 8 9 157 255 255 255 255 255 255 255 255 255 255 255 255 255 255 239 255 255 255 238 8 8 8 8 136 136 136 136 200 200 200 200 200 200 192 192 192 224 192 192 0
24 57 121 249 249 249 249 249 97 96 96 96 104 120 248 252 252 253 253 253 255 255 255 255 255 255 255 255 255 255 255 255 127 255 255 251 255 255 255 255 255 255 255 255 255 173 237 237 237 236 236 236 236 236 236 236 228 196 196 196 68 4 0 4 0 4 44 172 172 172 236 236 236 204 64 0 0 0 0 0 0 0 0 0 0 0 1 0 0 0 109 111 111 111 111 111 111 110 110 108 108 108 108 108 108 108 108 108 108 108 108 108 204 204 204 204 204 204 8 8 40 8 8 9 9 9 9 57 125 125 125 255 255 127 255 255 255 253 255 255 255 255 255 255 255 191 255 255 255 255 255 255 255 255 255 255 255 237 229 68 0 0 0 0 0 0 0 8 8 8 8 25 153 189 189 253 253 228 100 96 112 64 0 0 0 0 0 0 0 0 0 0 0 0 0 4 0 8 9 157 255 255 255 255 255 255 255 255 255 255 255 255 255 255 255 255 255 255 238 8 8 8 8 136 136 136 136 200 200 200 200 200 200 192 192 192 192 192 192 2
24 57 121 249 249 249 249 249 97 96 96 96 104 120 248 252 252 253 253 253 255 255 255 255 255 255 255 255 255 255 255 255 255 255 255 255 255 255 255 255 255 255 255 255 255 237 237 237 237 236 236 236 236 236 236 236 228 196 196 196 68 0 4 0 4 4 44 172 172 172 236 236 108 204 64 0 0 0 0 0 0 0 0 0 0 128 0 4 0 0 109 111 111 111 111 111 111 110 110 108 108 108 108 108 108 108 108 108 108 108 108 108 204 204 204 204 204 204 8 8 8 8 8 9 9 9 9 57 125 125 125 255 255 255 255 255 255 255 255 255 255 255 255 255 255 255 255 255 255 255 255 255 255 255 255 255 255 237 229 68 0 0 0 0 0 0 64 8 8 8 8 25 153 189 189 253 253 228 100 96 100 64 0 0 0 0 0 0 0 0 0 0 0 0 0 0 0 8 9 157 255 255 255 255 255 255 255 255 255 255 255 255 251 255 255 255 255 255 238 8 8 8 8 136 136 136 136 200 200 200 200 200 200 192 192 192 192 192 192 0
24 57 121 249 249 249 249 249 97 96 96 96 104 120 248 252 252 253 253 253 255 255 255 255 255 255 191 255 255 255 255 191 255 255 255 255 255 255 255 255 255 255 255 255 255 237 237 237 237 236 236 236 236 236 236 228 228 196 196 196 68 4 0 4 0 4 44 172 172 172 236 236 236 76 64 0 0 16 0 0 0 0 0 0 16 0 0 0 0 0 109 111 111 111 111 111 111 110 110 108 108 108 108 108 108 108 108 108 108 108 108 108 204 196 204 204 204 204 8 8 8 8 8 9 9 9 9 57 125 125 125 255 255 255 255 255 255 255 255 255 255 255 255 255 255 255 255 255 255 255 255 255 255 255 255 255 255 237 229 68 0 0 0 0 0 0 0 8 8 8 8 25 153 189 189 253 253 228 100 100 96 64 0 0 0 0 0 0 0 0 0 0 0 0 0 16 0 8 9 157 255 255 255 255 255 255 255 255 255 255 255 255 255 255 255 255 255 255 238 8 8 8 8 136 136 152 136 200 200 200 200 200 200 192 192 192 192 192 192 0
24 57 121 249 249 249 249 249 97 96 96 96 104 120 248 252 252 253 253 253 255 255 255 255 255 255 255 255 255 255 255 255 255 255 255 255 255 255 255 255 255 255 255 255 247 237 237 237 237 236 236 236 236 236 236 228 228 196 196 196 84 0 4 0 4 1 44 172 172 172 236 236 236 76 64 0 0 0 0 0 0 0 0 0 0 0 0 0 0 8 109 111 111 111 111 111 111 110 110 108 108 108 108 108 108 108 108 108 108 108 108 108 204 236 204 204 204 204 8 8 8 8 8 9 9 9 9 57 125 125 125 255 255 255 255 255 255 255 255 255 255 255 255 255 255 255 255 191 255 255 255 255 255 255 253 255 223 229 229 68 0 0 0 0 0 4 0 8 8 8 8 25 153 189 189 253 253 228 100 100 96 64 0 0 0 0 0 0 0 0 0 0 0 0 0 0 0 8 9 157 255 255 255 255 255 255 255 255 255 255 255 255 255 255 247 255 255 255 238 8 8 8 8 136 136 136 136 200 200 200 200 200 200 192 192 192 192 192 192 0
24 57 121 249 249 249 249 249 97 96 96 96 104 120 248 252 252 253 253 253 255 255 255 255 255 255 255 255 255 255 255 255 255 255 255 255 255 255 255 255 255 255 255 255 255 237 237 237 237 236 236 236 236 236 236 228 228 196 196 196 196 4 0 4 0 68 44 172 172 172 236 236 236 76 64 0 0 0 0 0 0 0 0 0 0 0 0 0 0 8 109 111 111 111 111 103 111 110 110 108 108 44 108 108 108 108 108 108 44 108 108 108 236 204 204 204 204 204 8 8 8 8 8 9 9 9 25 57 125 125 125 127 255 255 255 255 255 255 255 255 255 255 223 255 255 255 255 255 255 255 255 255 255 255 255 255 255 197 229 68 0 64 0 0 0 0 0 8 8 8 8 25 153 189 189 253 253 228 100 100 96 96 0 0 0 0 0 0 0 0 0 0 0 0 0 0 0 8 9 149 255 255 255 255 255 255 255 255 255 255 255 255 255 255 255 255 255 255 238 9 8 8 8 136 136 136 136 200 200 200 200 200 200 192 192 192 192 192 192 0
24 57 121 249 249 249 249 249 97 96 96 96 104 120 248 252 252 253 253 253 255 255 255 255 255 255 223 255 255 255 255 255 255 255 255 255 255 253 255 255 255 255 255 255 255 237 237 237 237 236 236 236 236 236 236 228 228 196 196 196 196 0 4 0 4 0 44 172 172 172 236 236 236 76 64 0 0 0 0 2 0 0 0 0 0 0 0 0 0 8 45 111 103 111 111 111 111 110 110 108 108 108 108 108 108 108 108 108 108 108 108 108 236 204 204 204 204 204 8 8 8 8 8 9 9 9 25 57 125 125 125 255 255 255 255 255 255 255 255 255 255 255 255 255 255 255 255 255 255 255 255 255 255 255 255 255 255 229 229 68 64 8 0 0 0 0 0 8 8 8 8 25 153 189 189 253 253 228 100 100 96 96 0 0 0 0 0 0 0 0 0 0 0 0 0 0 0 8 1 9 255 255 255 255 255 251 255 255 255 255 255 255 255 255 255 255 255 255 239 8 8 8 8 136 136 136 136 200 200 200 200 200 200 192 192 192 192 192 192 0
28 57 89 249 249 249 249 249 97 96 96 96 104 120 248 252 252 253 253 253 255 255 255 254 255 255 255 255 255 255 255 255 255 255 255 255 255 255 255 255 255 255 247 255 255 237 237 237 237 236 236 236 236 236 236 228 228 196 196 196 196 4 0 4 0 4 44 172 172 172 236 236 236 76 64 0 0 0 0 0 0 0 0 0 0 0 1 0 0 8 45 111 111 111 111 111 111 110 110 108 108 108 108 108 108 108 108 108 108 108 108 108 236 204 204 204 204 204 8 8 8 8 8 9 9 9 25 57 125 125 125 255 255 253 255 254 223 127 255 255 255 255 255 255 255 255 255 255 255 255 255 255 255 255 255 255 255 229 229 68 64 0 0 0 0 0 0 8 8 8 9 25 153 189 189 253 253 228 100 100 96 96 0 0 0 0 0 0 0 0 1 0 0 0 128 0 0 0 8 9 255 255 255 255 255 255 255 255 191 255 255 239 255 255 255 255 255 255 239 8 8 8 8 136 136 136 136 200 200 200 200 200 200 192 192 192 192 192 192 0
24 29 121 217 249 249 249 249 97 96 96 96 104 120 248 252 252 253 253 253 255 255 255 255 255 255 255 255 255 255 255 239 255 255 255 255 255 255 255 255 255 255 255 255 255 109 237 237 237 236 236 236 236 236 236 228 228 196 196 196 196 128 4 0 4 0 44 172 172 172 236 236 236 76 64 0 0 0 0 0 0 0 0 0 0 0 0 0 0 8 45 111 111 111 111 111 111 110 110 108 108 108 108 108 108 108 108 108 108 108 108 108 236 236 236 204 204 204 8 8 10 8 8 9 9 9 25 57 125 125 125 255 255 255 255 255 247 255 255 255 255 255 255 255 255 255 247 255 255 255 255 255 253 255 255 255 255 229 229 68 64 0 0 0 0 0 0 8 8 8 9 25 153 189 189 253 253 228 100 100 96 96 0 0 0 0 0 0 0 0 0 0 0 0 0 0 0 0 8 9 255 255 255 255 255 255 255 255 255 255 255 255 255 255 255 255 255 255 239 8 8 8 8 136 136 136 136 200 200 136 200 200 200 192 192 192 192 192 192 0
24 25 93 249 249 249 249 249 97 96 96 96 104 120 248 252 252 253 253 253 255 255 255 255 255 255 247 255 255 255 255 255 251 255 255 255 255 255 255 255 255 255 255 255 255 237 237 237 237 236 236 236 236 236 236 228 228 196 196 196 196 4 0 4 0 4 44 172 172 173 236 236 236 76 64 0 0 0 0 0 0 0 0 0 0 0 0 0 0 8 45 111 111 111 111 111 111 110 110 108 108 108 108 108 108 108 108 108 108 108 108 108 236 236 236 204 204 204 8 8 8 8 8 9 9 9 25 57 125 125 125 255 255 255 255 255 255 255 255 255 255 255 255 255 255 255 255 255 255 255 255 255 255 255 255 255 255 229 229 68 64 0 0 0 0 0 0 8 8 8 9 25 153 189 189 253 253 228 100 100 96 96 0 0 0 0 0 64 0 0 0 0 0 0 0 0 0 0 8 9 255 255 255 255 255 255 255 255 255 255 255 255 255 255 255 255 255 255 239 8 8 8 8 136 136 136 136 200 200 200 200 200 200 192 192 192 192 192 192 0
24 25 89 253 249 249 249 249 97 96 96 96 104 124 248 252 252 253 253 253 255 255 255 255 255 255 255 255 255 255 255 255 255 255 255 255 255 255 255 255 253 255 255 255 255 237 237 237 233 236 236 236 236 236 236 228 228 196 196 196 196 0 4 0 4 0 44 172 172 172 236 236 236 76 64 0 0 0 0 0 0 0 0 0 0 0 0 0 0 8 45 111 111 111 111 111 111 110 110 108 108 108 108 108 108 108 108 108 108 108 108 108 236 236 236 204 204 204 8 8 8 8 8 9 9 9 25 57 125 125 125 255 255 255 255 255 255 255 255 255 255 255 255 255 255 255 255 254 255 255 255 255 255 255 255 255 255 229 229 68 72 0 0 0 0 0 0 8 8 8 9 25 153 189 189 253 253 228 100 100 96 98 0 0 0 0 0 0 0 0 0 0 0 0 0 0 0 0 8 9 255 255 255 255 255 255 255 255 255 255 255 255 255 255 255 255 255 255 239 10 8 8 8 136 136 140 136 200 200 200 200 200 200 192 192 192 192 192 192 0
24 25 89 249 253 249 249 249 97 96 96 96 104 120 252 252 252 253 253 253 255 255 255 255 255 255 255 255 255 255 255 255 255 255 255 255 255 255 255 255 255 255 255 255 255 237 237 237 237 236 236 236 236 236 236 228 228 196 196 196 196 4 0 4 0 4 44 172 172 172 236 236 236 76 64 0 0 0 0 0 0 0 0 0 0 0 0 0 64 8 45 111 111 111 111 111 111 110 110 108 108 108 108 108 108 108 108 108 108 108 108 108 236 236 236 204 204 204 8 8 8 8 8 9 9 9 25 57 125 125 125 255 255 251 255 255 255 255 255 255 255 255 255 191 255 255 255 255 255 255 255 255 255 255 255 251 255 229 229 84 64 0 0 0 0 0 0 8 8 8 9 25 153 189 189 253 253 228 100 100 96 96 0 0 0 0 0 0 0 0 0 0 0 0 0 0 0 0 8 9 255 255 255 255 255 255 255 255 255 255 255 255 255 255 255 255 255 255 239 10 8 8 8 136 136 136 136 200 200 200 200 200 200 196 200 192 192 192 192 0
24 25 89 249 249 253 249 249 97 96 96 96 104 56 252 252 252 253 253 253 255 255 255 255 255 255 255 255 255 255 255 255 255 255 255 253 255 255 255 255 255 255 255 255 255 237 237 237 237 236 236 236 236 236 236 228 228 196 196 196 228 0 4 0 4 0 44 172 172 172 236 236 236 76 64 0 0 0 0 0 0 0 0 0 0 0 0 0 0 8 45 111 111 111 111 111 111 110 110 108 108 108 108 108 108 108 108 108 108 108 108 108 236 236 236 204 204 204 8 8 8 8 8 9 9 9 25 57 125 125 125 255 255 255 255 255 255 255 255 255 255 255 255 255 255 255 255 255 255 255 255 255 255 255 255 255 255 229 229 229 64 0 0 0 0 0 0 8 8 8 9 25 153 189 189 253 253 228 100 100 96 96 0 0 0 0 0 0 0 0 0 0 0 0 0 0 0 128 8 9 255 255 255 255 255 255 255 255 255 255 255 255 255 255 255 255 255 255 239 8 8 8 8 136 136 136 136 200 200 200 216 200 200 200 192 192 192 192 192 0
24 25 89 249 249 249 253 249 97 96 96 96 104 120 252 252 252 253 253 253 255 255 255 255 255 255 255 255 255 255 255 255 255 255 255 255 255 255 255 255 255 255 255 255 255 237 237 237 237 236 236 236 236 236 236 228 228 196 212 196 196 4 8 4 0 4 44 172 172 172 236 236 236 76 64 0 0 0 0 8 0 0 32 0 64 0 0 0 0 8 45 111 111 111 111 111 111 110 110 108 108 108 108 108 108 108 108 108 108 108 108 108 236 236 236 204 204 204 8 8 8 8 8 9 9 9 25 57 125 125 125 255 255 255 255 255 255 255 255 255 255 255 255 255 255 255 223 255 255 255 255 255 255 255 254 255 255 229 229 229 64 0 0 0 0 0 0 8 8 8 9 25 153 189 181 253 253 228 100 100 96 96 0 0 0 0 0 0 0 0 0 0 0 0 0 0 0 0 8 9 255 255 255 255 255 255 255 255 255 247 255 255 255 255 255 255 255 255 239 8 8 8 8 136 136 136 136 216 200 200 200 200 200 200 192 192 192 192 192 0
24 25 89 249 249 249 249 253 97 96 96 96 104 120 252 252 252 253 253 253 255 255 255 251 254 255 255 255 255 255 255 255 127 255 255 255 255 255 255 255 255 255 191 255 255 236 237 237 237 236 236 172 236 236 236 228 228 196 196 196 228 0 4 0 4 0 44 172 172 172 236 236 236 76 64 0 0 0 0 0 0 0 0 0 0 128 0 0 0 24 45 111 111 111 111 111 111 110 110 108 108 108 108 108 108 108 108 108 108 108 108 108 236 236 236 204 204 204 8 8 24 8 8 9 9 137 25 57 125 125 125 255 255 255 255 255 255 255 255 255 255 255 255 255 255 255 255 255 255 255 255 255 255 255 255 255 255 229 229 229 64 0 0 0 0 64 0 136 8 8 9 25 153 181 189 253 253 228 100 100 96 96 0 0 0 0 0 0 0 0 0 0 0 0 0 0 0 0 8 9 255 255 255 255 255 255 255 255 255 255 255 255 255 255 255 255 255 255 239 8 8 8 8 136 136 136 136 200 200 200 200 200 232 200 192 192 192 192 192 0
24 25 89 249 249 249 249 249 97 96 96 96 104 120 252 252 252 253 253 253 255 255 255 255 255 255 255 255 255 255 255 255 255 253 255 127 255 255 255 255 255 255 255 255 255 237 237 237 237 236 236 236 236 236 236 228 228 196 196 196 196 4 0 4 0 4 44 172 172 172 236 236 236 76 64 0 0 0 0 0 0 0 0 0 16 0 0 0 0 8 45 111 111 111 111 111 111 110 110 108 108 108 108 108 108 108 108 108 108 108 108 108 236 236 236 204 204 204 8 8 8 8 8 9 9 9 153 57 125 121 125 255 255 255 255 255 255 255 255 255 255 255 255 255 255 255 255 255 255 255 255 255 255 255 255 255 255 229 229 229 64 0 0 0 0 0 0 8 8 8 9 25 145 153 189 253 253 228 100 100 96 96 0 0 0 0 0 0 0 0 0 0 0 0 0 0 0 0 8 9 255 255 255 255 255 255 255 255 255 255 255 255 255 255 255 255 255 255 239 8 8 8 8 136 136 136 136 200 200 232 200 200 200 200 192 192 192 192 192 0
24 25 89 249 249 249 249 249 97 96 96 96 104 120 252 252 252 253 253 253 255 255 255 255 255 255 255 255 255 255 255 255 127 255 255 255 255 255 253 255 255 127 255 255 255 237 237 237 237 236 236 236 236 236 236 228 228 196 196 196 196 0 4 0 4 0 44 172 172 172 236 236 236 76 64 0 0 0 0 0 64 0 0 0 0 0 0 0 0 8 45 111 111 111 111 111 111 110 110 108 108 108 108 108 108 108 108 108 108 108 108 108 236 236 236 204 204 204 8 8 8 8 8 9 9 9 25 185 121 125 125 255 255 255 255 255 253 255 255 255 255 255 255 255 255 255 255 255 255 255 255 255 255 255 255 255 255 229 229 229 64 0 0 0 0 0 0 8 8 8 9 17 25 153 189 253 253 228 100 100 96 96 0 0 0 0 0 0 0 0 2 0 0 0 0 0 0 0 8 9 254 255 255 255 255 255 255 255 255 223 255 255 255 255 255 255 255 247 239 8 8 8 8 136 136 136 136 200 200 200 200 200 200 232 192 192 192 192 192 0
24 25 89 249 249 249 249 249 97 96 96 96 104 120 252 252 252 253 253 253 255 255 255 255 255 255 239 255 255 255 255 255 255 255 255 255 255 255 255 255 255 255 255 255 255 236 237 237 237 236 236 236 236 228 236 228 228 196 196 196 196 4 0 4 0 4 44 172 172 172 236 236 236 76 64 0 0 0 0 0 0 0 0 0 8 0 0 0 0 8 45 111 111 111 111 111 111 46 110 108 108 110 108 108 108 108 108 108 108 108 108 108 236 236 236 204 204 236 8 8 8 8 8 9 9 9 25 57 249 125 125 255 255 255 255 255 255 255 255 255 255 255 255 255 255 255 255 255 255 255 255 255 255 255 255 255 255 229 229 229 64 0 0 0 16 0 0 8 8 8 1 9 25 153 189 253 253 228 100 100 96 96 0 0 0 0 0 0 0 0 0 0 0 0 0 0 0 0 8 8 254 255 255 255 255 255 255 255 255 255 255 255 255 255 255 255 255 255 239 8 8 8 10 136 136 136 136 200 200 200 200 200 200 200 192 192 192 192 192 0
24 25 89 249 249 249 249 249 97 96 96 96 104 120 252 252 252 253 253 253 255 255 255 255 255 255 255 255 255 255 255 255 255 255 255 255 255 253 255 255 255 255 255 255 255 237 237 237 237 236 236 236 236 236 228 228 228 196 196 196 196 0 4 0 4 0 44 172 172 172 236 236 236 76 64 128 0 0 0 0 0 0 0 0 0 0 0 0 0 8 45 111 111 111 111 111 111 46 110 108 108 108 108 108 108 108 108 108 108 108 108 108 236 236 236 204 204 204 8 8 8 8 8 9 9 9 25 57 121 253 125 255 255 255 255 255 255 255 255 255 255 255 255 255 255 255 255 255 255 255 255 255 255 239 255 255 255 229 229 229 64 0 0 0 0 0 0 8 8 0 8 9 25 153 189 253 253 228 100 100 96 96 0 0 0 0 0 0 0 0 0 0 0 0 0 0 0 0 8 8 255 255 255 255 255 255 255 255 255 255 223 255 247 255 255 255 255 255 239 8 8 8 136 136 136 136 136 200 200 200 200 200 200 200 192 192 192 192 192 0
24 25 89 249 249 249 249 249 97 96 96 96 104 120 252 252 252 253 253 253 255 255 255 127 255 255 255 255 255 255 255 255 255 255 255 255 255 255 255 255 255 255 255 255 255 237 237 237 237 236 236 108 236 236 228 228 228 196 196 196 196 4 0 4 0 4 44 172 172 172 236 236 236 76 64 0 0 0 0 0 0 0 0 0 0 0 0 0 0 8 45 111 111 111 111 111 111 110 110 108 108 108 108 108 108 108 108 108 108 108 108 108 236 236 236 204 204 204 8 8 8 8 8 9 9 9 25 57 121 125 253 255 255 255 255 255 255 255 255 255 255 223 255 255 255 255 255 255 223 255 255 255 255 255 255 255 255 229 229 229 64 0 0 0 0 0 0 8 0 8 8 9 25 153 189 253 253 228 100 100 96 96 0 0 0 0 16 0 128 0 0 0 0 0 0 0 0 0 8 8 255 255 191 255 255 255 255 255 255 255 255 255 255 255 255 255 255 255 239 8 8 8 136 136 136 136 136 200 200 200 200 200 200 200 192 192 192 192 192 0
24 25 89 249 249 249 249 249 97 96 96 96 104 120 252 252 252 253 253 125 255 255 255 255 255 255 255 255 255 255 255 255 255 255 255 255 255 255 255 255 255 255 255 255 255 237 237 237 237 236 236 236 236 236 228 228 228 196 196 196 196 0 4 0 4 0 44 172 172 172 236 236 236 76 64 0 0 0 0 8 0 0 0 0 0 0 0 0 0 8 45 111 111 111 110 111 111 110 110 108 108 108 108 108 108 108 108 108 108 108 108 110 236 236 236 204 204 204 8 8 8 8 8 9 9 9 25 57 121 125 253 255 255 255 127 255 255 255 255 255 255 255 255 255 255 255 255 255 255 255 223 255 255 255 247 255 255 245 229 229 64 0 0 0 0 0 0 0 8 8 9 9 25 153 189 253 253 228 100 100 96 96 0 0 0 0 0 0 0 0 0 0 0 0 0 0 0 0 8 8 255 255 255 255 255 255 255 255 255 255 255 255 255 255 255 255 255 255 239 8 8 8 136 136 136 136 136 200 200 200 200 200 200 200 192 192 192 192 192 0
24 25 89 249 249 249 249 249 97 96 96 96 106 120 252 252 252 253 253 253 255 255 255 255 255 255 255 255 255 255 255 255 255 255 255 255 255 255 255 255 255 255 255 255 255 237 237 237 237 236 236 236 236 236 228 228 228 196 196 196 196 4 0 4 0 4 44 172 172 172 236 236 236 76 64 0 0 0 4 0 0 0 0 0 0 0 0 0 0 8 45 111 111 111 111 111 111 110 110 108 108 108 108 108 108 108 108 108 108 108 108 236 236 236 236 204 204 204 8 8 8 8 8 9 9 9 25 57 121 125 253 255 255 255 255 255 255 255 255 255 255 255 255 255 255 255 255 255 255 254 255 255 255 255 255 255 255 255 229 229 64 0 0 0 0 0 0 0 8 8 9 9 25 153 189 253 189 228 100 100 96 96 0 0 0 0 0 0 4 0 128 0 0 0 0 0 0 0 8 10 255 255 255 255 255 255 255 255 127 255 255 255 255 255 255 255 255 255 239 8 24 8 136 136 136 136 136 200 200 200 200 200 200 200 200 192 192 192 192 0
24 25 89 249 249 249 249 249 97 96 96 96 120 122 252 252 252 253 253 253 255 254 255 255 255 255 255 255 255 255 255 255 255 255 253 255 255 255 255 255 255 255 127 255 253 237 237 237 237 236 236 236 236 236 228 228 228 196 196 196 196 0 4 0 4 0 44 172 172 172 236 236 236 76 64 0 0 0 0 0 0 0 0 0 0 0 0 0 0 8 45 111 111 111 111 111 103 110 110 108 108 108 108 108 108 108 108 108 108 108 108 236 236 236 236 236 204 204 8 8 8 8 8 9 9 9 25 57 121 125 253 255 255 255 223 255 255 255 255 255 251 255 255 255 255 253 255 255 255 255 255 255 255 255 255 255 255 255 229 229 64 0 0 0 0 0 0 0 8 8 9 9 25 153 189 189 228 164 100 100 96 96 0 0 0 0 0 0 0 0 0 0 0 0 0 0 0 0 8 247 255 255 255 255 255 255 255 255 255 255 255 255 255 255 255 255 255 255 239 8 8 8 136 136 136 136 136 200 200 200 200 200 200 200 200 192 192 192 192 128
24 25 89 249 249 249 249 249 97 96 96 96 120 252 254 252 252 253 253 253 255 255 255 255 255 255 255 254 255 255 223 255 255 255 255 255 255 255 255 255 255 255 255 255 255 229 237 237 237 236 236 236 236 236 228 228 228 196 196 196 196 4 0 4 0 4 44 172 172 172 236 236 236 76 64 0 0 0 4 4 0 0 0 0 0 0 0 0 0 8 45 111 111 111 111 111 111 110 110 108 108 108 108 108 108 108 108 108 108 108 108 236 236 236 236 236 204 204 8 8 8 8 8 9 9 9 25 57 121 125 253 255 255 255 255 255 255 255 255 255 255 255 255 255 255 255 255 255 255 255 255 255 255 255 255 255 255 255 229 229 64 64 0 0 0 0 0 0 136 8 9 9 25 153 189 164 164 100 36 100 96 96 0 0 0 0 0 0 0 0 0 0 0 0 0 0 0 0 0 8 255 255 255 255 255 255 255 255 255 255 255 255 255 255 255 255 255 255 239 8 8 8 136 136 136 136 152 200 200 200 200 200 200 200 200 192 192 192 192 0
24 25 89 249 249 249 249 249 97 96 96 96 120 252 252 254 252 253 253 253 255 255 255 255 255 255 255 255 255 255 255 255 255 255 255 255 255 255 255 255 255 255 255 255 247 237 237 237 237 236 236 236 236 236 228 228 228 196 196 196 196 0 4 0 4 0 44 172 172 172 236 236 236 92 64 0 0 32 0 0 0 0 0 0 0 0 0 0 0 8 45 111 110 111 111 111 111 110 110 108 108 108 108 108 108 108 108 108 108 108 110 236 236 236 236 236 204 204 8 8 8 8 8 9 9 9 25 57 121 127 253 239 255 255 255 255 255 255 255 255 247 255 255 255 255 191 255 255 255 255 255 255 255 255 255 255 255 255 229 229 64 64 0 0 0 0 0 0 8 8 9 9 25 153 164 164 36 100 100 36 98 96 0 0 0 0 128 0 0 0 0 0 0 0 0 128 0 0 0 8 255 255 255 255 255 255 255 255 255 255 255 255 255 255 255 255 255 255 239 8 8 8 136 136 136 136 136 200 200 200 200 200 200 204 200 192 192 192 192 0
24 25 89 249 249 249 249 249 97 96 96 96 120 252 252 124 254 253 253 253 255 255 255 255 255 255 255 255 255 255 255 255 255 255 255 255 255 255 255 255 255 255 255 255 255 237 237 237 237 236 236 236 236 236 228 100 228 196 196 196 196 4 0 4 0 4 44 172 172 172 236 236 236 236 64 0 0 0 0 1 0 0 0 0 0 0 0 0 0 8 45 111 111 111 111 111 111 110 110 108 108 108 108 108 108 108 108 108 108 108 236 236 236 236 236 236 204 204 8 8 8 8 8 9 9 9 25 57 121 253 255 255 255 255 255 255 255 255 255 255 255 255 255 255 255 255 255 255 255 127 255 255 255 255 255 255 255 255 229 229 66 64 0 0 0 0 0 0 8 8 9 9 25 128 128 36 36 36 100 96 32 96 0 0 0 0 0 0 0 0 0 0 0 0 0 8 0 0 0 8 255 255 255 255 255 255 255 255 255 255 255 255 255 127 255 255 255 255 239 8 8 8 136 136 136 136 136 200 200 200 200 200 200 200 200 192 192 192 192 0
24 25 89 249 249 249 249 249 97 96 96 96 120 252 252 252 253 255 253 253 255 255 255 255 255 255 255 255 255 251 255 255 255 255 255 255 255 255 255 255 127 255 255 255 255 237 237 237 237 236 236 236 236 236 228 228 100 196 196 196 196 0 4 0 4 0 44 172 172 172 236 236 236 236 72 0 0 0 0 0 0 0 0 0 0 0 0 0 0 8 45 111 111 111 111 111 111 110 110 108 108 108 108 108 108 108 108 108 108 108 236 236 236 236 228 236 204 204 8 8 8 8 8 9 9 9 25 57 121 253 255 255 255 255 255 255 255 255 255 255 255 255 255 255 255 255 255 255 255 255 255 255 255 255 255 255 255 255 229 229 64 64 0 0 0 0 0 0 8 8 9 9 0 0 0 32 36 36 36 96 96 32 0 0 0 0 0 0 4 0 0 0 0 0 0 0 0 0 0 8 255 255 255 255 255 255 255 255 255 255 255 255 255 255 255 255 255 255 239 8 8 8 136 136 136 136 136 200 200 200 200 200 200 200 200 192 192 192 192 0
24 25 89 249 249 249 249 249 97 96 96 96 120 252 252 252 253 253 255 252 255 255 255 255 255 255 255 255 255 255 255 255 255 255 255 255 255 255 255 255 255 255 255 255 255 237 237 237 237 236 236 236 236 236 228 228 228 68 196 196 196 4 0 4 0 4 44 172 172 172 236 236 236 236 72 0 0 0 0 0 0 0 0 0 0 0 0 0 0 8 45 110 111 111 111 111 111 110 110 108 108 108 108 108 108 108 108 108 108 108 236 236 236 236 236 236 204 204 8 8 8 8 8 9 9 9 25 57 121 253 255 255 255 255 255 255 255 255 255 255 255 255 255 255 255 255 255 255 255 255 255 255 255 255 255 255 255 255 229 229 64 64 0 0 0 8 0 0 8 8 9 0 0 0 0 0 34 36 32 32 96 0 0 0 0 0 0 0 0 1 128 0 0 0 0 0 0 0 0 8 255 255 255 255 253 255 255 255 255 255 255 255 255 255 255 251 255 255 239 8 8 8 136 136 136 136 136 200 200 200 200 200 200 200 200 192 192 192 192 0
24 25 89 249 249 249 249 249 97 96 96 96 120 252 252 252 253 253 253 255 255 255 255 255 255 255 255 255 255 255 255 255 255 255 255 255 255 255 255 255 255 255 255 255 255 237 237 237 237 236 236 236 236 236 228 228 228 196 68 196 196 0 4 0 4 0 44 172 172 172 236 236 236 236 72 0 0 0 0 4 0 0 0 0 0 0 0 0 0 8 44 111 111 111 111 111 111 110 110 108 108 108 108 108 108 108 108 108 108 108 236 236 236 236 236 236 204 204 8 8 8 8 8 9 9 9 25 57 121 253 255 255 255 255 255 255 255 255 255 255 255 255 255 255 255 255 255 255 255 255 255 255 255 255 255 255 255 255 229 229 64 64 0 0 0 0 0 0 8 8 0 0 0 0 0 0 4 32 32 32 32 0 0 0 0 0 0 0 0 0 0 0 0 0 0 0 0 128 0 8 255 255 255 255 255 255 255 255 255 255 255 255 255 255 255 253 255 255 239 8 8 8 136 136 136 136 136 200 200 200 200 200 200 200 200 192 192 192 192 0
24 25 89 249 249 249 249 249 97 96 96 96 120 252 252 252 253 253 253 255 223 255 255 255 255 255 255 255 255 255 255 255 255 255 255 255 255 255 255 255 255 255 255 255 255 237 237 237 237 236 236 236 236 236 228 228 228 196 196 68 196 4 0 4 0 4 44 172 172 188 236 236 236 236 72 0 0 0 0 0 0 0 0 0 0 0 16 0 0 8 44 111 111 111 111 111 111 110 110 108 108 108 108 108 108 108 108 108 108 108 236 236 236 236 236 236 204 204 8 8 8 8 8 9 9 9 25 57 121 253 255 255 255 255 255 255 255 255 255 255 255 255 191 255 255 255 255 255 255 254 255 255 255 255 255 255 255 255 229 229 64 64 0 0 0 0 0 0 8 0 0 0 0 0 0 64 0 0 32 32 0 0 0 0 0 0 0 8 0 0 0 1 0 0 0 0 0 0 0 8 255 255 255 255 255 255 255 255 255 255 255 255 255 255 255 255 255 255 239 8 8 8 136 136 136 136 136 200 200 200 200 200 200 200 200 192 192 192 192 0
24 25 89 249 249 249 249 249 97 96 96 96 120 252 252 252 253 253 253 255 255 255 255 255 255 255 255 255 255 255 255 255 255 255 255 255 255 255 255 255 255 255 255 255 255 237 237 237 237 236 108 236 236 236 228 228 228 196 196 196 68 0 6 0 4 0 44 172 172 172 236 236 236 236 72 0 0 0 0 0 0 0 0 0 0 0 0 8 0 8 44 111 111 111 111 111 111 110 110 108 108 108 108 108 108 108 108 108 108 108 236 236 236 236 236 236 204 204 8 8 8 8 8 9 9 9 25 57 121 253 255 255 255 255 255 255 255 255 255 255 247 255 255 254 255 255 255 255 255 255 255 255 255 255 255 255 255 255 229 229 64 64 1 0 0 0 0 0 0 0 0 0 0 0 0 0 0 0 0 0 0 4 0 0 0 0 0 0 0 0 0 32 0 0 0 0 0 0 0 8 255 255 255 255 255 255 255 255 255 255 255 255 255 255 255 255 255 255 239 8 8 8 136 136 136 136 136 200 200 200 200 200 200 200 200 192 192 192 192 0
24 25 89 249 249 249 249 249 97 96 96 96 120 252 252 252 253 253 253 255 255 255 255 255 255 255 255 255 255 255 255 255 255 255 255 255 255 255 255 255 255 255 255 255 255 237 237 237 237 236 172 236 236 236 228 228 228 196 196 196 68 4 0 4 0 4 44 172 172 172 236 236 236 236 72 0 0 0 0 0 0 0 0 0 0 0 0 0 10 8 44 111 111 111 111 111 111 110 110 108 108 108 108 108 108 108 108 108 108 108 236 236 236 236 228 236 204 204 8 8 8 8 8 9 11 9 25 57 121 253 255 255 255 251 255 255 255 255 255 255 255 255 255 255 255 255 255 255 255 255 255 255 255 255 255 255 255 255 229 229 64 64 0 0 0 0 0 0 0 0 4 0 0 0 0 0 0 0 0 0 0 0 0 0 0 0 0 0 0 0 0 0 0 0 0 0 0 0 0 24 255 255 255 255 255 255 255 255 255 255 255 255 255 255 255 255 255 255 239 8 8 8 136 136 136 136 136 200 200 200 200 200 200 200 200 192 192 192 192 0
24 25 89 249 249 249 249 249 97 96 96 96 124 252 252 252 253 253 253 255 255 255 255 255 255 255 255 255 255 255 255 255 255 255 255 255 255 255 255 255 255 255 255 255 255 237 237 237 237 236 236 236 236 236 228 228 228 196 196 196 68 0 4 0 4 0 44 172 172 172 236 236 252 236 8 0 0 0 0 0 0 2 0 0 0 0 0 0 8 8 44 111 111 111 111 111 111 110 110 108 108 108 108 108 108 108 108 108 108 108 236 236 236 236 236 236 204 204 8 8 8 8 8 9 9 9 25 57 121 253 255 255 255 255 255 255 255 255 251 251 255 255 255 255 255 255 255 255 253 255 255 255 255 255 255 255 255 255 229 229 64 64 0 0 0 0 0 0 0 0 0 0 16 0 0 0 0 0 0 0 0 0 0 0 0 0 0 0 0 0 0 0 0 0 0 0 0 0 0 24 255 255 255 255 255 255 255 255 255 251 253 255 255 255 255 255 255 255 239 8 8 8 136 136 136 136 136 200 200 200 200 200 200 200 200 196 192 192 192 0
24 25 89 249 249 249 249 249 97 96 96 96 124 252 252 252 253 253 253 255 255 255 255 255 255 255 255 255 255 255 255 255 255 255 255 255 247 255 255 255 255 255 255 255 255 109 237 237 237 236 236 236 236 236 228 228 228 196 196 196 68 4 0 4 1 4 44 172 172 172 236 236 236 236 0 0 0 0 8 0 0 0 0 0 0 0 0 0 8 8 44 111 111 111 111 111 111 110 110 108 108 108 108 108 108 108 108 108 108 108 236 236 236 236 236 236 204 204 8 8 8 8 8 9 9 9 25 57 121 253 253 255 255 255 255 255 255 255 255 255 255 255 255 255 255 255 255 255 255 255 255 255 255 255 255 255 255 255 229 229 64 64 0 0 0 0 0 0 0 0 0 0 0 0 0 0 0 0 0 0 0 0 0 16 0 0 0 0 0 0 0 0 0 0 0 0 0 0 0 24 255 255 255 255 255 255 255 255 255 255 247 255 255 255 255 255 255 255 175 8 8 8 136 136 136 136 136 200 200 200 200 200 200 200 200 192 192 192 192 0
24 25 89 249 249 217 249 249 97 96 96 96 124 252 252 252 253 253 253 255 255 255 255 255 255 255 255 255 254 255 255 255 255 255 255 255 255 255 255 255 255 255 255 255 255 237 237 237 229 236 236 236 236 236 228 228 228 196 196 196 68 0 4 0 4 0 44 172 172 172 236 236 236 236 0 0 0 0 0 0 0 0 0 0 0 0 0 0 8 8 44 111 111 111 111 111 111 110 110 108 108 108 108 108 108 108 108 108 108 108 236 236 236 236 236 236 204 204 8 8 8 8 8 9 9 9 25 57 121 253 253 255 255 255 255 255 255 255 247 255 255 255 255 255 255 255 255 255 255 255 255 255 255 255 255 255 255 255 229 229 64 64 0 0 0 0 0 0 0 0 0 0 0 0 0 0 4 0 0 0 0 0 0 0 0 0 0 1 0 0 4 0 2 32 0 0 0 0 0 24 255 255 255 255 255 255 255 255 255 255 255 255 253 255 255 255 255 255 8 8 8 8 136 136 136 136 136 200 200 200 200 200 200 200 200 192 192 192 192 0
24 25 89 249 249 249 249 249 97 96 96 96 124 252 252 252 253 253 253 255 255 255 255 255 255 255 255 255 255 255 255 251 255 255 255 255 255 255 255 255 255 255 255 255 255 237 237 237 237 236 236 236 236 236 228 228 228 196 196 196 68 4 0 4 0 4 44 172 172 172 236 108 236 236 0 0 0 0 0 0 0 0 0 0 0 0 0 0 8 8 44 111 111 111 111 111 111 110 110 108 108 108 108 108 108 108 108 108 108 108 236 236 236 236 236 252 204 204 8 8 8 8 8 9 137 9 25 57 121 253 221 255 255 255 255 255 255 255 255 255 255 255 255 255 255 255 255 255 255 255 255 254 255 255 254 255 255 255 229 229 64 64 0 0 0 0 0 0 0 0 0 0 0 0 0 0 0 0 0 0 0 0 0 0 0 0 0 0 0 128 0 0 32 0 0 0 0 0 0 24 255 255 255 255 255 255 255 255 255 255 255 255 255 255 191 255 255 255 8 8 8 8 136 136 136 136 136 200 200 200 200 200 200 200 200 192 192 192 192 0
24 25 89 249 249 249 249 249 97 96 96 96 124 252 252 252 253 253 253 255 255 255 255 255 255 255 251 255 255 255 255 239 255 255 255 255 255 255 255 255 255 255 255 255 255 237 237 233 237 236 236 236 236 236 228 228 228 196 196 196 68 0 4 0 4 0 44 172 172 172 236 236 236 236 0 0 0 0 0 0 0 0 0 0 0 0 0 0 8 8 44 47 111 111 111 111 111 110 110 108 108 108 108 108 108 108 108 108 108 108 236 236 236 236 236 236 204 204 8 8 8 8 8 9 9 9 25 57 121 253 253 255 255 255 255 255 255 255 255 255 255 255 255 255 255 255 255 255 255 255 255 255 255 255 255 255 255 255 229 229 64 64 0 0 0 128 0 0 0 0 0 0 0 0 0 0 0 0 0 0 0 0 0 0 0 0 0 0 0 0 0 0 0 0 0 0 0 0 0 24 255 255 255 255 251 255 255 255 255 255 255 255 255 255 255 255 255 251 8 8 8 8 136 136 136 136 136 200 200 200 200 200 200 200 200 192 192 192 192 0
24 25 89 249 249 249 249 249 97 96 96 96 124 252 252 252 253 253 252 255 255 255 255 255 255 255 255 239 255 255 255 255 255 255 255 255 255 255 255 255 255 255 255 255 255 237 237 237 237 236 236 236 236 236 228 228 228 196 196 196 68 4 0 4 0 4 44 172 172 44 236 236 236 236 0 0 0 0 0 0 0 0 0 4 0 0 0 0 8 8 44 111 111 111 111 111 111 110 110 108 108 108 108 108 108 108 108 108 108 108 236 236 236 236 236 236 204 204 8 8 8 8 8 9 9 9 25 57 121 253 253 255 255 255 255 255 255 255 255 255 255 255 255 255 255 255 255 255 255 255 255 255 255 255 255 255 255 255 229 229 64 64 0 0 0 0 0 0 0 0 0 0 0 0 0 0 0 0 0 0 0 0 0 0 0 0 0 0 0 0 0 0 0 0 0 128 0 0 0 24 255 255 255 255 255 255 255 255 255 255 255 255 255 255 255 255 255 255 8 8 8 8 136 136 136 136 136 200 200 200 232 200 200 200 200 192 192 192 192 0
24 25 89 249 249 249 249 249 97 96 96 96 124 252 252 252 253 253 253 255 255 255 255 255 255 255 255 255 239 255 255 255 255 255 255 255 255 255 255 255 255 255 255 223 239 229 237 237 237 236 236 236 236 236 228 228 228 196 196 196 68 0 4 2 4 0 44 172 44 172 236 236 236 236 1 128 0 0 0 0 0 0 0 0 0 0 0 0 12 8 44 111 111 111 111 111 111 110 110 108 108 108 108 108 108 108 108 108 108 108 236 236 236 236 236 236 204 204 8 8 8 8 8 9 9 9 25 57 121 253 253 255 255 255 255 255 255 255 223 255 255 255 127 255 255 255 255 255 255 255 255 255 127 255 255 255 255 255 229 229 64 72 0 0 16 0 0 0 16 64 0 0 0 0 0 0 0 1 0 0 0 0 0 0 0 0 0 0 0 0 0 0 0 0 0 0 0 0 0 24 255 255 255 255 254 255 255 255 255 239 255 255 255 255 255 255 255 191 8 8 8 8 136 136 136 136 136 200 200 200 200 200 200 200 200 192 192 192 192 0
24 25 89 249 249 249 249 249 97 96 96 96 126 252 252 252 253 253 253 255 251 255 255 255 255 255 255 255 255 255 255 255 255 255 255 255 255 255 255 255 255 255 255 255 239 237 237 237 237 236 236 172 236 236 228 228 228 196 196 196 68 4 64 4 0 4 44 44 172 172 236 236 236 236 128 0 0 8 0 0 0 0 0 0 0 0 0 0 8 12 44 111 111 111 111 111 111 110 110 108 44 108 108 108 108 108 108 108 108 108 236 108 236 108 236 236 204 204 8 8 8 8 8 9 41 25 25 57 121 253 253 255 255 255 255 255 255 255 255 255 255 255 255 255 255 255 255 239 255 255 255 255 255 255 255 255 255 255 229 229 68 64 0 0 0 0 0 0 0 0 4 0 0 0 0 0 0 0 0 16 0 0 0 0 0 0 0 0 16 0 0 0 0 0 0 0 0 0 0 24 251 255 255 255 255 255 255 255 255 255 255 255 255 255 255 255 255 72 8 8 8 8 136 136 136 136 136 200 200 200 200 200 200 200 136 192 192 192 192 0
24 25 89 249 249 249 249 249 97 96 96 96 252 254 252 252 253 253 253 255 255 255 239 255 255 255 255 255 255 255 255 255 255 127 255 255 255 255 255 255 255 255 255 255 239 237 237 237 237 236 236 236 236 236 228 228 228 196 196 196 68 64 4 0 4 0 44 44 172 172 236 236 236 236 0 0 0 0 0 0 0 0 0 0 0 0 0 0 8 12 44 111 111 110 111 111 111 110 110 108 108 108 108 108 100 108 124 108 108 108 108 236 108 236 108 236 204 204 8 8 8 8 8 9 9 57 25 57 121 253 253 255 255 255 223 255 255 255 255 255 255 255 255 255 255 255 255 255 255 255 255 255 255 255 255 255 255 255 229 229 70 64 0 0 0 0 0 0 0 0 0 0 0 0 0 0 0 0 0 0 0 0 0 64 0 0 0 0 0 0 0 0 0 0 0 0 0 0 0 24 255 255 255 253 255 255 255 255 255 255 255 223 255 255 255 255 255 72 8 8 8 8 136 136 136 136 140 200 200 200 200 200 200 200 192 128 192 192 192 0
24 25 89 249 249 249 249 249 97 96 96 96 252 252 254 252 253 253 253 255 255 255 255 255 255 255 255 255 255 255 255 255 255 255 255 255 255 255 255 255 255 255 255 255 239 237 237 237 237 236 236 236 236 236 228 228 228 196 196 196 68 68 0 4 0 4 44 44 172 172 236 236 236 236 0 0 0 0 0 0 0 0 0 128 0 0 0 0 8 12 44 111 111 111 111 111 111 110 110 108 108 108 108 108 108 108 108 108 108 108 108 108 236 108 236 236 204 204 8 8 8 8 8 9 9 25 57 57 121 253 253 255 255 255 255 255 254 255 255 255 255 255 255 255 255 255 255 255 255 255 255 255 255 255 255 255 255 255 101 229 68 64 0 0 0 0 0 0 0 0 0 0 0 0 0 0 0 0 0 0 0 0 0 0 16 0 0 0 0 0 0 0 0 0 0 0 0 16 0 24 255 255 255 255 255 255 255 255 255 255 255 255 255 255 255 255 255 72 8 8 8 8 136 136 136 136 136 200 200 200 200 200 200 200 192 192 128 192 192 0
24 25 89 249 249 249 249 249 97 96 96 96 252 252 252 254 253 253 253 255 255 255 255 255 255 127 255 255 255 255 255 255 255 255 255 255 255 255 255 255 255 255 255 255 239 237 237 237 237 236 236 236 236 236 228 228 228 196 196 196 68 68 4 0 4 0 44 44 172 172 236 236 236 236 0 0 0 0 0 0 0 0 0 0 0 0 0 0 8 12 44 111 111 111 111 111 111 110 110 108 108 108 108 108 108 108 108 108 108 44 108 108 108 236 236 236 204 204 8 8 8 8 8 9 9 25 57 57 121 253 253 255 255 255 255 255 255 255 251 255 255 255 255 255 255 255 255 255 255 255 255 255 255 127 255 255 255 255 229 101 68 64 0 0 128 0 0 0 0 0 0 0 0 0 0 0 0 0 4 0 0 0 0 0 0 0 0 0 0 0 0 0 0 0 0 0 0 0 24 24 255 255 255 255 255 255 255 255 255 255 255 255 255 255 255 255 255 72 8 8 40 8 136 136 136 136 136 200 200 200 200 200 200 200 192 192 192 128 192 0
24 25 89 249 249 249 249 249 97 96 96 96 252 252 252 253 255 253 253 255 255 255 191 255 255 255 255 255 255 255 255 255 255 255 255 255 127 255 255 239 255 255 255 255 239 237 237 237 237 236 236 236 236 236 228 228 228 196 196 196 68 68 0 4 0 4 44 44 172 172 236 236 236 236 0 0 0 0 0 0 0 0 0 0 1 8 32 0 8 12 44 111 111 111 111 111 111 110 110 108 108 108 108 108 108 108 108 108 108 108 108 108 108 236 108 236 204 204 10 8 8 8 8 9 9 25 57 57 121 253 253 255 255 255 255 255 255 255 255 255 255 255 255 255 255 255 255 255 255 255 255 255 255 255 255 255 255 255 229 101 68 64 0 0 0 0 0 0 0 0 0 0 0 0 0 0 0 0 0 0 1 0 0 0 0 0 0 0 0 0 0 0 64 0 0 0 0 0 24 24 255 255 255 255 255 255 255 255 255 255 255 255 255 255 255 255 255 72 8 8 8 8 136 136 136 136 136 200 200 200 200 200 200 200 192 192 192 192 128 0
24 25 89 249 249 185 249 249 97 96 96 96 252 252 252 253 253 255 253 255 255 255 255 255 255 255 255 255 255 255 255 239 255 255 255 255 255 255 255 255 255 255 255 255 239 237 237 109 237 236 236 236 236 236 228 228 228 196 196 196 68 68 4 0 4 0 44 44 172 172 236 236 236 236 0 0 0 0 0 0 0 0 0 0 0 0 0 0 8 12 44 111 111 111 111 111 111 110 110 108 108 108 108 108 108 108 108 108 108 108 110 108 108 108 236 236 204 204 8 8 8 8 8 9 9 25 57 57 121 253 253 255 255 255 255 255 255 255 255 255 255 255 255 255 255 255 255 255 255 255 255 255 255 255 255 255 255 255 229 101 68 64 0 0 0 0 0 0 0 0 8 0 0 0 0 0 0 0 0 0 0 0 0 0 0 0 0 0 0 0 0 0 0 0 0 0 0 0 24 24 255 255 255 255 255 255 255 255 255 255 255 255 255 255 255 255 255 8 8 8 8 12 136 136 136 136 136 200 200 200 200 200 200 200 224 192 192 192 0 0
24 25 89 249 249 249 249 249 97 96 96 96 252 252 252 189 253 253 255 127 255 255 251 255 255 255 251 255 255 255 255 255 255 255 255 255 255 255 255 255 255 253 255 255 239 237 237 237 237 236 236 172 236 236 228 228 228 196 196 196 68 68 0 4 0 4 44 44 172 172 236 236 236 236 0 0 0 2 0 0 0 0 0 0 128 0 0 0 8 12 44 111 111 111 111 111 111 110 110 108 108 108 108 108 108 108 108 108 108 108 108 108 108 108 236 236 204 204 8 40 8 8 8 9 9 25 57 57 121 253 253 255 255 255 255 255 255 255 253 255 255 255 191 255 255 127 255 255 255 255 255 255 255 255 255 254 255 255 229 101 68 64 0 0 32 0 0 0 0 0 0 8 0 0 0 0 0 0 0 0 0 2 0 0 0 0 0 0 0 0 0 0 0 0 0 0 0 16 24 24 255 255 255 255 255 255 255 255 255 255 255 255 255 255 255 255 255 8 8 8 8 8 136 136 136 136 136 232 200 200 200 200 200 200 192 192 192 192 0 0
24 25 89 249 249 249 249 249 97 96 96 96 252 252 252 253 253 253 255 255 255 255 255 255 255 255 255 255 255 253 255 255 255 255 255 255 255 255 255 255 255 255 255 255 239 237 237 237 237 236 236 236 236 236 228 228 228 196 196 196 68 68 4 128 4 8 44 44 172 172 236 236 236 236 0 0 0 0 0 0 0 0 0 0 0 0 0 0 8 12 44 111 111 111 111 111 111 110 110 108 108 108 108 108 108 108 108 108 108 108 108 108 108 108 236 236 140 204 8 8 8 8 8 9 9 25 57 57 121 253 253 255 255 255 255 255 127 255 255 255 255 255 255 255 255 255 255 255 255 255 255 255 247 255 255 255 255 255 229 101 68 96 0 0 0 0 0 0 0 0 0 0 0 0 0 0 0 0 0 0 0 0 0 0 0 0 0 0 0 0 0 0 0 0 0 0 0 0 24 24 255 255 255 255 255 255 255 255 255 255 255 255 255 255 255 255 255 8 8 8 8 8 136 136 136 136 136 200 200 200 200 200 200 200 192 192 192 192 0 0
24 25 89 249 249 249 121 249 97 96 104 96 252 252 252 253 253 253 255 255 223 255 255 255 254 255 255 255 255 255 255 255 255 255 255 255 251 255 255 255 255 255 255 255 239 237 237 237 237 236 236 236 236 236 228 228 228 196 196 196 68 68 0 4 0 12 44 44 172 172 236 236 228 236 0 0 0 0 0 0 0 0 0 0 0 0 0 0 8 12 44 111 111 111 111 103 111 110 110 108 100 108 108 108 108 108 108 108 108 108 108 108 108 108 236 236 204 140 8 8 8 9 8 9 9 25 57 25 121 253 253 255 255 255 255 255 255 255 253 255 255 255 255 255 255 255 255 255 255 255 255 255 255 255 255 255 255 127 229 101 100 64 0 0 0 0 0 0 0 0 0 0 0 0 0 0 0 0 0 0 0 0 64 0 0 0 0 0 0 0 0 0 0 0 0 0 0 0 24 24 255 255 255 255 255 255 255 255 255 255 255 255 255 255 255 255 255 8 8 8 8 8 136 136 136 136 136 200 200 200 200 200 200 200 192 192 192 192 0 0
24 25 89 249 249 249 249 121 97 96 96 104 252 252 252 253 253 245 255 255 255 255 255 255 255 253 255 255 223 255 255 255 255 255 255 255 255 255 255 255 255 255 255 255 239 237 237 237 237 236 236 236 236 236 228 228 228 196 196 196 68 68 4 0 4 12 44 44 172 172 236 236 236 228 0 0 0 0 0 0 0 0 0 0 0 0 0 0 8 12 44 107 111 111 111 111 111 110 110 108 100 108 108 108 108 108 108 108 108 108 108 108 108 108 236 236 204 8 8 8 8 8 9 9 9 25 25 57 121 253 245 255 255 255 255 255 255 255 255 255 247 255 255 255 255 255 255 255 254 255 255 255 255 255 255 255 255 255 101 101 100 64 0 0 0 0 0 0 0 0 0 0 0 0 0 0 0 0 0 0 0 0 0 0 0 0 0 0 0 0 0 0 32 0 0 0 0 0 24 24 255 255 255 255 255 255 255 255 255 255 255 255 255 255 255 255 255 8 8 8 8 8 136 136 136 136 136 200 200 200 200 200 200 200 192 192 192 192 0 0
24 25 89 249 249 249 249 249 97 96 96 104 252 252 252 253 253 253 255 255 255 255 255 255 255 255 255 255 255 255 255 254 255 255 255 255 255 255 255 255 255 255 255 255 239 237 237 237 237 236 236 236 236 236 228 244 228 196 196 196 68 68 0 4 0 12 44 44 172 172 236 236 236 228 0 0 0 0 0 0 0 0 0 0 0 0 0 0 24 12 40 111 111 111 111 111 111 110 110 108 108 108 108 108 100 108 108 108 108 108 108 108 108 108 236 236 204 8 8 8 8 8 9 9 9 25 25 57 121 253 253 255 255 255 255 255 255 255 255 255 255 255 255 255 255 255 255 255 223 255 255 255 255 255 255 255 255 255 101 101 100 66 0 0 0 0 0 0 0 0 0 0 0 0 0 0 0 0 0 0 0 0 0 0 0 0 0 0 0 0 0 0 0 0 0 0 0 0 24 24 255 255 255 247 255 255 255 255 255 255 255 255 255 255 255 255 255 8 8 8 8 8 136 136 136 136 136 200 200 200 200 200 200 200 192 192 192 192 0 0
24 25 89 249 249 249 249 249 97 96 96 104 252 252 252 253 249 253 255 255 255 255 255 255 255 255 255 255 255 255 255 255 255 251 255 255 255 255 255 255 255 255 255 255 239 237 237 237 237 236 236 236 236 236 228 228 228 196 196 196 68 68 4 0 4 12 44 44 172 172 236 236 236 228 0 0 0 0 0 2 0 0 0 0 0 0 0 0 8 8 44 111 111 111 111 111 111 110 110 108 108 108 108 108 108 108 108 108 108 44 108 108 108 108 236 236 204 8 8 8 8 8 25 9 9 25 25 57 121 253 253 255 255 255 255 255 255 255 255 255 255 255 255 255 255 255 255 255 255 255 255 255 255 255 255 255 255 255 101 101 100 64 0 0 0 0 0 0 0 0 0 64 0 0 0 0 0 0 16 32 0 0 0 0 0 0 64 0 0 0 0 0 0 0 0 0 0 0 24 24 255 255 255 255 255 255 255 255 255 255 255 255 255 255 255 255 255 8 10 8 8 8 136 136 136 136 136 200 200 200 200 200 200 200 192 192 192 192 0 0
24 25 89 249 249 249 217 249 97 96 96 104 252 252 252 253 253 252 255 255 191 255 255 255 255 253 255 255 255 223 255 255 255 255 255 255 255 255 255 255 255 255 255 255 239 237 237 237 237 236 236 252 236 236 228 228 228 196 196 196 68 68 0 4 0 12 44 44 172 172 236 236 236 228 64 0 0 4 0 0 8 0 64 0 0 0 0 0 8 8 44 111 111 111 111 111 111 110 110 108 108 108 44 108 108 108 108 108 108 108 108 108 108 108 236 236 204 8 8 8 8 8 9 9 9 25 25 57 121 253 253 251 255 255 255 255 255 255 255 255 255 255 255 255 255 255 255 247 255 255 255 255 255 255 255 255 255 255 101 101 100 192 0 0 0 0 0 0 0 0 0 0 0 0 0 0 0 32 0 0 0 1 0 0 0 0 0 0 0 0 0 0 0 0 64 0 0 0 24 24 255 255 255 255 255 255 255 255 255 255 255 255 255 255 255 255 255 10 8 8 8 8 136 136 136 136 136 200 200 200 200 200 200 200 192 192 192 192 0 0
24 25 89 249 249 249 249 249 97 96 96 104 252 252 252 253 253 253 255 255 255 255 255 255 255 255 255 255 255 255 255 255 255 255 255 255 255 255 255 255 255 255 255 255 239 237 237 237 237 236 236 108 236 236 228 228 228 196 196 196 68 68 4 0 4 12 44 44 172 172 236 236 236 228 64 0 0 0 0 0 0 0 0 0 0 0 0 0 8 8 44 111 111 111 111 111 111 110 110 108 108 108 108 108 108 108 108 108 108 108 108 108 108 108 236 236 204 8 8 8 8 8 9 9 9 25 25 57 121 253 253 255 255 255 255 255 255 255 255 255 255 255 255 255 255 255 255 191 254 255 255 255 255 255 255 255 254 223 101 101 100 64 0 0 0 0 0 0 0 0 0 0 0 0 0 0 0 0 0 0 0 0 0 0 0 0 0 0 0 0 0 0 0 0 0 0 0 0 24 24 255 255 255 255 255 255 255 251 255 255 255 255 255 255 255 255 255 8 8 8 8 8 136 136 136 136 136 200 200 200 200 200 200 200 192 192 192 192 0 0
24 25 89 249 217 249 249 249 97 96 96 104 252 252 252 253 253 253 255 255 255 255 255 255 255 255 255 255 255 255 255 255 255 255 255 255 255 255 255 255 255 255 255 255 239 237 237 233 237 236 236 236 236 236 228 228 228 196 196 196 68 68 0 4 0 12 44 44 172 172 236 252 236 228 64 0 0 0 0 0 0 0 0 0 0 0 0 0 8 8 44 111 111 111 111 111 111 110 110 108 108 108 108 108 108 108 108 108 108 108 108 108 108 108 236 236 204 8 8 8 8 8 11 9 9 25 25 57 121 253 253 255 255 255 255 255 255 255 255 255 255 247 255 255 255 255 255 254 255 255 255 255 255 255 255 255 255 255 69 101 100 64 0 0 0 0 0 0 0 0 0 0 0 0 0 0 0 0 0 0 0 0 0 0 0 0 0 0 0 0 0 0 0 0 0 1 0 0 24 24 255 255 255 255 255 255 255 255 191 255 255 255 255 255 255 255 255 12 8 8 8 8 136 136 136 136 136 200 200 200 200 200 200 200 192 192 192 192 0 0
24 25 89 217 249 249 249 249 97 96 96 104 252 252 252 253 249 253 191 255 255 255 255 253 255 255 255 255 255 255 255 255 255 255 255 255 255 255 255 255 127 255 255 255 239 237 237 237 237 236 236 236 236 236 228 228 228 196 196 196 68 68 4 0 4 12 44 44 172 172 236 252 236 228 64 0 0 0 0 0 0 0 0 0 0 0 0 0 8 8 44 111 111 111 111 111 111 110 110 108 108 108 108 100 108 108 108 108 108 108 108 108 108 108 236 236 204 8 8 136 8 8 9 9 9 25 25 57 121 253 253 255 255 255 255 253 255 255 255 255 255 255 255 255 191 255 255 255 255 255 255 255 255 255 255 255 255 255 101 69 100 64 0 0 0 0 0 0 0 0 0 0 0 0 0 0 0 0 0 0 0 0 0 0 0 0 0 0 0 0 0 0 0 0 0 0 0 0 24 24 255 255 255 255 255 255 255 255 255 255 255 255 255 255 255 255 255 8 8 8 8 8 136 136 136 136 136 200 200 200 200 200 200 200 208 192 192 192 0 0
24 25 89 217 249 249 249 249 97 96 96 104 252 252 252 253 253 253 255 255 255 255 255 239 255 255 255 255 255 255 255 255 255 255 255 255 255 255 253 255 255 255 255 255 239 237 237 237 237 236 236 236 236 236 228 228 228 196 196 196 68 68 0 4 0 12 44 44 172 172 236 236 236 228 64 0 0 0 0 0 0 0 4 0 0 0 128 0 8 8 44 111 111 111 111 111 111 110 110 108 108 100 108 108 108 108 108 108 108 108 108 108 108 108 228 236 204 8 8 8 8 8 9 9 9 25 25 57 121 253 253 251 255 255 255 255 255 255 255 255 255 255 255 255 255 251 255 255 255 255 255 255 251 255 255 255 255 255 101 101 68 64 0 0 0 0 0 0 0 0 0 0 0 0 0 0 0 0 0 0 0 0 0 0 1 0 0 0 0 0 0 0 0 0 0 0 0 0 24 24 255 255 255 255 255 239 255 255 255 255 255 255 255 255 255 255 255 8 8 8 8 8 136 136 136 136 136 200 200 200 200 200 200 200 200 192 192 192 0 0
24 25 89 217 249 249 249 249 97 96 96 104 252 252 252 253 253 253 255 255 255 255 255 255 127 255 255 255 255 255 255 255 255 239 127 255 255 255 255 255 255 255 255 255 239 237 237 237 237 236 228 236 236 236 228 228 228 196 196 196 68 68 4 0 4 12 44 44 172 172 236 236 236 228 64 0 0 128 0 0 0 0 0 0 0 0 0 0 8 8 44 111 111 111 111 111 111 110 110 108 108 108 108 108 108 108 108 108 108 108 108 108 108 108 108 236 204 8 8 8 8 8 9 9 9 25 25 57 121 253 253 255 255 255 255 255 255 255 255 255 255 255 255 255 255 255 255 255 255 255 255 255 255 255 255 255 251 255 101 101 68 64 0 0 0 0 0 0 0 0 0 0 0 0 0 0 0 0 0 0 0 0 0 0 0 0 0 0 0 0 0 0 0 0 0 0 0 0 24 24 254 255 255 255 255 255 255 255 255 255 255 255 255 255 255 255 255 8 8 8 8 8 136 136 136 136 136 200 200 200 200 204 200 200 200 192 192 192 32 0
24 25 89 217 249 249 249 249 97 96 96 104 252 252 252 221 253 253 255 255 255 255 255 255 255 255 255 255 255 255 255 255 255 255 255 255 255 255 255 255 255 255 255 255 239 237 237 237 237 236 236 236 236 236 228 228 228 196 196 196 68 68 0 4 0 12 44 44 172 172 236 236 236 228 64 0 0 0 0 0 0 32 0 0 0 0 0 0 8 8 44 111 110 111 111 111 111 110 110 108 108 108 108 108 108 108 108 108 108 108 108 108 108 108 108 236 204 8 8 8 8 8 9 9 9 25 25 57 121 253 253 255 255 255 255 255 255 255 255 255 255 255 255 255 255 255 255 255 255 255 254 255 255 255 255 255 255 255 101 101 68 64 0 0 0 0 0 0 0 0 0 0 0 1 0 0 0 0 0 0 0 0 0 1 0 0 0 0 0 0 0 0 0 0 0 0 0 0 24 24 255 255 255 255 255 255 255 255 255 247 255 255 255 191 255 255 255 8 8 8 8 10 136 136 136 136 137 200 200 200 200 200 200 200 200 192 192 192 0 0
24 25 89 217 185 249 249 249 97 96 96 104 252 252 252 253 253 253 255 255 255 255 255 255 255 255 255 255 255 255 255 255 255 255 255 255 255 255 255 255 255 255 255 255 239 237 237 237 237 236 236 236 236 236 228 228 228 196 196 196 68 68 4 0 4 12 44 44 172 172 236 236 236 228 64 0 0 0 0 0 0 0 0 0 0 0 0 0 8 8 44 110 111 111 111 111 111 110 110 108 108 108 108 108 108 108 108 108 108 108 108 108 108 108 108 236 204 8 8 8 8 8 9 9 9 25 25 57 121 253 253 255 255 255 255 255 255 255 255 255 255 255 255 255 255 255 255 255 255 255 255 255 255 255 255 255 239 255 101 101 68 64 16 0 0 0 0 0 64 0 32 0 0 0 0 0 0 0 0 0 0 0 0 0 0 0 0 0 0 1 0 0 0 0 0 0 0 0 24 24 255 255 255 255 255 255 255 255 255 247 255 255 255 191 255 255 255 8 8 8 8 136 136 136 136 136 136 200 200 200 200 200 200 200 200 192 192 192 128 0
24 27 89 217 249 249 249 249 105 96 96 104 252 252 252 221 253 253 255 255 255 255 255 255 255 255 239 255 255 255 255 255 255 255 247 255 255 255 255 255 255 255 255 255 239 237 237 237 237 236 236 236 236 236 228 228 228 196 196 196 68 68 0 4 2 12 44 44 172 172 252 236 236 228 64 0 0 0 0 0 2 0 0 0 0 0 0 0 8 8 44 111 111 111 111 111 111 110 110 108 108 44 108 108 108 108 108 108 108 108 108 108 108 108 108 236 204 8 24 8 8 8 9 9 9 25 27 57 121 253 253 255 255 255 255 255 255 255 127 255 255 255 255 255 255 255 255 255 255 255 255 255 255 255 255 255 255 239 101 101 68 64 64 0 0 0 0 0 0 0 0 0 0 0 0 0 0 0 0 0 0 0 0 0 0 0 0 128 0 0 0 0 0 0 0 0 0 0 24 24 255 255 255 255 255 255 255 255 255 255 255 255 255 255 255 255 255 8 8 8 8 137 136 136 136 136 136 200 200 200 200 200 200 200 200 192 192 192 2 0
24 89 91 217 249 249 249 249 41 96 96 104 252 252 252 253 253 253 255 255 255 254 255 255 255 255 255 255 255 255 255 255 255 255 255 255 255 255 255 255 255 255 255 255 239 236 237 253 237 236 236 236 236 228 228 228 228 196 196 196 68 68 4 0 12 12 44 44 172 172 236 236 236 228 64 1 0 0 0 0 0 0 0 0 0 1 0 16 8 8 44 111 111 111 111 111 111 110 110 108 108 108 108 108 108 108 108 108 108 108 108 108 108 108 108 236 204 8 8 8 8 8 9 9 9 25 57 59 121 253 253 255 255 255 255 255 255 255 255 255 255 255 255 255 255 255 255 255 255 255 255 255 255 255 255 255 255 239 101 101 196 64 64 0 0 0 0 0 0 0 0 0 0 0 0 0 0 0 0 0 0 0 0 0 0 0 0 0 0 0 0 0 0 0 0 0 0 0 24 24 255 255 255 255 255 255 255 255 255 255 255 255 255 255 255 255 255 8 12 8 8 136 136 136 136 136 136 200 200 200 200 200 200 200 200 192 192 192 0 0
24 89 217 219 249 249 249 249 96 32 96 104 252 252 252 253 253 253 255 255 255 255 255 255 255 255 255 255 255 255 255 255 255 255 255 255 255 255 255 255 255 255 255 255 239 237 237 237 237 236 236 236 236 228 228 228 228 196 196 196 68 68 0 4 12 12 44 44 172 172 236 236 236 228 64 0 0 0 0 0 0 0 0 0 0 0 0 0 8 8 44 111 111 111 111 111 111 110 110 108 108 108 110 108 108 108 108 108 108 108 108 108 108 108 108 236 204 8 8 8 8 8 9 9 9 25 57 121 123 253 253 255 255 255 255 255 255 255 223 255 255 255 255 255 255 255 255 255 255 255 255 255 255 255 255 255 127 239 101 101 68 64 64 0 0 0 0 0 0 0 0 0 0 0 0 0 0 0 32 0 0 0 0 0 0 0 0 0 0 0 0 0 0 0 0 0 0 0 24 24 255 255 255 255 255 255 255 255 255 255 255 255 255 255 255 255 255 12 8 8 8 136 136 136 136 136 136 200 200 200 200 200 200 200 200 192 192 192 0 0
24 89 217 249 249 249 249 249 96 96 32 108 252 252 252 125 253 253 255 255 255 255 255 255 255 255 255 255 255 255 255 255 255 255 255 255 255 255 255 255 255 255 255 255 239 237 237 237 237 236 236 236 236 228 228 228 228 196 196 196 68 68 4 0 12 12 44 44 172 172 236 236 236 228 64 0 0 0 0 0 0 0 0 0 0 0 0 0 24 8 44 47 111 111 111 111 111 110 110 108 108 108 108 44 108 108 108 108 108 108 108 108 108 108 108 236 204 8 8 8 8 8 9 9 9 25 57 121 253 255 253 255 255 255 255 254 255 255 255 255 255 255 255 255 255 255 255 255 255 255 255 255 255 255 255 255 255 111 101 101 68 64 68 0 0 0 0 0 0 0 0 0 0 0 0 0 8 0 0 0 0 0 0 0 0 0 0 0 0 0 0 0 64 0 0 0 0 0 24 24 255 255 255 255 255 255 254 255 255 255 255 255 255 255 255 255 255 8 8 8 8 136 136 136 136 136 136 200 200 200 200 200 200 200 200 192 192 192 0 32
24 89 217 249 249 249 249 249 96 96 96 108 252 252 252 253 253 253 255 255 255 255 255 255 255 255 255 255 255 255 255 255 255 255 255 255 255 255 255 255 255 255 255 255 239 237 237 237 237 236 236 236 236 228 228 228 228 196 196 196 84 68 0 4 4 12 44 44 172 188 236 236 236 228 64 0 0 0 0 0 0 0 0 0 0 0 0 0 8 12 44 111 111 111 111 111 111 110 110 108 108 108 108 108 108 108 108 108 108 108 108 108 108 108 108 236 204 8 8 8 8 8 9 9 9 25 57 121 253 253 255 255 255 255 247 255 255 255 255 255 255 255 255 255 255 255 255 255 255 255 255 255 255 255 255 255 239 111 101 101 68 68 64 0 0 0 0 0 0 0 0 0 0 0 0 0 0 0 0 0 0 0 0 0 0 0 0 0 0 0 0 0 0 0 0 0 0 0 24 24 255 255 255 255 251 255 255 255 255 255 223 255 255 255 255 255 255 8 8 8 8 136 136 136 136 136 136 200 200 200 200 200 200 200 200 192 192 192 0 0
24 89 217 249 249 249 249 249 96 96 96 108 252 252 252 253 253 253 255 255 255 255 255 255 255 255 255 255 255 255 255 255 255 239 255 255 255 255 255 255 255 255 255 255 239 237 237 237 237 236 236 236 236 228 228 228 228 196 196 196 196 68 4 0 5 12 44 44 172 172 236 236 236 228 64 0 0 0 0 0 0 0 0 0 0 0 0 0 8 12 44 111 111 111 111 111 111 110 110 108 108 108 108 108 108 108 108 108 108 108 108 108 108 108 108 236 204 8 8 8 8 8 9 9 9 25 57 121 253 253 255 251 255 255 255 255 255 255 255 255 127 255 255 255 255 255 255 255 255 255 255 255 255 255 255 255 239 111 103 101 68 68 64 0 8 0 0 0 0 0 0 0 0 0 0 0 0 0 0 0 0 0 0 0 32 1 0 0 0 1 0 0 0 0 8 0 0 0 24 24 255 255 255 255 255 255 255 255 255 255 255 255 255 255 255 255 255 8 8 8 8 136 136 136 136 136 136 200 200 200 200 200 232 200 200 192 192 192 0 0
24 89 217 249 249 249 249 249 96 96 96 108 252 252 252 253 253 253 255 255 255 255 255 255 255 255 255 255 255 255 255 255 255 191 255 255 255 239 255 255 255 255 255 255 239 237 237 237 237 236 236 236 236 228 228 228 228 196 196 196 196 68 0 6 0 12 44 44 172 172 236 236 236 228 64 0 0 0 0 0 0 0 0 0 0 0 0 0 8 12 44 111 111 111 111 111 111 110 110 108 108 44 108 108 108 108 108 108 108 108 108 108 108 108 108 236 204 40 8 8 8 8 9 9 9 25 57 121 253 253 255 255 255 255 255 255 255 255 255 255 255 255 255 255 255 255 255 255 255 255 255 255 247 255 255 255 239 111 103 101 68 68 64 0 16 0 0 0 0 0 0 0 0 0 0 0 0 0 0 0 0 0 0 0 0 0 0 0 0 0 0 0 0 0 0 0 0 0 24 24 255 255 255 255 127 255 255 255 255 255 255 255 255 255 255 255 255 8 8 8 40 136 136 136 136 136 136 200 200 200 200 200 200 200 200 192 192 192 0 0
24 89 217 249 121 249 249 249 96 96 96 108 252 252 252 253 253 253 255 255 255 255 255 255 255 255 255 255 255 255 255 255 255 255 255 255 255 255 255 255 255 255 255 255 239 237 237 237 237 236 236 236 236 228 228 228 228 196 196 196 196 68 4 0 4 12 44 44 172 172 236 236 236 228 64 0 0 0 0 0 0 0 0 0 0 0 0 0 8 12 44 111 111 111 111 111 111 110 110 108 108 108 108 108 108 108 108 108 108 108 108 108 108 100 108 236 236 8 8 136 8 8 9 9 9 25 57 121 253 253 255 255 255 255 255 255 255 255 255 255 255 255 255 255 253 255 255 255 255 255 255 255 255 255 255 255 239 111 103 101 68 68 64 0 0 0 0 0 0 0 0 0 0 0 0 0 0 0 0 0 0 0 0 0 0 0 0 0 0 0 0 16 0 0 0 0 0 0 24 24 255 255 255 255 255 255 255 255 255 255 255 255 255 255 255 255 255 8 8 8 8 136 136 136 136 136 136 200 200 200 200 200 200 200 200 192 192 192 0 0
24 89 217 249 249 249 249 249 96 96 96 108 252 252 252 253 253 253 255 255 254 255 255 255 255 255 255 223 255 255 255 255 255 255 255 255 255 255 255 255 255 255 255 255 239 237 237 237 237 236 236 236 172 228 228 228 228 196 196 196 196 68 0 4 0 12 44 44 172 172 236 236 236 228 64 0 0 0 4 0 32 0 0 0 0 0 0 0 8 12 44 111 111 111 111 111 111 110 110 108 108 108 108 108 108 108 108 108 108 108 108 108 108 108 108 236 236 8 8 8 8 8 9 9 9 25 57 121 249 253 255 253 255 255 255 255 255 255 255 255 255 255 255 255 255 255 255 255 255 253 255 255 255 255 255 255 239 111 103 101 68 68 64 0 0 0 0 0 0 0 0 0 0 0 0 0 0 0 0 0 0 0 0 0 0 0 0 0 0 0 0 0 0 0 0 0 1 0 24 24 255 255 255 255 255 255 255 255 255 255 251 255 255 255 255 255 255 8 8 8 8 136 136 136 136 136 136 200 200 200 200 200 200 200 200 192 192 192 0 0
152 89 217 249 249 249 249 249 96 96 96 108 252 252 252 253 253 253 255 255 255 255 255 255 255 255 255 247 255 255 255 255 255 255 255 255 255 255 255 255 255 255 255 255 239 237 237 237 237 236 236 236 228 164 228 228 228 196 196 212 196 68 4 0 4 12 44 44 172 172 236 236 236 228 64 0 0 0 0 2 0 0 0 0 0 0 0 0 8 44 44 111 111 111 107 111 111 110 110 108 108 108 108 108 108 108 108 108 108 108 108 108 108 108 108 236 236 8 8 8 8 8 9 9 9 25 57 121 249 253 253 255 255 255 255 255 255 255 255 255 255 255 255 255 255 255 255 255 255 255 255 255 255 255 255 255 239 111 103 101 68 68 64 0 0 0 0 0 0 0 0 0 0 0 0 0 0 0 0 0 0 0 0 0 0 0 0 0 0 0 8 0 0 0 0 0 0 0 24 25 255 255 255 255 255 255 255 255 255 255 255 255 255 255 255 255 255 8 8 8 8 136 136 136 136 136 136 200 200 200 200 200 200 200 200 192 192 192 0 0
24 217 217 249 249 249 249 249 96 96 96 108 252 252 252 253 253 253 255 255 255 255 255 255 255 255 255 255 255 255 255 247 255 255 255 255 255 255 255 255 255 255 255 255 239 237 237 237 237 236 236 236 228 228 164 228 228 196 196 196 196 68 0 68 0 12 44 44 172 172 236 236 236 228 64 0 0 0 0 0 0 0 0 0 0 0 0 0 8 44 44 111 111 111 111 111 111 110 110 108 108 108 108 108 108 108 108 108 108 108 108 108 108 108 108 236 228 8 8 8 8 8 9 9 9 25 57 121 249 253 253 255 255 255 255 255 255 255 255 255 255 255 255 255 255 255 255 255 255 255 255 255 255 247 255 255 239 111 103 101 68 68 64 0 0 0 2 0 0 0 0 0 0 0 0 0 0 0 0 0 0 0 0 0 0 0 0 0 0 0 0 0 0 0 0 0 0 4 24 25 255 255 127 255 255 255 255 255 255 255 255 255 255 255 255 255 255 8 8 8 8 136 136 136 136 136 136 200 200 200 200 200 200 200 200 192 192 192 1 0
24 217 217 249 249 217 249 249 96 96 96 108 252 252 124 253 253 253 255 255 255 255 255 255 255 255 255 255 251 255 255 255 255 255 255 255 255 255 255 255 255 255 255 255 239 237 229 237 237 236 236 236 228 228 228 164 228 196 196 196 196 68 68 0 4 12 44 44 172 172 236 236 236 228 64 0 0 0 0 0 0 0 0 0 0 0 4 0 8 44 44 111 111 111 111 111 111 110 110 108 108 108 108 108 108 108 108 108 108 108 108 108 108 108 108 236 236 8 8 8 8 8 9 9 9 25 57 121 249 253 253 255 255 255 255 255 255 255 253 255 255 255 255 255 255 255 255 255 255 255 255 255 255 255 255 255 239 111 103 101 68 68 64 0 0 0 0 0 0 0 0 0 1 0 0 0 0 0 0 0 0 0 0 0 0 0 0 0 0 0 0 0 0 0 0 0 0 0 28 25 255 255 255 255 255 255 255 255 255 255 255 255 255 255 255 255 255 8 8 12 8 136 140 136 136 136 136 200 200 200 200 200 200 200 200 192 192 192 0 0
24 217 217 249 249 249 249 185 96 96 96 108 252 252 252 253 253 253 255 255 255 255 255 255 255 255 255 255 255 255 255 255 255 255 255 255 255 255 255 255 255 255 255 255 239 237 237 237 237 236 236 236 228 228 228 228 164 196 196 196 196 68 68 4 0 12 44 44 172 172 236 236 236 228 64 0 0 0 0 0 0 0 0 0 1 0 16 0 8 44 44 111 111 111 111 111 111 46 110 108 108 108 108 108 108 108 108 108 108 108 108 108 108 108 108 236 236 8 8 8 8 8 9 9 9 25 57 121 249 253 253 255 255 255 255 255 191 255 255 255 255 255 255 255 255 255 255 255 255 255 255 255 255 255 255 255 239 111 103 101 68 68 64 0 0 0 4 0 0 0 0 1 0 0 0 0 0 0 0 0 0 0 0 0 0 0 16 0 0 0 16 0 0 0 0 4 0 0 24 29 255 191 255 255 255 255 255 255 255 255 255 255 255 255 255 255 255 8 8 8 8 136 136 136 136 136 136 200 200 200 200 200 200 200 200 192 192 192 0 0
24 217 217 249 249 249 249 96 32 96 96 108 252 252 252 245 253 253 255 255 255 255 255 255 255 255 255 255 255 255 255 255 255 255 255 255 255 255 255 255 255 255 255 255 239 237 237 237 237 236 236 236 228 228 228 228 196 132 196 196 196 68 68 0 4 12 44 44 172 172 236 236 236 228 64 0 0 0 0 0 0 0 0 0 0 0 0 32 8 44 44 111 111 111 111 111 111 110 110 108 108 108 108 108 108 108 108 108 108 108 108 108 108 108 108 236 236 8 8 8 8 8 9 9 9 25 57 121 249 253 253 255 255 255 255 255 255 255 255 255 255 255 255 255 255 255 255 255 255 255 255 255 255 255 247 251 239 111 103 101 68 68 96 0 0 0 0 0 0 0 0 0 0 0 0 0 0 0 0 0 0 0 0 0 0 0 0 0 0 0 0 64 0 0 0 0 0 0 24 29 191 255 255 191 255 255 255 255 255 255 255 255 255 255 255 255 255 8 8 8 8 136 136 136 136 136 136 200 200 200 200 216 204 200 200 192 192 192 0 0
24 217 217 249 249 249 249 96 96 32 96 100 220 252 252 252 253 253 255 255 255 255 255 255 255 255 223 255 255 255 255 255 255 255 255 255 255 255 255 255 255 255 255 255 239 237 237 237 237 236 236 236 228 228 228 228 196 196 132 196 196 68 68 4 0 12 44 44 172 172 236 236 236 228 64 0 0 0 0 0 0 0 0 0 0 0 0 0 40 44 44 111 111 111 111 111 111 110 110 108 108 108 108 108 108 108 108 108 108 108 108 108 108 108 108 236 236 8 8 8 8 8 9 9 9 25 57 121 249 253 253 255 255 191 255 255 255 255 255 255 255 255 255 255 255 255 255 255 255 255 251 255 255 255 255 255 239 111 103 101 68 196 64 0 0 0 0 0 0 0 0 0 0 0 0 0 0 0 0 0 0 0 0 0 0 0 0 0 0 2 0 0 0 0 0 0 0 0 24 29 255 255 255 255 255 255 127 255 255 255 127 255 255 255 255 255 255 8 12 8 8 136 136 136 136 136 136 200 200 200 200 200 200 200 200 192 192 192 0 0
24 217 217 249 249 249 185 96 96 96 32 96 252 252 252 252 253 253 255 255 255 255 255 255 255 255 255 255 255 255 255 255 255 255 255 127 255 255 255 255 255 255 255 255 239 237 237 237 237 236 236 236 228 228 228 228 196 196 196 132 196 68 68 0 4 12 44 44 172 172 236 236 236 228 64 0 0 0 0 0 0 0 0 0 0 0 0 0 40 44 44 111 111 111 111 111 111 110 110 108 108 108 108 108 108 108 108 108 44 108 108 108 108 108 108 236 236 8 8 8 9 8 9 9 9 25 57 121 249 253 253 255 255 255 255 255 255 255 255 255 255 255 255 255 255 255 255 223 255 255 255 255 255 255 255 255 239 111 103 101 68 68 64 0 0 0 0 0 0 0 0 0 1 0 0 0 0 0 0 0 0 0 0 0 4 0 0 0 0 0 0 0 0 0 0 0 4 0 24 29 255 255 255 255 255 255 255 251 255 255 255 255 255 255 255 255 255 12 8 8 8 136 136 136 136 136 136 200 200 200 200 200 200 200 200 192 192 192 0 0
24 217 217 249 249 249 96 32 96 96 96 32 252 252 252 252 253 253 255 255 255 255 255 255 255 255 255 255 255 255 255 127 255 255 255 255 255 255 255 255 255 255 255 255 239 237 237 237 237 236 236 236 228 228 228 228 196 196 196 196 132 68 68 4 0 12 44 44 164 188 236 236 236 228 64 0 0 0 0 0 0 0 0 0 0 0 0 0 40 44 44 111 111 111 111 111 111 110 110 108 108 108 108 108 108 108 108 108 108 108 108 124 108 108 108 236 236 8 8 136 8 9 9 9 9 25 57 121 249 253 253 255 255 255 255 255 255 253 255 255 255 255 255 255 255 255 255 255 255 255 255 255 255 255 255 255 239 111 103 101 68 70 64 0 0 0 0 0 0 0 0 0 1 0 0 0 0 0 16 0 0 0 0 0 0 0 0 0 0 0 0 0 0 0 0 0 0 0 24 29 255 255 247 255 191 255 255 255 255 255 255 255 251 255 255 255 255 8 8 8 8 136 136 136 136 136 136 200 200 200 200 200 200 200 200 192 192 192 0 0
24 217 217 249 249 249 96 96 32 96 96 96 252 252 252 252 253 253 255 255 255 255 255 255 255 255 255 255 255 255 255 255 255 255 255 255 255 255 255 255 255 255 247 255 239 237 237 237 237 236 236 236 228 228 228 228 196 196 196 196 68 4 68 0 4 12 44 36 44 172 236 236 236 228 64 0 0 0 0 0 0 0 4 0 0 0 0 0 40 44 44 111 111 111 111 111 111 110 110 108 108 108 108 108 108 108 108 108 108 108 108 108 108 108 108 236 236 8 8 8 8 9 9 9 9 25 57 121 249 253 253 255 255 255 255 255 255 254 191 255 255 255 255 255 255 255 255 255 255 255 255 255 255 255 255 255 239 111 103 101 68 68 64 0 0 128 0 0 0 0 2 0 0 0 0 0 0 0 0 0 0 0 0 0 4 0 0 0 0 0 0 0 0 0 0 0 1 0 24 29 255 223 255 255 255 255 255 255 255 255 255 255 255 255 255 255 255 8 8 8 8 136 136 136 136 136 136 200 200 200 200 200 200 200 200 192 192 192 0 0
24 217 217 249 249 249 96 96 96 32 96 96 252 252 252 252 253 253 255 255 255 255 255 255 255 255 255 255 255 254 255 255 255 255 255 254 255 255 239 255 255 255 255 239 239 237 237 237 237 236 236 236 228 228 228 100 196 196 196 196 68 68 4 4 0 12 100 44 44 172 236 236 236 228 64 0 0 0 0 0 1 0 0 0 0 0 0 0 40 44 44 111 111 111 111 111 111 110 110 108 108 108 108 108 108 108 108 108 108 108 108 108 108 108 108 236 236 8 8 8 8 9 9 9 9 25 57 123 249 253 253 255 255 255 255 255 255 255 255 255 255 255 255 255 255 255 255 255 255 255 255 255 255 255 255 255 239 110 103 101 68 68 64 0 0 0 0 64 0 0 8 0 0 0 0 0 0 0 0 0 0 8 0 0 0 0 0 0 0 0 0 0 0 0 0 0 0 0 24 29 223 255 255 255 255 255 255 255 239 255 255 255 255 255 255 255 255 8 10 8 8 136 136 136 136 136 136 200 200 200 200 200 200 200 200 192 192 192 0 0
24 217 217 249 249 249 96 96 96 96 32 100 252 252 252 252 253 253 255 255 255 255 255 255 255 255 255 255 255 255 255 255 255 255 255 255 255 255 255 127 255 255 255 239 239 237 237 237 237 236 236 236 228 228 228 228 68 196 196 196 68 68 4 0 4 4 12 44 44 172 236 236 252 228 64 0 0 0 0 0 0 0 0 0 0 0 0 0 40 44 44 111 111 111 111 111 111 110 110 108 108 108 108 108 108 108 108 108 108 108 108 108 108 108 108 236 236 8 8 8 8 9 9 9 9 25 57 249 251 253 253 255 255 255 255 255 255 255 255 127 255 255 255 255 251 255 255 255 255 255 255 127 255 255 255 255 239 111 102 103 68 68 64 0 0 0 0 0 0 0 0 0 0 0 0 0 0 0 0 0 0 0 0 0 0 0 0 16 1 0 0 0 0 0 0 0 0 0 24 29 247 255 255 255 255 255 255 255 255 255 255 255 255 255 255 255 255 10 8 8 8 136 136 136 136 136 136 200 200 200 200 200 200 200 200 192 192 192 0 0
24 217 217 249 249 249 96 96 96 96 96 32 252 252 252 252 253 253 255 255 255 255 255 255 255 255 255 255 255 255 255 255 255 255 255 239 255 255 255 255 255 255 255 239 239 237 237 237 237 236 236 236 228 228 228 228 196 68 196 196 68 68 0 4 0 4 12 44 44 172 236 236 236 228 64 0 0 1 0 0 0 0 0 0 0 0 2 0 40 44 44 111 111 111 111 111 111 110 110 108 108 108 108 108 108 108 108 108 108 108 108 108 108 108 108 236 236 8 8 8 8 9 9 9 9 25 57 249 253 255 253 255 255 255 255 255 255 255 255 255 255 255 255 255 253 255 255 255 255 255 255 255 255 255 255 255 239 111 103 102 68 68 64 0 0 0 0 0 0 0 0 0 0 0 0 0 0 0 0 0 0 0 0 0 0 0 0 0 0 0 0 0 0 0 0 0 128 0 24 21 29 255 255 255 255 255 255 255 255 255 255 255 255 255 255 255 255 8 8 8 8 136 136 136 136 136 136 200 200 200 200 200 200 200 200 192 192 192 0 0
24 217 217 249 249 249 96 96 96 96 96 96 252 252 252 252 253 253 255 255 255 255 255 255 255 255 255 255 255 255 255 255 255 255 255 255 255 255 255 255 255 255 255 111 239 237 237 237 237 236 236 236 228 228 228 228 196 196 68 196 196 68 4 0 4 0 12 44 44 172 236 236 236 228 64 0 0 0 0 0 0 0 0 0 0 0 0 0 40 44 44 111 111 111 111 111 111 110 110 108 108 100 108 108 108 108 108 108 108 108 108 108 108 108 108 236 236 8 8 10 8 9 9 9 9 25 57 249 253 253 255 255 255 255 255 255 255 255 255 255 255 255 255 255 255 255 255 255 255 255 255 255 255 255 255 255 239 111 103 102 68 68 64 0 0 0 0 0 0 0 0 0 0 0 0 0 0 0 0 0 0 0 0 0 0 0 0 0 0 0 0 0 0 0 0 0 0 0 16 24 29 255 255 255 255 255 255 255 255 255 255 255 255 255 255 255 255 8 8 8 8 136 136 136 136 136 136 200 200 200 200 200 200 200 200 192 192 192 0 0
24 217 217 249 249 249 96 96 96 96 112 96 252 252 252 252 253 253 255 255 255 255 255 255 255 255 255 255 255 255 255 255 255 255 255 255 255 255 255 255 255 255 255 239 239 237 237 237 237 236 236 236 228 228 228 228 196 196 196 68 196 68 0 4 0 4 12 44 44 172 236 236 236 228 64 0 0 0 0 0 0 0 0 0 0 0 0 0 40 44 44 111 111 111 111 111 111 110 110 108 108 108 108 108 108 108 108 108 108 108 108 108 108 108 108 236 236 8 8 8 8 9 9 9 9 25 57 249 253 253 255 255 255 255 255 255 255 255 255 255 253 255 255 255 255 255 255 255 255 255 255 255 255 255 255 255 239 111 103 102 196 68 64 0 0 0 0 0 0 0 0 2 0 0 0 0 0 0 0 0 0 0 0 1 0 0 0 0 0 0 0 0 0 0 0 0 0 0 0 24 29 255 255 255 255 223 255 255 255 255 255 255 255 255 255 255 255 8 8 8 8 136 136 136 136 136 136 200 200 200 200 200 200 200 200 192 192 192 0 0
24 217 217 249 249 249 96 96 112 96 96 112 252 252 252 252 253 253 255 255 255 255 255 255 255 255 255 255 255 255 255 255 255 255 255 255 255 255 255 255 254 255 255 239 239 237 237 237 237 236 236 236 228 228 228 228 196 196 196 196 68 68 4 0 4 0 12 44 44 172 236 236 236 228 64 0 0 16 0 0 0 0 0 0 0 0 0 0 40 44 44 111 111 111 103 111 111 110 110 108 108 108 108 108 108 108 108 108 108 108 108 108 108 108 108 236 236 8 8 8 8 9 9 9 9 25 57 249 253 253 255 255 255 255 255 255 255 255 255 255 255 255 255 255 255 255 255 255 255 127 255 255 255 255 255 255 239 111 103 230 68 68 64 0 0 0 0 0 0 0 0 0 0 0 0 0 0 0 0 1 0 0 0 0 0 32 0 0 0 0 0 0 0 0 0 0 0 0 0 24 29 255 255 255 255 255 255 255 255 255 255 255 255 255 255 255 255 8 8 8 8 136 136 136 136 136 136 200 200 200 200 200 200 200 200 192 192 192 0 0
24 217 217 249 249 249 96 96 96 96 96 96 252 252 252 252 253 253 255 255 255 255 255 255 255 255 255 255 255 255 255 255 255 255 255 255 255 255 255 255 255 255 255 239 239 237 237 237 237 236 236 236 228 228 228 228 196 196 196 196 68 68 0 4 0 4 44 44 44 172 236 236 236 228 64 0 0 0 0 0 0 0 0 0 0 0 0 0 40 44 44 111 111 111 107 111 111 110 110 108 108 108 108 108 108 108 108 108 108 108 108 108 108 108 108 236 236 8 8 8 8 137 9 9 9 25 57 249 253 253 255 255 255 255 191 255 255 255 255 255 255 255 255 255 255 255 255 255 255 255 255 255 255 255 255 255 239 111 231 102 68 68 64 0 0 0 0 0 0 0 0 0 0 0 0 0 0 0 0 0 0 1 0 0 0 0 0 0 0 0 0 0 0 0 0 0 0 0 0 24 157 255 255 255 255 255 255 255 255 255 255 239 255 255 255 255 255 8 8 8 8 136 136 136 136 136 136 200 200 200 200 200 200 200 200 192 192 192 0 0
24 217 217 249 249 249 96 96 96 96 96 96 124 252 252 252 252 253 255 255 255 255 255 255 255 255 255 255 255 255 255 255 255 255 255 255 255 255 255 255 255 255 255 239 235 237 233 237 237 236 236 236 228 228 228 228 196 196 196 196 68 68 4 0 4 0 44 44 44 172 236 236 236 228 64 0 0 0 0 0 0 0 0 0 0 0 0 0 40 44 44 111 111 111 111 111 111 110 110 108 108 108 108 108 108 108 108 108 108 108 108 108 108 108 108 236 236 8 8 8 8 9 9 9 9 25 57 249 253 253 255 251 255 255 255 255 255 255 255 255 255 255 255 255 255 255 255 255 255 255 255 255 255 255 255 255 239 239 103 102 68 68 64 0 128 0 0 0 0 0 0 0 0 0 0 0 0 0 0 0 0 0 0 0 0 0 0 0 0 0 0 0 0 0 0 0 0 0 0 24 157 255 255 255 255 127 255 255 255 255 255 255 255 255 255 255 255 8 8 8 8 136 136 136 136 136 136 136 200 200 200 200 200 200 200 192 192 192 0 0
24 217 217 249 249 249 96 96 96 96 96 96 124 252 252 252 252 253 255 255 255 255 255 255 255 255 255 255 223 255 255 255 255 255 255 255 255 255 255 255 255 255 255 239 239 233 237 237 237 236 236 236 228 228 228 228 196 196 196 196 68 68 0 132 1 4 44 44 44 172 236 236 236 228 64 0 0 0 0 0 0 0 0 0 0 0 0 0 40 44 44 111 111 111 111 111 111 110 110 108 108 108 108 108 108 108 108 108 108 108 108 108 108 108 108 236 236 8 8 8 8 9 9 9 9 25 57 249 253 253 255 255 255 255 255 255 255 255 255 255 255 255 255 255 255 255 255 255 255 255 255 255 255 255 255 255 239 239 103 102 68 68 64 0 0 0 0 0 0 0 0 0 0 0 0 0 0 0 0 0 0 0 0 0 0 0 0 0 0 0 0 0 0 0 0 0 0 0 0 24 157 255 255 255 255 255 255 255 255 255 255 255 255 255 255 255 255 8 8 8 8 136 136 136 136 136 136 136 200 200 200 200 200 200 200 192 192 192 0 0
