67 42 203 255 31 27 126 190 23 237 113 97 109 38 173 99 116 28 221 26 94 195 27 82 122 241 80 27 17 236 90 150 55 216 18 213 184 164 248 151 111 124 21 19 99 108 66 107 253 50 135 99 140 76 202 183 56 163 44 53 101 166 208 77 141 243 224 81 130 110 86 251 84 223 216 26 245 79 164 57 186 9 191 171 51 188 149 136 203 10 194 24 211 72 200 3 26 109 109 214 112 130 93 10 45 30 48 91 63 61 134 106 59 196 39 76 29 52 205 206 26 84 183 226 135 46 168 238 104 187 95 125 168 180 83 89 54 216 125 3 18 68 54 7 194 139 43 171 250 114 84 205 87 242 249 99 216 71 202 60 217 183 40 214 47 97 134 176 113 164 48 80 29 75 218 215 99 127 245 164 164 147 171 230 170 93 58 209 166 106 48 229 130 180 32 113 144 56 111 140 14 73 251 3 111 111 15 97 152 234 110 110 145 96 249 92 252 155 174 166 14 83 125 130 40 21 195 79 137 80 14 197 159 233 24 34 84 89 56 147
40 203 255 223 251 126 191 87 236 117 237 97 101 173 35 53 99 124 28 223 219 90 210 59 243 122 241 81 10 88 254 123 216 55 221 18 229 184 180 104 127 127 120 101 15 98 105 255 123 205 98 143 76 204 255 72 167 44 37 44 37 80 166 205 193 141 241 224 108 86 239 86 251 220 223 245 26 229 9 188 9 187 171 51 172 151 168 137 138 194 26 210 24 200 72 24 109 109 109 109 214 93 138 45 14 49 30 63 125 6 104 59 196 35 76 13 84 13 204 222 212 26 64 167 42 168 174 232 234 95 255 127 180 8 188 83 217 126 217 16 69 18 69 194 11 43 171 250 251 254 114 85 237 95 243 249 99 200 126 218 189 72 150 41 97 39 48 6 176 48 132 48 73 219 223 250 95 247 127 164 128 172 230 170 93 186 213 58 72 50 106 32 180 2 48 32 113 168 172 14 73 75 75 111 111 111 97 9 233 238 110 255 110 145 120 253 220 238 166 14 83 46 83 40 0 40 13 203 64 137 197 14 233 153 225 84 34 92 81 40
8 255 223 255 255 255 87 191 117 236 101 101 97 33 53 35 61 127 124 223 223 219 123 243 59 243 122 241 88 90 123 254 123 216 55 237 16 245 40 124 127 127 127 104 98 11 107 123 255 107 205 76 204 204 204 239 8 37 44 37 0 37 73 197 205 193 141 224 100 237 86 239 222 255 253 223 229 8 172 9 185 171 51 172 151 168 137 136 194 154 210 26 202 72 72 72 109 109 109 109 109 222 45 14 49 14 63 125 63 104 42 196 35 76 13 68 13 76 204 220 222 196 2 8 168 170 232 234 255 255 127 255 75 188 16 188 91 217 126 201 16 69 2 73 43 171 250 251 254 251 255 114 93 255 95 243 233 106 218 255 74 156 105 33 33 48 7 176 6 128 48 132 89 223 251 223 255 95 247 0 164 164 172 93 186 213 186 205 58 72 34 32 0 48 2 48 32 168 12 73 75 75 111 111 111 111 105 105 233 238 255 110 255 110 249 252 253 238 14 83 46 83 46 0 40 8 9 73 201 193 137 233 137 225 145 225 92 114 92 0
8 223 255 255 255 255 255 117 191 101 100 101 97 33 33 61 63 125 127 255 223 255 251 123 243 59 243 122 249 123 254 123 254 123 200 53 237 16 124 124 127 127 127 106 105 107 123 255 123 239 77 204 204 204 204 204 37 8 37 0 37 0 69 73 197 205 192 132 224 100 237 222 255 255 255 253 205 172 8 169 169 51 172 151 168 137 136 128 152 210 154 202 74 72 72 72 109 109 109 109 109 109 14 49 14 63 125 63 104 42 196 34 76 13 68 13 76 76 204 220 220 198 8 8 168 232 234 255 255 255 255 127 255 83 188 24 253 91 217 88 201 0 73 11 171 250 251 254 251 255 251 255 127 95 255 95 235 250 255 218 222 74 41 33 32 1 176 7 128 0 128 16 221 251 223 255 223 255 95 164 0 164 12 188 213 186 205 186 205 42 0 0 32 0 48 2 32 8 8 73 75 111 111 111 111 111 105 105 233 255 238 255 110 255 254 253 252 238 83 46 83 46 0 40 8 8 9 73 201 201 201 137 225 129 225 145 241 92 114 0
8 255 255 255 255 255 255 255 101 37 101 100 97 33 33 61 125 127 255 255 255 255 255 251 123 243 59 251 123 255 123 254 123 254 121 200 53 237 124 124 127 127 127 107 107 123 255 123 255 111 205 204 204 204 204 204 8 37 0 37 0 5 0 69 73 197 196 192 132 224 236 255 255 255 255 255 237 8 168 169 33 172 151 168 137 136 128 136 144 152 202 202 74 72 72 72 109 109 109 109 109 109 49 14 63 125 63 104 42 196 34 76 12 68 13 76 76 76 204 220 220 204 8 8 168 232 255 255 255 255 255 255 127 255 91 188 89 253 91 217 72 73 9 171 250 251 254 251 255 251 255 255 255 255 95 255 251 255 250 255 218 107 33 32 1 32 1 128 0 128 0 128 217 223 255 223 255 223 255 0 164 0 172 148 188 205 186 205 170 0 0 0 0 32 0 32 0 8 8 73 111 111 111 111 111 111 105 105 233 239 255 238 255 254 255 254 253 255 238 83 46 0 40 8 8 8 9 73 201 201 201 193 129 225 129 225 145 241 92 0
8 255 255 255 255 255 255 255 101 101 37 101 96 33 33 61 125 255 255 255 255 255 255 255 251 123 251 123 255 123 255 123 254 123 254 121 200 125 253 124 127 127 127 107 123 255 123 255 127 239 205 204 204 204 204 204 4 0 37 0 5 0 5 0 69 65 196 196 192 132 236 255 255 255 255 255 237 168 168 33 168 133 168 137 136 128 136 128 136 136 202 202 74 72 72 72 109 109 109 109 109 109 76 63 125 63 104 42 196 34 76 12 68 12 76 76 76 76 204 220 220 204 8 8 168 232 255 255 255 255 255 255 255 127 255 91 253 89 253 91 73 73 9 250 251 254 251 255 251 255 255 255 255 255 255 255 255 251 255 250 255 107 32 1 32 1 0 0 128 0 128 0 217 255 223 255 223 255 223 164 0 164 132 172 140 188 205 170 0 0 0 0 0 0 32 0 0 8 8 73 111 111 111 111 111 111 105 105 233 255 239 255 254 255 254 255 255 255 255 238 0 40 8 8 8 8 9 73 201 201 201 193 193 129 225 129 225 145 241 0
8 255 255 255 255 255 255 255 101 101 101 37 97 32 33 61 125 255 255 255 255 255 255 255 255 251 123 255 123 255 123 255 123 254 123 254 121 253 125 253 127 127 127 123 255 123 255 127 255 239 205 204 204 204 204 204 0 4 0 5 0 5 0 5 0 69 64 196 196 192 236 255 255 255 255 255 237 168 32 168 129 168 137 136 128 136 128 136 136 136 202 202 74 72 72 72 109 109 109 109 109 109 109 125 63 104 42 196 34 76 12 68 12 76 76 76 76 76 204 220 220 204 8 8 168 232 255 255 255 255 255 255 255 255 127 255 91 253 89 253 73 73 72 251 254 251 255 251 255 255 255 255 255 255 255 255 255 255 251 255 251 107 1 32 1 0 0 0 0 128 0 128 217 223 255 223 255 223 255 0 164 0 164 140 172 140 172 0 0 0 0 0 0 0 0 0 0 8 8 73 111 111 111 111 111 111 105 105 233 239 255 255 255 254 255 255 255 255 255 238 40 8 8 8 8 8 9 73 201 201 201 193 193 193 129 225 129 225 145 0
8 255 255 255 255 255 255 255 101 101 101 97 33 33 32 61 125 255 255 255 255 255 255 255 255 255 255 123 255 123 255 123 255 123 254 123 255 125 253 125 255 127 127 255 123 255 127 255 255 239 205 204 204 204 204 204 4 0 4 0 5 0 5 0 5 0 68 64 196 196 236 255 255 255 255 255 237 32 168 128 168 137 136 128 136 128 136 136 136 136 202 202 74 72 72 72 109 109 109 109 109 109 109 125 104 42 196 34 76 12 68 12 76 76 76 76 76 76 204 220 220 204 8 8 168 232 255 255 255 255 255 255 255 255 255 127 255 91 253 89 73 73 73 254 251 255 251 255 255 255 255 255 255 255 255 255 255 255 255 251 255 107 32 1 0 0 0 0 0 0 128 0 217 255 223 255 223 255 223 164 0 164 0 172 140 172 0 0 0 0 0 0 0 0 0 0 0 8 8 73 111 111 111 111 111 111 105 105 233 255 255 255 255 255 255 255 255 255 255 238 8 8 8 8 8 8 9 73 201 201 201 193 193 193 193 129 225 129 96 0
8 255 255 255 255 255 255 255 101 101 101 97 33 32 33 61 125 255 255 255 255 255 255 255 255 255 255 255 123 255 123 255 123 255 123 255 127 255 125 253 127 255 255 127 255 127 255 255 255 239 205 204 204 204 204 204 0 4 0 4 0 5 0 5 0 4 0 68 64 196 236 255 255 255 255 255 237 168 128 168 136 136 128 136 128 136 136 136 136 136 202 202 74 72 72 72 109 109 109 109 109 109 109 109 104 196 34 76 12 68 12 76 76 76 76 76 76 76 204 220 220 204 8 8 168 232 255 255 255 255 255 255 255 255 255 255 127 255 91 253 73 73 73 251 255 251 255 255 255 255 255 255 255 255 255 255 255 255 255 255 251 107 1 0 0 0 0 0 0 0 0 128 217 223 255 223 255 223 255 0 164 0 164 140 172 0 0 0 0 0 0 0 0 0 0 0 0 8 8 73 111 111 111 111 111 111 105 105 233 255 255 255 255 255 255 255 255 255 255 238 8 8 8 8 8 8 9 73 201 201 201 193 193 193 193 193 129 96 0 0
8 255 255 255 255 255 255 255 101 101 101 97 32 33 32 61 125 255 255 255 255 255 255 255 255 255 255 255 255 123 255 123 255 123 255 127 255 127 255 125 255 255 255 255 127 255 255 255 255 239 205 204 204 204 204 204 4 0 4 0 4 0 5 0 4 0 4 0 68 64 236 255 255 255 255 255 237 128 168 136 136 128 136 128 136 136 136 136 136 136 202 202 74 72 72 72 109 109 109 109 109 109 109 109 108 96 76 12 68 12 76 76 76 76 76 76 76 76 204 220 220 204 8 8 168 232 255 255 255 255 255 255 255 255 255 255 255 127 255 91 73 73 73 255 251 255 255 255 255 255 255 255 255 255 255 255 255 255 255 255 255 107 0 0 0 0 0 0 0 0 0 0 217 255 223 255 223 255 223 164 0 164 0 172 0 0 0 0 0 0 0 0 0 0 0 0 0 8 8 73 111 111 111 111 111 111 105 105 233 255 255 255 255 255 255 255 255 255 255 238 8 8 8 8 8 8 9 73 201 201 201 193 193 193 193 193 64 0 0 0
8 255 255 255 255 255 255 255 101 101 101 97 33 32 33 61 125 255 255 255 255 255 255 255 255 255 255 255 255 255 123 255 123 255 127 255 127 255 127 255 255 255 255 255 255 255 255 255 255 239 205 204 204 204 204 204 0 4 0 4 0 4 0 4 0 4 0 4 0 68 236 255 255 255 255 255 237 168 136 136 128 136 128 136 136 136 136 136 136 136 202 202 74 72 72 72 109 109 109 109 109 109 109 109 108 108 76 68 12 76 76 76 76 76 76 76 76 76 204 220 220 204 8 8 168 232 255 255 255 255 255 255 255 255 255 255 255 255 127 255 73 73 73 251 255 255 255 255 255 255 255 255 255 255 255 255 255 255 255 255 255 107 0 0 0 0 0 0 0 0 0 0 217 223 255 223 255 223 255 0 164 0 164 0 0 0 0 0 0 0 0 0 0 0 0 0 0 8 8 73 111 111 111 111 111 111 105 105 233 255 255 255 255 255 255 255 255 255 255 238 8 8 8 8 8 8 9 73 201 201 201 193 193 193 193 193 64 0 0 0
8 255 255 255 255 255 255 255 101 101 101 97 32 33 32 61 125 255 255 255 255 255 255 255 255 255 255 255 255 255 255 123 255 127 255 127 255 127 255 255 255 255 255 255 255 255 255 255 255 239 205 204 204 204 204 204 4 0 4 0 4 0 4 0 4 0 4 0 4 0 236 255 255 255 255 255 237 136 136 128 136 128 136 136 136 136 136 136 136 136 202 202 74 72 72 72 109 109 109 109 109 109 109 109 108 108 76 76 76 76 76 76 76 76 76 76 76 76 204 220 220 204 8 8 168 232 255 255 255 255 255 255 255 255 255 255 255 255 255 127 73 73 73 255 255 255 255 255 255 255 255 255 255 255 255 255 255 255 255 255 255 107 0 0 0 0 0 0 0 0 0 0 217 255 223 255 223 255 223 164 0 164 0 0 0 0 0 0 0 0 0 0 0 0 0 0 0 8 8 73 111 111 111 111 111 111 105 105 233 255 255 255 255 255 255 255 255 255 255 238 8 8 8 8 8 8 9 73 201 201 201 193 193 193 193 193 64 0 0 0
8 255 255 255 255 255 255 255 101 101 101 97 33 32 33 61 125 255 255 255 255 255 255 255 255 255 255 255 255 255 255 255 127 255 127 255 127 255 255 255 255 255 255 255 255 255 255 255 255 239 205 204 204 204 204 204 0 4 0 4 0 4 0 4 0 4 0 4 0 4 236 255 255 255 255 255 237 136 128 136 128 136 136 136 136 136 136 136 136 136 202 202 74 72 72 72 109 109 109 109 109 109 109 109 108 108 76 76 76 76 76 76 76 76 76 76 76 76 204 220 220 204 8 8 168 232 255 255 255 255 255 255 255 255 255 255 255 255 255 255 73 73 73 255 255 255 255 255 255 255 255 255 255 255 255 255 255 255 255 255 255 107 0 0 0 0 0 0 0 0 0 0 217 223 255 223 255 223 255 0 164 0 0 0 0 0 0 0 0 0 0 0 0 0 0 0 0 8 8 73 111 111 111 111 111 111 105 105 233 255 255 255 255 255 255 255 255 255 255 238 8 8 8 8 8 8 9 73 201 201 201 193 193 193 193 193 64 0 0 0
8 255 255 255 255 255 255 255 101 101 101 97 32 33 32 61 125 255 255 255 255 255 255 255 255 255 255 255 255 255 255 255 255 127 255 127 255 255 255 255 255 255 255 255 255 255 255 255 255 239 205 204 204 204 204 204 4 0 4 0 4 0 4 0 4 0 4 0 4 0 236 255 255 255 255 255 237 128 136 128 136 136 136 136 136 136 136 136 136 136 202 202 74 72 72 72 109 109 109 109 109 109 109 109 108 108 76 76 76 76 76 76 76 76 76 76 76 76 204 220 220 204 8 8 168 232 255 255 255 255 255 255 255 255 255 255 255 255 255 255 73 73 73 255 255 255 255 255 255 255 255 255 255 255 255 255 255 255 255 255 255 107 0 0 0 0 0 0 0 0 0 0 217 255 223 255 223 255 223 164 0 0 0 0 0 0 0 0 0 0 0 0 0 0 0 0 0 8 8 73 111 111 111 111 111 111 105 105 233 255 255 255 255 255 255 255 255 255 255 238 8 8 8 8 8 8 9 73 201 201 201 193 193 193 193 193 64 0 0 0
8 255 255 255 255 255 255 255 101 101 101 97 33 32 33 61 125 255 255 255 255 255 255 255 255 255 255 255 255 255 255 255 255 255 127 255 255 255 255 255 255 255 255 255 255 255 255 255 255 239 205 204 204 204 204 204 0 4 0 4 0 4 0 4 0 4 0 4 0 4 236 255 255 255 255 255 237 136 128 136 136 136 136 136 136 136 136 136 136 136 202 202 74 72 72 72 109 109 109 109 109 109 109 109 108 108 76 76 76 76 76 76 76 76 76 76 76 76 204 220 220 204 8 8 168 232 255 255 255 255 255 255 255 255 255 255 255 255 255 255 73 73 73 255 255 255 255 255 255 255 255 255 255 255 255 255 255 255 255 255 255 107 0 0 0 0 0 0 0 0 0 0 217 223 255 223 255 223 255 0 0 0 0 0 0 0 0 0 0 0 0 0 0 0 0 0 0 8 8 73 111 111 111 111 111 111 105 105 233 255 255 255 255 255 255 255 255 255 255 238 8 8 8 8 8 8 9 73 201 201 201 193 193 193 193 193 64 0 0 0
8 255 255 255 255 255 255 255 101 101 101 97 32 33 32 61 125 255 255 255 255 255 255 255 255 255 255 255 255 255 255 255 255 255 255 255 255 255 255 255 255 255 255 255 255 255 255 255 255 239 205 204 204 204 204 204 4 0 4 0 4 0 4 0 4 0 4 0 4 0 236 255 255 255 255 255 237 128 136 136 136 136 136 136 136 136 136 136 136 136 202 202 74 72 72 72 109 109 109 109 109 109 109 109 108 108 76 76 76 76 76 76 76 76 76 76 76 76 204 220 220 204 8 8 168 232 255 255 255 255 255 255 255 255 255 255 255 255 255 255 73 73 73 255 255 255 255 255 255 255 255 255 255 255 255 255 255 255 255 255 255 107 0 0 0 0 0 0 0 0 0 0 217 255 223 255 223 255 223 0 0 0 0 0 0 0 0 0 0 0 0 0 0 0 0 0 0 8 8 73 111 111 111 111 111 111 105 105 233 255 255 255 255 255 255 255 255 255 255 238 8 8 8 8 8 8 9 73 201 201 201 193 193 193 193 193 64 0 0 0
8 255 255 255 255 255 255 255 101 101 101 97 33 32 33 61 125 255 255 255 255 255 255 255 255 255 255 255 255 255 255 255 255 255 255 255 255 255 255 255 255 255 255 255 255 255 255 255 255 239 205 204 204 204 204 204 0 4 0 4 0 4 0 4 0 4 0 4 0 4 236 255 255 255 255 255 237 136 136 136 136 136 136 136 136 136 136 136 136 136 202 202 74 72 72 72 109 109 109 109 109 109 109 109 108 108 76 76 76 76 76 76 76 76 76 76 76 76 204 220 220 204 8 8 168 232 255 255 255 255 255 255 255 255 255 255 255 255 255 255 73 73 73 255 255 255 255 255 255 255 255 255 255 255 255 255 255 255 255 255 255 107 0 0 0 0 0 0 0 0 0 0 217 223 255 223 255 223 255 0 0 0 0 0 0 0 0 0 0 0 0 0 0 0 0 0 0 8 8 73 111 111 111 111 111 111 105 105 233 255 255 255 255 255 255 255 255 255 255 238 8 8 8 8 8 8 9 73 201 201 201 193 193 193 193 193 64 0 0 0
8 255 255 255 255 255 255 255 101 101 101 97 32 33 32 61 125 255 255 255 255 255 255 255 255 255 255 255 255 255 255 255 255 255 255 255 255 255 255 255 255 255 255 255 255 255 255 255 255 239 205 204 204 204 204 204 4 0 4 0 4 0 4 0 4 0 4 0 4 0 236 255 255 255 255 255 237 136 136 136 136 136 136 136 136 136 136 136 136 136 202 202 74 72 72 72 109 109 109 109 109 109 109 109 108 108 76 76 76 76 76 76 76 76 76 76 76 76 204 220 220 204 8 8 168 232 255 255 255 255 255 255 255 255 255 255 255 255 255 255 73 73 73 255 255 255 255 255 255 255 255 255 255 255 255 255 255 255 255 255 255 107 0 0 0 0 0 0 0 0 0 0 217 255 223 255 223 255 223 0 0 0 0 0 0 0 0 0 0 0 0 0 0 0 0 0 0 8 8 73 111 111 111 111 111 111 105 105 233 255 255 255 255 255 255 255 255 255 255 238 8 8 8 8 8 8 9 73 201 201 201 193 193 193 193 193 64 0 0 0
8 255 255 255 255 255 255 255 101 101 101 97 33 32 33 61 125 255 255 255 255 255 255 255 255 255 255 255 255 255 255 255 255 255 255 255 255 255 255 255 255 255 255 255 255 255 255 255 255 239 205 204 204 204 204 204 0 4 0 4 0 4 0 4 0 4 0 4 0 4 236 255 255 255 255 255 237 136 136 136 136 136 136 136 136 136 136 136 136 136 202 202 74 72 72 72 109 109 109 109 109 109 109 109 108 108 76 76 76 76 76 76 76 76 76 76 76 76 204 220 220 204 8 8 168 232 255 255 255 255 255 255 255 255 255 255 255 255 255 255 73 73 73 255 255 255 255 255 255 255 255 255 255 255 255 255 255 255 255 255 255 107 0 0 0 0 0 0 0 0 0 0 217 223 255 223 255 223 255 0 0 0 0 0 0 0 0 0 0 0 0 0 0 0 0 0 0 8 8 73 111 111 111 111 111 111 105 105 233 255 255 255 255 255 255 255 255 255 255 238 8 8 8 8 8 8 9 73 201 201 201 193 193 193 193 193 64 0 0 0
8 255 255 255 255 255 255 255 101 101 101 97 32 33 32 61 125 255 255 255 255 255 255 255 255 255 255 255 255 255 255 255 255 255 255 255 255 255 255 255 255 255 255 255 255 255 255 255 255 239 205 204 204 204 204 204 4 0 4 0 4 0 4 0 4 0 4 0 4 0 236 255 255 255 255 255 237 136 136 136 136 136 136 136 136 136 136 136 136 136 202 202 74 72 72 72 109 109 109 109 109 109 109 109 108 108 76 76 76 76 76 76 76 76 76 76 76 76 204 220 220 204 8 8 168 232 255 255 255 255 255 255 255 255 255 255 255 255 255 255 73 73 73 255 255 255 255 255 255 255 255 255 255 255 255 255 255 255 255 255 255 107 0 0 0 0 0 0 0 0 0 0 217 255 223 255 223 255 223 0 0 0 0 0 0 0 0 0 0 0 0 0 0 0 0 0 0 8 8 73 111 111 111 111 111 111 105 105 233 255 255 255 255 255 255 255 255 255 255 238 8 8 8 8 8 8 9 73 201 201 201 193 193 193 193 193 64 0 0 0
8 255 255 255 255 255 255 255 101 101 101 97 33 32 33 61 125 255 255 255 255 255 255 255 255 255 255 255 255 255 255 255 255 255 255 255 255 255 255 255 255 255 255 255 255 255 255 255 255 239 205 204 204 204 204 204 0 4 0 4 0 4 0 4 0 4 0 4 0 4 236 255 255 255 255 255 237 136 136 136 136 136 136 136 136 136 136 136 136 136 202 202 74 72 72 72 109 109 109 109 109 109 109 109 108 108 76 76 76 76 76 76 76 76 76 76 76 76 204 220 220 204 8 8 168 232 255 255 255 255 255 255 255 255 255 255 255 255 255 255 73 73 73 255 255 255 255 255 255 255 255 255 255 255 255 255 255 255 255 255 255 107 0 0 0 0 0 0 0 0 0 0 217 223 255 223 255 223 255 0 0 0 0 0 0 0 0 0 0 0 0 0 0 0 0 0 0 8 8 73 111 111 111 111 111 111 105 105 233 255 255 255 255 255 255 255 255 255 255 238 8 8 8 8 8 8 9 73 201 201 201 193 193 193 193 193 64 0 0 0
8 255 255 255 255 255 255 255 101 101 101 97 32 33 32 61 125 255 255 255 255 255 255 255 255 255 255 255 255 255 255 255 255 255 255 255 255 255 255 255 255 255 255 255 255 255 255 255 255 239 205 204 204 204 204 204 4 0 4 0 4 0 4 0 4 0 4 0 4 0 236 255 255 255 255 255 237 136 136 136 136 136 136 136 136 136 136 136 136 136 202 202 74 72 72 72 109 109 109 109 109 109 109 109 108 108 76 76 76 76 76 76 76 76 76 76 76 76 204 220 220 204 8 8 168 232 255 255 255 255 255 255 255 255 255 255 255 255 255 255 73 73 73 255 255 255 255 255 255 255 255 255 255 255 255 255 255 255 255 255 255 107 0 0 0 0 0 0 0 0 0 0 217 255 223 255 223 255 223 0 0 0 0 0 0 0 0 0 0 0 0 0 0 0 0 0 0 8 8 73 111 111 111 111 111 111 105 105 233 255 255 255 255 255 255 255 255 255 255 238 8 8 8 8 8 8 9 73 201 201 201 193 193 193 193 193 64 0 0 0
8 255 255 255 255 255 255 255 101 101 101 97 33 32 33 61 125 255 255 255 255 255 255 255 255 255 255 255 255 255 255 255 255 255 255 255 255 255 255 255 255 255 255 255 255 255 255 255 255 239 205 204 204 204 204 204 0 4 0 4 0 4 0 4 0 4 0 4 0 4 236 255 255 255 255 255 237 136 136 136 136 136 136 136 136 136 136 136 136 136 202 202 74 72 72 72 109 109 109 109 109 109 109 109 108 108 76 76 76 76 76 76 76 76 76 76 76 76 204 220 220 204 8 8 168 232 255 255 255 255 255 255 255 255 255 255 255 255 255 255 73 73 73 255 255 255 255 255 255 255 255 255 255 255 255 255 255 255 255 255 255 107 0 0 0 0 0 0 0 0 0 0 217 223 255 223 255 223 255 0 0 0 0 0 0 0 0 0 0 0 0 0 0 0 0 0 0 8 8 73 111 111 111 111 111 111 105 105 233 255 255 255 255 255 255 255 255 255 255 238 8 8 8 8 8 8 9 73 201 201 201 193 193 193 193 193 64 0 0 0
8 255 255 255 255 255 255 255 101 101 101 97 32 33 32 61 125 255 255 255 255 255 255 255 255 255 255 255 255 255 255 255 255 255 255 255 255 255 255 255 255 255 255 255 255 255 255 255 255 239 205 204 204 204 204 204 4 0 4 0 4 0 4 0 4 0 4 0 4 0 236 255 255 255 255 255 237 136 136 136 136 136 136 136 136 136 136 136 136 136 202 202 74 72 72 72 109 109 109 109 109 109 109 109 108 108 76 76 76 76 76 76 76 76 76 76 76 76 204 220 220 204 8 8 168 232 255 255 255 255 255 255 255 255 255 255 255 255 255 255 73 73 73 255 255 255 255 255 255 255 255 255 255 255 255 255 255 255 255 255 255 107 0 0 0 0 0 0 0 0 0 0 217 255 223 255 223 255 223 0 0 0 0 0 0 0 0 0 0 0 0 0 0 0 0 0 0 8 8 73 111 111 111 111 111 111 105 105 233 255 255 255 255 255 255 255 255 255 255 238 8 8 8 8 8 8 9 73 201 201 201 193 193 193 193 193 64 0 0 0
8 255 255 255 255 255 255 255 101 101 101 97 33 32 33 61 125 255 255 255 255 255 255 255 255 255 255 255 255 255 255 255 255 255 255 255 255 255 255 255 255 255 255 255 255 255 255 255 255 239 205 204 204 204 204 204 0 4 0 4 0 4 0 4 0 4 0 4 0 4 236 255 255 255 255 255 237 136 136 136 136 136 136 136 136 136 136 136 136 136 202 202 74 72 72 72 109 109 109 109 109 109 109 109 108 108 76 76 76 76 76 76 76 76 76 76 76 76 204 220 220 204 8 8 168 232 255 255 255 255 255 255 255 255 255 255 255 255 255 255 73 73 73 255 255 255 255 255 255 255 255 255 255 255 255 255 255 255 255 255 255 107 0 0 0 0 0 0 0 0 0 0 217 223 255 223 255 223 255 0 0 0 0 0 0 0 0 0 0 0 0 0 0 0 0 0 0 8 8 73 111 111 111 111 111 111 105 105 233 255 255 255 255 255 255 255 255 255 255 238 8 8 8 8 8 8 9 73 201 201 201 193 193 193 193 193 64 0 0 0
8 255 255 255 255 255 255 255 101 101 101 97 32 33 32 61 125 255 255 255 255 255 255 255 255 255 255 255 255 255 255 255 255 255 255 255 255 255 255 255 255 255 255 255 255 255 255 255 255 239 205 204 204 204 204 204 4 0 4 0 4 0 4 0 4 0 4 0 4 0 236 255 255 255 255 255 237 136 136 136 136 136 136 136 136 136 136 136 136 136 202 202 74 72 72 72 109 109 109 109 109 109 109 109 108 108 76 76 76 76 76 76 76 76 76 76 76 76 204 220 220 204 8 8 168 232 255 255 255 255 255 255 255 255 255 255 255 255 255 255 73 73 73 255 255 255 255 255 255 255 255 255 255 255 255 255 255 255 255 255 255 107 0 0 0 0 0 0 0 0 0 0 217 255 223 255 223 255 223 0 0 0 0 0 0 0 0 0 0 0 0 0 0 0 0 0 0 8 8 73 111 111 111 111 111 111 105 105 233 255 255 255 255 255 255 255 255 255 255 238 8 8 8 8 8 8 9 73 201 201 201 193 193 193 193 193 64 0 0 0
8 255 255 255 255 255 255 255 101 101 101 97 33 32 33 61 125 255 255 255 255 255 255 255 255 255 255 255 255 255 255 255 255 255 255 255 255 255 255 255 255 255 255 255 255 255 255 255 255 239 205 204 204 204 204 204 0 4 0 4 0 4 0 4 0 4 0 4 0 4 236 255 255 255 255 255 237 136 136 136 136 136 136 136 136 136 136 136 136 136 202 202 74 72 72 72 109 109 109 109 109 109 109 109 108 108 76 76 76 76 76 76 76 76 76 76 76 76 204 220 220 204 8 8 168 232 255 255 255 255 255 255 255 255 255 255 255 255 255 255 73 73 73 255 255 255 255 255 255 255 255 255 255 255 255 255 255 255 255 255 255 107 0 0 0 0 0 0 0 0 0 0 217 223 255 223 255 223 255 0 0 0 0 0 0 0 0 0 0 0 0 0 0 0 0 0 0 8 8 73 111 111 111 111 111 111 105 105 233 255 255 255 255 255 255 255 255 255 255 238 8 8 8 8 8 8 9 73 201 201 201 193 193 193 193 193 64 0 0 0
8 255 255 255 255 255 255 255 101 101 101 97 32 33 32 61 125 255 255 255 255 255 255 255 255 255 255 255 255 255 255 255 255 255 255 255 255 255 255 255 255 255 255 255 255 255 255 255 255 239 205 204 204 204 204 204 4 0 4 0 4 0 4 0 4 0 4 0 4 0 236 255 255 255 255 255 237 136 136 136 136 136 136 136 136 136 136 136 136 136 202 202 74 72 72 72 109 109 109 109 109 109 109 109 108 108 76 76 76 76 76 76 76 76 76 76 76 76 204 220 220 204 8 8 168 232 255 255 255 255 255 255 255 255 255 255 255 255 255 255 73 73 73 255 255 255 255 255 255 255 255 255 255 255 255 255 255 255 255 255 255 107 0 0 0 0 0 0 0 0 0 0 217 255 223 255 223 255 223 0 0 0 0 0 0 0 0 0 0 0 0 0 0 0 0 0 0 8 8 73 111 111 111 111 111 111 105 105 233 255 255 255 255 255 255 255 255 255 255 238 8 8 8 8 8 8 9 73 201 201 201 193 193 193 193 193 64 0 0 0
8 255 255 255 255 255 255 255 101 101 101 97 33 32 33 61 125 255 255 255 255 255 255 255 255 255 255 255 255 255 255 255 255 255 255 255 255 255 255 255 255 255 255 255 255 255 255 255 255 239 205 204 204 204 204 204 0 4 0 4 0 4 0 4 0 4 0 4 0 4 236 255 255 255 255 255 237 136 136 136 136 136 136 136 136 136 136 136 136 136 202 202 74 72 72 72 109 109 109 109 109 109 109 109 108 108 76 76 76 76 76 76 76 76 76 76 76 76 204 220 220 204 8 8 168 232 255 255 255 255 255 255 255 255 255 255 255 255 255 255 73 73 73 255 255 255 255 255 255 255 255 255 255 255 255 255 255 255 255 255 255 107 0 0 0 0 0 0 0 0 0 0 217 223 255 223 255 223 255 0 0 0 0 0 0 0 0 0 0 0 0 0 0 0 0 0 0 8 8 73 111 111 111 111 111 111 105 105 233 255 255 255 255 255 255 255 255 255 255 238 8 8 8 8 8 8 9 73 201 201 201 193 193 193 193 193 64 0 0 0
8 255 255 255 255 255 255 255 101 101 101 97 32 33 32 61 125 255 255 255 255 255 255 255 255 255 255 255 255 255 255 255 255 255 255 255 255 255 255 255 255 255 255 255 255 255 255 255 255 239 205 204 204 204 204 204 4 0 4 0 4 0 4 0 4 0 4 0 4 0 236 255 255 255 255 255 237 136 136 136 136 136 136 136 136 136 136 136 136 136 202 202 74 72 72 72 109 109 109 109 109 109 109 109 108 108 76 76 76 76 76 76 76 76 76 76 76 76 204 220 220 204 8 8 168 232 255 255 255 255 255 255 255 255 255 255 255 255 255 255 73 73 73 255 255 255 255 255 255 255 255 255 255 255 255 255 255 255 255 255 255 107 0 0 0 0 0 0 0 0 0 0 217 255 223 255 223 255 223 0 0 0 0 0 0 0 0 0 0 0 0 0 0 0 0 0 0 8 8 73 111 111 111 111 111 111 105 105 233 255 255 255 255 255 255 255 255 255 255 238 8 8 8 8 8 8 9 73 201 201 201 193 193 193 193 193 64 0 0 0
8 255 255 255 255 255 255 255 101 101 101 97 33 32 33 61 125 255 255 255 255 255 255 255 255 255 255 255 255 255 255 255 255 255 255 255 255 255 255 255 255 255 255 255 255 255 255 255 255 239 205 204 204 204 204 204 0 4 0 4 0 4 0 4 0 4 0 4 0 4 236 255 255 255 255 255 237 136 136 136 136 136 136 136 136 136 136 136 136 136 202 202 74 72 72 72 109 109 109 109 109 109 109 109 108 108 76 76 76 76 76 76 76 76 76 76 76 76 204 220 220 204 8 8 168 232 255 255 255 255 255 255 255 255 255 255 255 255 255 255 73 73 73 255 255 255 255 255 255 255 255 255 255 255 255 255 255 255 255 255 255 107 0 0 0 0 0 0 0 0 0 0 217 223 255 223 255 223 255 0 0 0 0 0 0 0 0 0 0 0 0 0 0 0 0 0 0 8 8 73 111 111 111 111 111 111 105 105 233 255 255 255 255 255 255 255 255 255 255 238 8 8 8 8 8 8 9 73 201 201 201 193 193 193 193 193 64 0 0 0
8 255 255 255 255 255 255 255 101 101 101 97 32 33 32 61 125 255 255 255 255 255 255 255 255 255 255 255 255 255 255 255 255 255 255 255 255 255 255 255 255 255 255 255 255 255 255 255 255 239 205 204 204 204 204 204 4 0 4 0 4 0 4 0 4 0 4 0 4 0 236 255 255 255 255 255 237 136 136 136 136 136 136 136 136 136 136 136 136 136 202 202 74 72 72 72 109 109 109 109 109 109 109 109 108 108 76 76 76 76 76 76 76 76 76 76 76 76 204 220 220 204 8 8 168 232 255 255 255 255 255 255 255 255 255 255 255 255 255 255 73 73 73 255 255 255 255 255 255 255 255 255 255 255 255 255 255 255 255 255 255 107 0 0 0 0 0 0 0 0 0 0 217 255 223 255 223 255 223 0 0 0 0 0 0 0 0 0 0 0 0 0 0 0 0 0 0 8 8 73 111 111 111 111 111 111 105 105 233 255 255 255 255 255 255 255 255 255 255 238 8 8 8 8 8 8 9 73 201 201 201 193 193 193 193 193 64 0 0 0
8 255 255 255 255 255 255 255 101 101 101 97 33 32 33 61 125 255 255 255 255 255 255 255 255 255 255 255 255 255 255 255 255 255 255 255 255 255 255 255 255 255 255 255 255 255 255 255 255 239 205 204 204 204 204 204 0 4 0 4 0 4 0 4 0 4 0 4 0 4 236 255 255 255 255 255 237 136 136 136 136 136 136 136 136 136 136 136 136 136 202 202 74 72 72 72 109 109 109 109 109 109 109 109 108 108 76 76 76 76 76 76 76 76 76 76 76 76 204 220 220 204 8 8 168 232 255 255 255 255 255 255 255 255 255 255 255 255 255 255 73 73 73 255 255 255 255 255 255 255 255 255 255 255 255 255 255 255 255 255 255 107 0 0 0 0 0 0 0 0 0 0 217 223 255 223 255 223 255 0 0 0 0 0 0 0 0 0 0 0 0 0 0 0 0 0 0 8 8 73 111 111 111 111 111 111 105 105 233 255 255 255 255 255 255 255 255 255 255 238 8 8 8 8 8 8 9 73 201 201 201 193 193 193 193 193 64 0 0 0
8 255 255 255 255 255 255 255 101 101 101 97 32 33 32 61 125 255 255 255 255 255 255 255 255 255 255 255 255 255 255 255 255 255 255 255 255 255 255 255 255 255 255 255 255 255 255 255 255 239 205 204 204 204 204 204 4 0 4 0 4 0 4 0 4 0 4 0 4 0 236 255 255 255 255 255 237 136 136 136 136 136 136 136 136 136 136 136 136 136 202 202 74 72 72 72 109 109 109 109 109 109 109 109 108 108 76 76 76 76 76 76 76 76 76 76 76 76 204 220 220 204 8 8 168 232 255 255 255 255 255 255 255 255 255 255 255 255 255 255 73 73 73 255 255 255 255 255 255 255 255 255 255 255 255 255 255 255 255 255 255 107 0 0 0 0 0 0 0 0 0 0 217 255 223 255 223 255 223 0 0 0 0 0 0 0 0 0 0 0 0 0 0 0 0 0 0 8 8 73 111 111 111 111 111 111 105 105 233 255 255 255 255 255 255 255 255 255 255 238 8 8 8 8 8 8 9 73 201 201 201 193 193 193 193 193 64 0 0 0
8 255 255 255 255 255 255 255 101 101 101 97 33 32 33 61 125 255 255 255 255 255 255 255 255 255 255 255 255 255 255 255 255 255 255 255 255 255 255 255 255 255 255 255 255 255 255 255 255 239 205 204 204 204 204 204 0 4 0 4 0 4 0 4 0 4 0 4 0 4 236 255 255 255 255 255 237 136 136 136 136 136 136 136 136 136 136 136 136 136 202 202 74 72 72 72 109 109 109 109 109 109 109 109 108 108 76 76 76 76 76 76 76 76 76 76 76 76 204 220 220 204 8 8 168 232 255 255 255 255 255 255 255 255 255 255 255 255 255 255 73 73 73 255 255 255 255 255 255 255 255 255 255 255 255 255 255 255 255 255 255 107 0 0 0 0 0 0 0 0 0 0 217 223 255 223 255 223 255 0 0 0 0 0 0 0 0 0 0 0 0 0 0 0 0 0 0 8 8 73 111 111 111 111 111 111 105 105 233 255 255 255 255 255 255 255 255 255 255 238 8 8 8 8 8 8 9 73 201 201 201 193 193 193 193 193 64 0 0 0
8 255 255 255 255 255 255 255 101 101 101 97 32 33 32 61 125 255 255 255 255 255 255 255 255 255 255 255 255 255 255 255 255 255 255 255 255 255 255 255 255 255 255 255 255 255 255 255 255 239 205 204 204 204 204 204 4 0 4 0 4 0 4 0 4 0 4 0 4 0 236 255 255 255 255 255 237 136 136 136 136 136 136 136 136 136 136 136 136 136 202 202 74 72 72 72 109 109 109 109 109 109 109 109 108 108 76 76 76 76 76 76 76 76 76 76 76 76 204 220 220 204 8 8 168 232 255 255 255 255 255 255 255 255 255 255 255 255 255 255 73 73 73 255 255 255 255 255 255 255 255 255 255 255 255 255 255 255 255 255 255 107 0 0 0 0 0 0 0 0 0 0 217 255 223 255 223 255 223 0 0 0 0 0 0 0 0 0 0 0 0 0 0 0 0 0 0 8 8 73 111 111 111 111 111 111 105 105 233 255 255 255 255 255 255 255 255 255 255 238 8 8 8 8 8 8 9 73 201 201 201 193 193 193 193 193 64 0 0 0
8 255 255 255 255 255 255 255 101 101 101 97 33 32 33 61 125 255 255 255 255 255 255 255 255 255 255 255 255 255 255 255 255 255 255 255 255 255 255 255 255 255 255 255 255 255 255 255 255 239 205 204 204 204 204 204 0 4 0 4 0 4 0 4 0 4 0 4 0 4 236 255 255 255 255 255 237 136 136 136 136 136 136 136 136 136 136 136 136 136 202 202 74 72 72 72 109 109 109 109 109 109 109 109 108 108 76 76 76 76 76 76 76 76 76 76 76 76 204 220 220 204 8 8 168 232 255 255 255 255 255 255 255 255 255 255 255 255 255 255 73 73 73 255 255 255 255 255 255 255 255 255 255 255 255 255 255 255 255 255 255 107 0 0 0 0 0 0 0 0 0 0 217 223 255 223 255 223 255 0 0 0 0 0 0 0 0 0 0 0 0 0 0 0 0 0 0 8 8 73 111 111 111 111 111 111 105 105 233 255 255 255 255 255 255 255 255 255 255 238 8 8 8 8 8 8 9 73 201 201 201 193 193 193 193 193 64 0 0 0
8 255 255 255 255 255 255 255 101 101 101 97 32 33 32 61 125 255 255 255 255 255 255 255 255 255 255 255 255 255 255 255 255 255 255 255 255 255 255 255 255 255 255 255 255 255 255 255 255 239 205 204 204 204 204 204 4 0 4 0 4 0 4 0 4 0 4 0 4 0 236 255 255 255 255 255 237 136 136 136 136 136 136 136 136 136 136 136 136 136 202 202 74 72 72 72 109 109 109 109 109 109 109 109 108 108 76 76 76 76 76 76 76 76 76 76 76 76 204 220 220 204 8 8 168 232 255 255 255 255 255 255 255 255 255 255 255 255 255 255 73 73 73 255 255 255 255 255 255 255 255 255 255 255 255 255 255 255 255 255 255 107 0 0 0 0 0 0 0 0 0 0 217 255 223 255 223 255 223 0 0 0 0 0 0 0 0 0 0 0 0 0 0 0 0 0 0 8 8 73 111 111 111 111 111 111 105 105 233 255 255 255 255 255 255 255 255 255 255 238 8 8 8 8 8 8 9 73 201 201 201 193 193 193 193 193 64 0 0 0
8 255 255 255 255 255 255 255 101 101 101 97 33 32 33 61 125 255 255 255 255 255 255 255 255 255 255 255 255 255 255 255 255 255 255 255 255 255 255 255 255 255 255 255 255 255 255 255 255 239 205 204 204 204 204 204 0 4 0 4 0 4 0 4 0 4 0 4 0 4 236 255 255 255 255 255 237 136 136 136 136 136 136 136 136 136 136 136 136 136 202 202 74 72 72 72 109 109 109 109 109 109 109 109 108 108 76 76 76 76 76 76 76 76 76 76 76 76 204 220 220 204 8 8 168 232 255 255 255 255 255 255 255 255 255 255 255 255 255 255 73 73 73 255 255 255 255 255 255 255 255 255 255 255 255 255 255 255 255 255 255 107 0 0 0 0 0 0 0 0 0 0 217 223 255 223 255 223 255 0 0 0 0 0 0 0 0 0 0 0 0 0 0 0 0 0 0 8 8 73 111 111 111 111 111 111 105 105 233 255 255 255 255 255 255 255 255 255 255 238 8 8 8 8 8 8 9 73 201 201 201 193 193 193 193 193 64 0 0 0
8 255 255 255 255 255 255 255 101 101 101 97 32 33 32 61 125 255 255 255 255 255 255 255 255 255 255 255 255 255 255 255 255 255 255 255 255 255 255 255 255 255 255 255 255 255 255 255 255 239 205 204 204 204 204 204 4 0 4 0 4 0 4 0 4 0 4 0 4 0 236 255 255 255 255 255 237 136 136 136 136 136 136 136 136 136 136 136 136 136 202 202 74 72 72 72 109 109 109 109 109 109 109 109 108 108 76 76 76 76 76 76 76 76 76 76 76 76 204 220 220 204 8 8 168 232 255 255 255 255 255 255 255 255 255 255 255 255 255 255 73 73 73 255 255 255 255 255 255 255 255 255 255 255 255 255 255 255 255 255 255 107 0 0 0 0 0 0 0 0 0 0 217 255 223 255 223 255 223 0 0 0 0 0 0 0 0 0 0 0 0 0 0 0 0 0 0 8 8 73 111 111 111 111 111 111 105 105 233 255 255 255 255 255 255 255 255 255 255 238 8 8 8 8 8 8 9 73 201 201 201 193 193 193 193 193 64 0 0 0
8 255 255 255 255 255 255 255 101 101 101 97 33 32 33 61 125 255 255 255 255 255 255 255 255 255 255 255 255 255 255 255 255 255 255 255 255 255 255 255 255 255 255 255 255 255 255 255 255 239 205 204 204 204 204 204 0 4 0 4 0 4 0 4 0 4 0 4 0 4 236 255 255 255 255 255 237 136 136 136 136 136 136 136 136 136 136 136 136 136 202 202 74 72 72 72 109 109 109 109 109 109 109 109 108 108 76 76 76 76 76 76 76 76 76 76 76 76 204 220 220 204 8 8 168 232 255 255 255 255 255 255 255 255 255 255 255 255 255 255 73 73 73 255 255 255 255 255 255 255 255 255 255 255 255 255 255 255 255 255 255 107 0 0 0 0 0 0 0 0 0 0 217 223 255 223 255 223 255 0 0 0 0 0 0 0 0 0 0 0 0 0 0 0 0 0 0 8 8 73 111 111 111 111 111 111 105 105 233 255 255 255 255 255 255 255 255 255 255 238 8 8 8 8 8 8 9 73 201 201 201 193 193 193 193 193 64 0 0 0
8 255 255 255 255 255 255 255 101 101 101 97 32 33 32 61 125 255 255 255 255 255 255 255 255 255 255 255 255 255 255 255 255 255 255 255 255 255 255 255 255 255 255 255 255 255 255 255 255 239 205 204 204 204 204 204 4 0 4 0 4 0 4 0 4 0 4 0 4 0 236 255 255 255 255 255 237 136 136 136 136 136 136 136 136 136 136 136 136 136 202 202 74 72 72 72 109 109 109 109 109 109 109 109 108 108 76 76 76 76 76 76 76 76 76 76 76 76 204 220 220 204 8 8 168 232 255 255 255 255 255 255 255 255 255 255 255 255 255 255 73 73 73 255 255 255 255 255 255 255 255 255 255 255 255 255 255 255 255 255 255 107 0 0 0 0 0 0 0 0 0 0 217 255 223 255 223 255 223 0 0 0 0 0 0 0 0 0 0 0 0 0 0 0 0 0 0 8 8 73 111 111 111 111 111 111 105 105 233 255 255 255 255 255 255 255 255 255 255 238 8 8 8 8 8 8 9 73 201 201 201 193 193 193 193 193 64 0 0 0
8 255 255 255 255 255 255 255 101 101 101 97 33 32 33 61 125 255 255 255 255 255 255 255 255 255 255 255 255 255 255 255 255 255 255 255 255 255 255 255 255 255 255 255 255 255 255 255 255 239 205 204 204 204 204 204 0 4 0 4 0 4 0 4 0 4 0 4 0 4 236 255 255 255 255 255 237 136 136 136 136 136 136 136 136 136 136 136 136 136 202 202 74 72 72 72 109 109 109 109 109 109 109 109 108 108 76 76 76 76 76 76 76 76 76 76 76 76 204 220 220 204 8 8 168 232 255 255 255 255 255 255 255 255 255 255 255 255 255 255 73 73 73 255 255 255 255 255 255 255 255 255 255 255 255 255 255 255 255 255 255 107 0 0 0 0 0 0 0 0 0 0 217 223 255 223 255 223 255 0 0 0 0 0 0 0 0 0 0 0 0 0 0 0 0 0 0 8 8 73 111 111 111 111 111 111 105 105 233 255 255 255 255 255 255 255 255 255 255 238 8 8 8 8 8 8 9 73 201 201 201 193 193 193 193 193 64 0 0 0
8 255 255 255 255 255 255 255 101 101 101 97 32 33 32 61 125 255 255 255 255 255 255 255 255 255 255 255 255 255 255 255 255 255 255 255 255 255 255 255 255 255 255 255 255 255 255 255 255 239 205 204 204 204 204 204 4 0 4 0 4 0 4 0 4 0 4 0 4 0 236 255 255 255 255 255 237 136 136 136 136 136 136 136 136 136 136 136 136 136 202 202 74 72 72 72 109 109 109 109 109 109 109 109 108 108 76 76 76 76 76 76 76 76 76 76 76 76 204 220 220 204 8 8 168 232 255 255 255 255 255 255 255 255 255 255 255 255 255 255 73 73 73 255 255 255 255 255 255 255 255 255 255 255 255 255 255 255 255 255 255 107 0 0 0 0 0 0 0 0 0 0 217 255 223 255 223 255 223 0 0 0 0 0 0 0 0 0 0 0 0 0 0 0 0 0 0 8 8 73 111 111 111 111 111 111 105 105 233 255 255 255 255 255 255 255 255 255 255 238 8 8 8 8 8 8 9 73 201 201 201 193 193 193 193 193 64 0 0 0
8 255 255 255 255 255 255 255 101 101 101 97 33 32 33 61 125 255 255 255 255 255 255 255 255 255 255 255 255 255 255 255 255 255 255 255 255 255 255 255 255 255 255 255 255 255 255 255 255 239 205 204 204 204 204 204 0 4 0 4 0 4 0 4 0 4 0 4 0 4 236 255 255 255 255 255 237 136 136 136 136 136 136 136 136 136 136 136 136 136 202 202 74 72 72 72 109 109 109 109 109 109 109 109 108 108 76 76 76 76 76 76 76 76 76 76 76 76 204 220 220 204 8 8 168 232 255 255 255 255 255 255 255 255 255 255 255 255 255 255 73 73 73 255 255 255 255 255 255 255 255 255 255 255 255 255 255 255 255 255 255 107 0 0 0 0 0 0 0 0 0 0 217 223 255 223 255 223 255 0 0 0 0 0 0 0 0 0 0 0 0 0 0 0 0 0 0 8 8 73 111 111 111 111 111 111 105 105 233 255 255 255 255 255 255 255 255 255 255 238 8 8 8 8 8 8 9 73 201 201 201 193 193 193 193 193 64 0 0 0
8 255 255 255 255 255 255 255 101 101 101 97 32 33 32 61 125 255 255 255 255 255 255 255 255 255 255 255 255 255 255 255 255 255 255 255 255 255 255 255 255 255 255 255 255 255 255 255 255 239 205 204 204 204 204 204 4 0 4 0 4 0 4 0 4 0 4 0 4 0 236 255 255 255 255 255 237 136 136 136 136 136 136 136 136 136 136 136 136 136 202 202 74 72 72 72 109 109 109 109 109 109 109 109 108 108 76 76 76 76 76 76 76 76 76 76 76 76 204 220 220 204 8 8 168 232 255 255 255 255 255 255 255 255 255 255 255 255 255 255 73 73 73 255 255 255 255 255 255 255 255 255 255 255 255 255 255 255 255 255 255 107 0 0 0 0 0 0 0 0 0 0 217 255 223 255 223 255 223 0 0 0 0 0 0 0 0 0 0 0 0 0 0 0 0 0 0 8 8 73 111 111 111 111 111 111 105 105 233 255 255 255 255 255 255 255 255 255 255 238 8 8 8 8 8 8 9 73 201 201 201 193 193 193 193 193 64 0 0 0
8 255 255 255 255 255 255 255 101 101 101 97 33 32 33 61 125 255 255 255 255 255 255 255 255 255 255 255 255 255 255 255 255 255 255 255 255 255 255 255 255 255 255 255 255 255 255 255 255 239 205 204 204 204 204 204 0 4 0 4 0 4 0 4 0 4 0 4 0 4 236 255 255 255 255 255 237 136 136 136 136 136 136 136 136 136 136 136 136 136 202 202 74 72 72 72 109 109 109 109 109 109 109 109 108 108 76 76 76 76 76 76 76 76 76 76 76 76 204 220 220 204 8 8 168 232 255 255 255 255 255 255 255 255 255 255 255 255 255 255 73 73 73 255 255 255 255 255 255 255 255 255 255 255 255 255 255 255 255 255 255 107 0 0 0 0 0 0 0 0 0 0 217 223 255 223 255 223 255 0 0 0 0 0 0 0 0 0 0 0 0 0 0 0 0 0 0 8 8 73 111 111 111 111 111 111 105 105 233 255 255 255 255 255 255 255 255 255 255 238 8 8 8 8 8 8 9 73 201 201 201 193 193 193 193 193 64 0 0 0
8 255 255 255 255 255 255 255 101 101 101 97 32 33 32 61 125 255 255 255 255 255 255 255 255 255 255 255 255 255 255 255 255 255 255 255 255 255 255 255 255 255 255 255 255 255 255 255 255 239 205 204 204 204 204 204 4 0 4 0 4 0 4 0 4 0 4 0 4 0 236 255 255 255 255 255 237 136 136 136 136 136 136 136 136 136 136 136 136 136 202 202 74 72 72 72 109 109 109 109 109 109 109 109 108 108 76 76 76 76 76 76 76 76 76 76 76 76 204 220 220 204 8 8 168 232 255 255 255 255 255 255 255 255 255 255 255 255 255 255 73 73 73 255 255 255 255 255 255 255 255 255 255 255 255 255 255 255 255 255 255 107 0 0 0 0 0 0 0 0 0 0 217 255 223 255 223 255 223 0 0 0 0 0 0 0 0 0 0 0 0 0 0 0 0 0 0 8 8 73 111 111 111 111 111 111 105 105 233 255 255 255 255 255 255 255 255 255 255 238 8 8 8 8 8 8 9 73 201 201 201 193 193 193 193 193 64 0 0 0
8 255 255 255 255 255 255 255 101 101 101 97 33 32 33 61 125 255 255 255 255 255 255 255 255 255 255 255 255 255 255 255 255 255 255 255 255 255 255 255 255 255 255 255 255 255 255 255 255 239 205 204 204 204 204 204 0 4 0 4 0 4 0 4 0 4 0 4 0 4 236 255 255 255 255 255 237 136 136 136 136 136 136 136 136 136 136 136 136 136 202 202 74 72 72 72 109 109 109 109 109 109 109 109 108 108 76 76 76 76 76 76 76 76 76 76 76 76 204 220 220 204 8 8 168 232 255 255 255 255 255 255 255 255 255 255 255 255 255 255 73 73 73 255 255 255 255 255 255 255 255 255 255 255 255 255 255 255 255 255 255 107 0 0 0 0 0 0 0 0 0 0 217 223 255 223 255 223 255 0 0 0 0 0 0 0 0 0 0 0 0 0 0 0 0 0 0 8 8 73 111 111 111 111 111 111 105 105 233 255 255 255 255 255 255 255 255 255 255 238 8 8 8 8 8 8 9 73 201 201 201 193 193 193 193 193 64 0 0 0
8 255 255 255 255 255 255 255 101 101 101 97 32 33 32 61 125 255 255 255 255 255 255 255 255 255 255 255 255 255 255 255 255 255 255 255 255 255 255 255 255 255 255 255 255 255 255 255 255 239 205 204 204 204 204 204 4 0 4 0 4 0 4 0 4 0 4 0 4 0 236 255 255 255 255 255 237 136 136 136 136 136 136 136 136 136 136 136 136 136 202 202 74 72 72 72 109 109 109 109 109 109 109 109 108 108 76 76 76 76 76 76 76 76 76 76 76 76 204 220 220 204 8 8 168 232 255 255 255 255 255 255 255 255 255 255 255 255 255 255 73 73 73 255 255 255 255 255 255 255 255 255 255 255 255 255 255 255 255 255 255 107 0 0 0 0 0 0 0 0 0 0 217 255 223 255 223 255 223 0 0 0 0 0 0 0 0 0 0 0 0 0 0 0 0 0 0 8 8 73 111 111 111 111 111 111 105 105 233 255 255 255 255 255 255 255 255 255 255 238 8 8 8 8 8 8 9 73 201 201 201 193 193 193 193 193 64 0 0 0
8 255 255 255 255 255 255 255 101 101 101 97 33 32 33 61 125 255 255 255 255 255 255 255 255 255 255 255 255 255 255 255 255 255 255 255 255 255 255 255 255 255 255 255 255 255 255 255 255 239 205 204 204 204 204 204 0 4 0 4 0 4 0 4 0 4 0 4 0 4 236 255 255 255 255 255 237 136 136 136 136 136 136 136 136 136 136 136 136 136 202 202 74 72 72 72 109 109 109 109 109 109 109 109 108 108 76 76 76 76 76 76 76 76 76 76 76 76 204 220 220 204 8 8 168 232 255 255 255 255 255 255 255 255 255 255 255 255 255 255 73 73 73 255 255 255 255 255 255 255 255 255 255 255 255 255 255 255 255 255 255 107 0 0 0 0 0 0 0 0 0 0 217 223 255 223 255 223 255 0 0 0 0 0 0 0 0 0 0 0 0 0 0 0 0 0 0 8 8 73 111 111 111 111 111 111 105 105 233 255 255 255 255 255 255 255 255 255 255 238 8 8 8 8 8 8 9 73 201 201 201 193 193 193 193 193 64 0 0 0
8 255 255 255 255 255 255 255 101 101 101 97 32 33 32 61 125 255 255 255 255 255 255 255 255 255 255 255 255 255 255 255 255 255 255 255 255 255 255 255 255 255 255 255 255 255 255 255 255 239 205 204 204 204 204 204 4 0 4 0 4 0 4 0 4 0 4 0 4 0 236 255 255 255 255 255 237 136 136 136 136 136 136 136 136 136 136 136 136 136 202 202 74 72 72 72 109 109 109 109 109 109 109 109 108 108 76 76 76 76 76 76 76 76 76 76 76 76 204 220 220 204 8 8 168 232 255 255 255 255 255 255 255 255 255 255 255 255 255 255 73 73 73 255 255 255 255 255 255 255 255 255 255 255 255 255 255 255 255 255 255 107 0 0 0 0 0 0 0 0 0 0 217 255 223 255 223 255 223 0 0 0 0 0 0 0 0 0 0 0 0 0 0 0 0 0 0 8 8 73 111 111 111 111 111 111 105 105 233 255 255 255 255 255 255 255 255 255 255 238 8 8 8 8 8 8 9 73 201 201 201 193 193 193 193 193 64 0 0 0
8 255 255 255 255 255 255 255 101 101 101 97 33 32 33 61 125 255 255 255 255 255 255 255 255 255 255 255 255 255 255 255 255 255 255 255 255 255 255 255 255 255 255 255 255 255 255 255 255 239 205 204 204 204 204 204 0 4 0 4 0 4 0 4 0 4 0 4 0 4 236 255 255 255 255 255 237 136 136 136 136 136 136 136 136 136 136 136 136 136 202 202 74 72 72 72 109 109 109 109 109 109 109 109 108 108 76 76 76 76 76 76 76 76 76 76 76 76 204 220 220 204 8 8 168 232 255 255 255 255 255 255 255 255 255 255 255 255 255 255 73 73 73 255 255 255 255 255 255 255 255 255 255 255 255 255 255 255 255 255 255 107 0 0 0 0 0 0 0 0 0 0 217 223 255 223 255 223 255 0 0 0 0 0 0 0 0 0 0 0 0 0 0 0 0 0 0 8 8 73 111 111 111 111 111 111 105 105 233 255 255 255 255 255 255 255 255 255 255 238 8 8 8 8 8 8 9 73 201 201 201 193 193 193 193 193 64 0 0 0
8 255 255 255 255 255 255 255 101 101 101 97 32 33 32 61 125 255 255 255 255 255 255 255 255 255 255 255 255 255 255 255 255 255 255 255 255 255 255 255 255 255 255 255 255 255 255 255 255 239 205 204 204 204 204 204 4 0 4 0 4 0 4 0 4 0 4 0 4 0 236 255 255 255 255 255 237 136 136 136 136 136 136 136 136 136 136 136 136 136 202 202 74 72 72 72 109 109 109 109 109 109 109 109 108 108 76 76 76 76 76 76 76 76 76 76 76 76 204 220 220 204 8 8 168 232 255 255 255 255 255 255 255 255 255 255 255 255 255 255 73 73 73 255 255 255 255 255 255 255 255 255 255 255 255 255 255 255 255 255 255 107 0 0 0 0 0 0 0 0 0 0 217 255 223 255 223 255 223 0 0 0 0 0 0 0 0 0 0 0 0 0 0 0 0 0 0 8 8 73 111 111 111 111 111 111 105 105 233 255 255 255 255 255 255 255 255 255 255 238 8 8 8 8 8 8 9 73 201 201 201 193 193 193 193 193 64 0 0 0
8 255 255 255 255 255 255 255 101 101 101 97 33 32 33 61 125 255 255 255 255 255 255 255 255 255 255 255 255 255 255 255 255 255 255 255 255 255 255 255 255 255 255 255 255 255 255 255 255 239 205 204 204 204 204 204 0 4 0 4 0 4 0 4 0 4 0 4 0 4 236 255 255 255 255 255 237 136 136 136 136 136 136 136 136 136 136 136 136 136 202 202 74 72 72 72 109 109 109 109 109 109 109 109 108 108 76 76 76 76 76 76 76 76 76 76 76 76 204 220 220 204 8 8 168 232 255 255 255 255 255 255 255 255 255 255 255 255 255 255 73 73 73 255 255 255 255 255 255 255 255 255 255 255 255 255 255 255 255 255 255 107 0 0 0 0 0 0 0 0 0 0 217 223 255 223 255 223 255 0 0 0 0 0 0 0 0 0 0 0 0 0 0 0 0 0 0 8 8 73 111 111 111 111 111 111 105 105 233 255 255 255 255 255 255 255 255 255 255 238 8 8 8 8 8 8 9 73 201 201 201 193 193 193 193 193 64 0 0 0
8 255 255 255 255 255 255 255 101 101 101 97 32 33 32 61 125 255 255 255 255 255 255 255 255 255 255 255 255 255 255 255 255 255 255 255 255 255 255 255 255 255 255 255 255 255 255 255 255 239 205 204 204 204 204 204 4 0 4 0 4 0 4 0 4 0 4 0 4 0 236 255 255 255 255 255 237 136 136 136 136 136 136 136 136 136 136 136 136 136 202 202 74 72 72 72 109 109 109 109 109 109 109 109 108 108 76 76 76 76 76 76 76 76 76 76 76 76 204 220 220 204 8 8 168 232 255 255 255 255 255 255 255 255 255 255 255 255 255 255 73 73 73 255 255 255 255 255 255 255 255 255 255 255 255 255 255 255 255 255 255 107 0 0 0 0 0 0 0 0 0 0 217 255 223 255 223 255 223 0 0 0 0 0 0 0 0 0 0 0 0 0 0 0 0 0 0 8 8 73 111 111 111 111 111 111 105 105 233 255 255 255 255 255 255 255 255 255 255 238 8 8 8 8 8 8 9 73 201 201 201 193 193 193 193 193 64 0 0 0
8 255 255 255 255 255 255 255 101 101 101 97 33 32 33 61 125 255 255 255 255 255 255 255 255 255 255 255 255 255 255 255 255 255 255 255 255 255 255 255 255 255 255 255 255 255 255 255 255 239 205 204 204 204 204 204 0 4 0 4 0 4 0 4 0 4 0 4 0 4 236 255 255 255 255 255 237 136 136 136 136 136 136 136 136 136 136 136 136 136 202 202 74 72 72 72 109 109 109 109 109 109 109 109 108 108 76 76 76 76 76 76 76 76 76 76 76 76 204 220 220 204 8 8 168 232 255 255 255 255 255 255 255 255 255 255 255 255 255 255 73 73 73 255 255 255 255 255 255 255 255 255 255 255 255 255 255 255 255 255 255 107 0 0 0 0 0 0 0 0 0 0 217 223 255 223 255 223 255 0 0 0 0 0 0 0 0 0 0 0 0 0 0 0 0 0 0 8 8 73 111 111 111 111 111 111 105 105 233 255 255 255 255 255 255 255 255 255 255 238 8 8 8 8 8 8 9 73 201 201 201 193 193 193 193 193 64 0 0 0
8 255 255 255 255 255 255 255 101 101 101 97 32 33 32 61 125 255 255 255 255 255 255 255 255 255 255 255 255 255 255 255 255 255 255 255 255 255 255 255 255 255 255 255 255 255 255 255 255 239 205 204 204 204 204 204 4 0 4 0 4 0 4 0 4 0 4 0 4 0 236 255 255 255 255 255 237 136 136 136 136 136 136 136 136 136 136 136 136 136 202 202 74 72 72 72 109 109 109 109 109 109 109 109 108 108 76 76 76 76 76 76 76 76 76 76 76 76 204 220 220 204 8 8 168 232 255 255 255 255 255 255 255 255 255 255 255 255 255 255 73 73 73 255 255 255 255 255 255 255 255 255 255 255 255 255 255 255 255 255 255 107 0 0 0 0 0 0 0 0 0 0 217 255 223 255 223 255 223 0 0 0 0 0 0 0 0 0 0 0 0 0 0 0 0 0 0 8 8 73 111 111 111 111 111 111 105 105 233 255 255 255 255 255 255 255 255 255 255 238 8 8 8 8 8 8 9 73 201 201 201 193 193 193 193 193 64 0 0 0
8 255 255 255 255 255 255 255 101 101 101 97 33 32 33 61 125 255 255 255 255 255 255 255 255 255 255 255 255 255 255 255 255 255 255 255 255 255 255 255 255 255 255 255 255 255 255 255 255 239 205 204 204 204 204 204 0 4 0 4 0 4 0 4 0 4 0 4 0 4 236 255 255 255 255 255 237 136 136 136 136 136 136 136 136 136 136 136 136 136 202 202 74 72 72 72 109 109 109 109 109 109 109 109 108 108 76 76 76 76 76 76 76 76 76 76 76 76 204 220 220 204 8 8 168 232 255 255 255 255 255 255 255 255 255 255 255 255 255 255 73 73 73 255 255 255 255 255 255 255 255 255 255 255 255 255 255 255 255 255 255 107 0 0 0 0 0 0 0 0 0 0 217 223 255 223 255 223 255 0 0 0 0 0 0 0 0 0 0 0 0 0 0 0 0 0 0 8 8 73 111 111 111 111 111 111 105 105 233 255 255 255 255 255 255 255 255 255 255 238 8 8 8 8 8 8 9 73 201 201 201 193 193 193 193 193 64 0 0 0
8 255 255 255 255 255 255 255 101 101 101 97 32 33 32 61 125 255 255 255 255 255 255 255 255 255 255 255 255 255 255 255 255 255 255 255 255 255 255 255 255 255 255 255 255 255 255 255 255 239 205 204 204 204 204 204 4 0 4 0 4 0 4 0 4 0 4 0 4 0 236 255 255 255 255 255 237 136 136 136 136 136 136 136 136 136 136 136 136 136 202 202 74 72 72 72 109 109 109 109 109 109 109 109 108 108 76 76 76 76 76 76 76 76 76 76 76 76 204 220 220 204 8 8 168 232 255 255 255 255 255 255 255 255 255 255 255 255 255 255 73 73 73 255 255 255 255 255 255 255 255 255 255 255 255 255 255 255 255 255 255 107 0 0 0 0 0 0 0 0 0 0 217 255 223 255 223 255 223 0 0 0 0 0 0 0 0 0 0 0 0 0 0 0 0 0 0 8 8 73 111 111 111 111 111 111 105 105 233 255 255 255 255 255 255 255 255 255 255 238 8 8 8 8 8 8 9 73 201 201 201 193 193 193 193 193 64 0 0 0
8 255 255 255 255 255 255 255 101 101 101 97 33 32 33 61 125 255 255 255 255 255 255 255 255 255 255 255 255 255 255 255 255 255 255 255 255 255 255 255 255 255 255 255 255 255 255 255 255 239 205 204 204 204 204 204 0 4 0 4 0 4 0 4 0 4 0 4 0 4 236 255 255 255 255 255 237 136 136 136 136 136 136 136 136 136 136 136 136 136 202 202 74 72 72 72 109 109 109 109 109 109 109 109 108 108 76 76 76 76 76 76 76 76 76 76 76 76 204 220 220 204 8 8 168 232 255 255 255 255 255 255 255 255 255 255 255 255 255 255 73 73 73 255 255 255 255 255 255 255 255 255 255 255 255 255 255 255 255 255 255 107 0 0 0 0 0 0 0 0 0 0 217 223 255 223 255 223 255 0 0 0 0 0 0 0 0 0 0 0 0 0 0 0 0 0 0 8 8 73 111 111 111 111 111 111 105 105 233 255 255 255 255 255 255 255 255 255 255 238 8 8 8 8 8 8 9 73 201 201 201 193 193 193 193 193 64 0 0 0
8 255 255 255 255 255 255 255 101 101 101 97 32 33 32 61 125 255 255 255 255 255 255 255 255 255 255 255 255 255 255 255 255 255 255 255 255 255 255 255 255 255 255 255 255 255 255 255 255 239 205 204 204 204 204 204 4 0 4 0 4 0 4 0 4 0 4 0 4 0 236 255 255 255 255 255 237 136 136 136 136 136 136 136 136 136 136 136 136 136 202 202 74 72 72 72 109 109 109 109 109 109 109 109 108 108 76 76 76 76 76 76 76 76 76 76 76 76 204 220 220 204 8 8 168 232 255 255 255 255 255 255 255 255 255 255 255 255 255 255 73 73 73 255 255 255 255 255 255 255 255 255 255 255 255 255 255 255 255 255 255 107 0 0 0 0 0 0 0 0 0 0 217 255 223 255 223 255 223 0 0 0 0 0 0 0 0 0 0 0 0 0 0 0 0 0 0 8 8 73 111 111 111 111 111 111 105 105 233 255 255 255 255 255 255 255 255 255 255 238 8 8 8 8 8 8 9 73 201 201 201 193 193 193 193 193 64 0 0 0
8 255 255 255 255 255 255 255 101 101 101 97 33 32 33 61 125 255 255 255 255 255 255 255 255 255 255 255 255 255 255 255 255 255 255 255 255 255 255 255 255 255 255 255 255 255 255 255 255 239 205 204 204 204 204 204 0 4 0 4 0 4 0 4 0 4 0 4 0 4 236 255 255 255 255 255 237 136 136 136 136 136 136 136 136 136 136 136 136 136 202 202 74 72 72 72 109 109 109 109 109 109 109 109 108 108 76 76 76 76 76 76 76 76 76 76 76 76 204 220 220 204 8 8 168 232 255 255 255 255 255 255 255 255 255 255 255 255 255 255 73 73 73 255 255 255 255 255 255 255 255 255 255 255 255 255 255 255 255 255 255 107 0 0 0 0 0 0 0 0 0 0 217 223 255 223 255 223 255 0 0 0 0 0 0 0 0 0 0 0 0 0 0 0 0 0 0 8 8 73 111 111 111 111 111 111 105 105 233 255 255 255 255 255 255 255 255 255 255 238 8 8 8 8 8 8 9 73 201 201 201 193 193 193 193 193 64 0 0 0
8 255 255 255 255 255 255 255 101 101 101 97 32 33 32 61 125 255 255 255 255 255 255 255 255 255 255 255 255 255 255 255 255 255 255 255 255 255 255 255 255 255 255 255 255 255 255 255 255 239 205 204 204 204 204 204 4 0 4 0 4 0 4 0 4 0 4 0 4 0 236 255 255 255 255 255 237 136 136 136 136 136 136 136 136 136 136 136 136 136 202 202 74 72 72 72 109 109 109 109 109 109 109 109 108 108 76 76 76 76 76 76 76 76 76 76 76 76 204 220 220 204 8 8 168 232 255 255 255 255 255 255 255 255 255 255 255 255 255 255 73 73 73 255 255 255 255 255 255 255 255 255 255 255 255 255 255 255 255 255 255 107 0 0 0 0 0 0 0 0 0 0 217 255 223 255 223 255 223 0 0 0 0 0 0 0 0 0 0 0 0 0 0 0 0 0 0 8 8 73 111 111 111 111 111 111 105 105 233 255 255 255 255 255 255 255 255 255 255 238 8 8 8 8 8 8 9 73 201 201 201 193 193 193 193 193 64 0 0 0
8 255 255 255 255 255 255 255 101 101 101 97 33 32 33 61 125 255 255 255 255 255 255 255 255 255 255 255 255 255 255 255 255 255 255 255 255 255 255 255 255 255 255 255 255 255 255 255 255 239 205 204 204 204 204 204 0 4 0 4 0 4 0 4 0 4 0 4 0 4 236 255 255 255 255 255 237 136 136 136 136 136 136 136 136 136 136 136 136 136 202 202 74 72 72 72 109 109 109 109 109 109 109 109 108 108 76 76 76 76 76 76 76 76 76 76 76 76 204 220 220 204 8 8 168 232 255 255 255 255 255 255 255 255 255 255 255 255 255 255 73 73 73 255 255 255 255 255 255 255 255 255 255 255 255 255 255 255 255 255 255 107 0 0 0 0 0 0 0 0 0 0 217 223 255 223 255 223 255 0 0 0 0 0 0 0 0 0 0 0 0 0 0 0 0 0 0 8 8 73 111 111 111 111 111 111 105 105 233 255 255 255 255 255 255 255 255 255 255 238 8 8 8 8 8 8 9 73 201 201 201 193 193 193 193 193 64 0 0 0
8 255 255 255 255 255 255 255 101 101 101 97 32 33 32 61 125 255 255 255 255 255 255 255 255 255 255 255 255 255 255 255 255 255 255 255 255 255 255 255 255 255 255 255 255 255 255 255 255 239 205 204 204 204 204 204 4 0 4 0 4 0 4 0 4 0 4 0 4 0 236 255 255 255 255 255 237 136 136 136 136 136 136 136 136 136 136 136 136 136 202 202 74 72 72 72 109 109 109 109 109 109 109 109 108 108 76 76 76 76 76 76 76 76 76 76 76 76 204 220 220 204 8 8 168 232 255 255 255 255 255 255 255 255 255 255 255 255 255 255 73 73 73 255 255 255 255 255 255 255 255 255 255 255 255 255 255 255 255 255 255 107 0 0 0 0 0 0 0 0 0 0 217 255 223 255 223 255 223 0 0 0 0 0 0 0 0 0 0 0 0 0 0 0 0 0 0 8 8 73 111 111 111 111 111 111 105 105 233 255 255 255 255 255 255 255 255 255 255 238 8 8 8 8 8 8 9 73 201 201 201 193 193 193 193 193 64 0 0 0
8 255 255 255 255 255 255 255 101 101 101 97 33 32 33 61 125 255 255 255 255 255 255 255 255 255 255 255 255 255 255 255 255 255 255 255 255 255 255 255 255 255 255 255 255 255 255 255 255 239 205 204 204 204 204 204 0 4 0 4 0 4 0 4 0 4 0 4 0 4 236 255 255 255 255 255 237 136 136 136 136 136 136 136 136 136 136 136 136 136 202 202 74 72 72 72 109 109 109 109 109 109 109 109 108 108 76 76 76 76 76 76 76 76 76 76 76 76 204 220 220 204 8 8 168 232 255 255 255 255 255 255 255 255 255 255 255 255 255 255 73 73 73 255 255 255 255 255 255 255 255 255 255 255 255 255 255 255 255 255 255 107 0 0 0 0 0 0 0 0 0 0 217 223 255 223 255 223 255 0 0 0 0 0 0 0 0 0 0 0 0 0 0 0 0 0 0 8 8 73 111 111 111 111 111 111 105 105 233 255 255 255 255 255 255 255 255 255 255 238 8 8 8 8 8 8 9 73 201 201 201 193 193 193 193 193 64 0 0 0
8 255 255 255 255 255 255 255 101 101 101 97 32 33 32 61 125 255 255 255 255 255 255 255 255 255 255 255 255 255 255 255 255 255 255 255 255 255 255 255 255 255 255 255 255 255 255 255 255 239 205 204 204 204 204 204 4 0 4 0 4 0 4 0 4 0 4 0 4 0 236 255 255 255 255 255 237 136 136 136 136 136 136 136 136 136 136 136 136 136 202 202 74 72 72 72 109 109 109 109 109 109 109 109 108 108 76 76 76 76 76 76 76 76 76 76 76 76 204 220 220 204 8 8 168 232 255 255 255 255 255 255 255 255 255 255 255 255 255 255 73 73 73 255 255 255 255 255 255 255 255 255 255 255 255 255 255 255 255 255 255 107 0 0 0 0 0 0 0 0 0 0 217 255 223 255 223 255 223 0 0 0 0 0 0 0 0 0 0 0 0 0 0 0 0 0 0 8 8 73 111 111 111 111 111 111 105 105 233 255 255 255 255 255 255 255 255 255 255 238 8 8 8 8 8 8 9 73 201 201 201 193 193 193 193 193 64 0 0 0
8 255 255 255 255 255 255 255 101 101 101 97 33 32 33 61 125 255 255 255 255 255 255 255 255 255 255 255 255 255 255 255 255 255 255 255 255 255 255 255 255 255 255 255 255 255 255 255 255 239 205 204 204 204 204 204 0 4 0 4 0 4 0 4 0 4 0 4 0 4 236 255 255 255 255 255 237 136 136 136 136 136 136 136 136 136 136 136 136 136 202 202 74 72 72 72 109 109 109 109 109 109 109 109 108 108 76 76 76 76 76 76 76 76 76 76 76 76 204 220 220 204 8 8 168 232 255 255 255 255 255 255 255 255 255 255 255 255 255 255 73 73 73 255 255 255 255 255 255 255 255 255 255 255 255 255 255 255 255 255 255 107 0 0 0 0 0 0 0 0 0 0 217 223 255 223 255 223 255 0 0 0 0 0 0 0 0 0 0 0 0 0 0 0 0 0 0 8 8 73 111 111 111 111 111 111 105 105 233 255 255 255 255 255 255 255 255 255 255 238 8 8 8 8 8 8 9 73 201 201 201 193 193 193 193 193 64 0 0 0
8 255 255 255 255 255 255 255 101 101 101 97 32 33 32 61 125 255 255 255 255 255 255 255 255 255 255 255 255 255 255 255 255 255 255 255 255 255 255 255 255 255 255 255 255 255 255 255 255 239 205 204 204 204 204 204 4 0 4 0 4 0 4 0 4 0 4 0 4 0 236 255 255 255 255 255 237 136 136 136 136 136 136 136 136 136 136 136 136 136 202 202 74 72 72 72 109 109 109 109 109 109 109 109 108 108 76 76 76 76 76 76 76 76 76 76 76 76 204 220 220 204 8 8 168 232 255 255 255 255 255 255 255 255 255 255 255 255 255 255 73 73 73 255 255 255 255 255 255 255 255 255 255 255 255 255 255 255 255 255 255 107 0 0 0 0 0 0 0 0 0 0 217 255 223 255 223 255 223 0 0 0 0 0 0 0 0 0 0 0 0 0 0 0 0 0 0 8 8 73 111 111 111 111 111 111 105 105 233 255 255 255 255 255 255 255 255 255 255 238 8 8 8 8 8 8 9 73 201 201 201 193 193 193 193 193 64 0 0 0
8 255 255 255 255 255 255 255 101 101 101 97 33 32 33 61 125 255 255 255 255 255 255 255 255 255 255 255 255 255 255 255 255 255 255 255 255 255 255 255 255 255 255 255 255 255 255 255 255 239 205 204 204 204 204 204 0 4 0 4 0 4 0 4 0 4 0 4 0 4 236 255 255 255 255 255 237 136 136 136 136 136 136 136 136 136 136 136 136 136 202 202 74 72 72 72 109 109 109 109 109 109 109 109 108 108 76 76 76 76 76 76 76 76 76 76 76 76 204 220 220 204 8 8 168 232 255 255 255 255 255 255 255 255 255 255 255 255 255 255 73 73 73 255 255 255 255 255 255 255 255 255 255 255 255 255 255 255 255 255 255 107 0 0 0 0 0 0 0 0 0 0 217 223 255 223 255 223 255 0 0 0 0 0 0 0 0 0 0 0 0 0 0 0 0 0 0 8 8 73 111 111 111 111 111 111 105 105 233 255 255 255 255 255 255 255 255 255 255 238 8 8 8 8 8 8 9 73 201 201 201 193 193 193 193 193 64 0 0 0
8 255 255 255 255 255 255 255 101 101 101 97 32 33 32 61 125 255 255 255 255 255 255 255 255 255 255 255 255 255 255 255 255 255 255 255 255 255 255 255 255 255 255 255 255 255 255 255 255 239 205 204 204 204 204 204 4 0 4 0 4 0 4 0 4 0 4 0 4 0 236 255 255 255 255 255 237 136 136 136 136 136 136 136 136 136 136 136 136 136 202 202 74 72 72 72 109 109 109 109 109 109 109 109 108 108 76 76 76 76 76 76 76 76 76 76 76 76 204 220 220 204 8 8 168 232 255 255 255 255 255 255 255 255 255 255 255 255 255 255 73 73 73 255 255 255 255 255 255 255 255 255 255 255 255 255 255 255 255 255 255 107 0 0 0 0 0 0 0 0 0 0 217 255 223 255 223 255 223 0 0 0 0 0 0 0 0 0 0 0 0 0 0 0 0 0 0 8 8 73 111 111 111 111 111 111 105 105 233 255 255 255 255 255 255 255 255 255 255 238 8 8 8 8 8 8 9 73 201 201 201 193 193 193 193 193 64 0 0 0
8 255 255 255 255 255 255 255 101 101 101 97 33 32 33 61 125 255 255 255 255 255 255 255 255 255 255 255 255 255 255 255 255 255 255 255 255 255 255 255 255 255 255 255 255 255 255 255 255 239 205 204 204 204 204 204 0 4 0 4 0 4 0 4 0 4 0 4 0 4 236 255 255 255 255 255 237 136 136 136 136 136 136 136 136 136 136 136 136 136 202 202 74 72 72 72 109 109 109 109 109 109 109 109 108 108 76 76 76 76 76 76 76 76 76 76 76 76 204 220 220 204 8 8 168 232 255 255 255 255 255 255 255 255 255 255 255 255 255 255 73 73 73 255 255 255 255 255 255 255 255 255 255 255 255 255 255 255 255 255 255 107 0 0 0 0 0 0 0 0 0 0 217 223 255 223 255 223 255 0 0 0 0 0 0 0 0 0 0 0 0 0 0 0 0 0 0 8 8 73 111 111 111 111 111 111 105 105 233 255 255 255 255 255 255 255 255 255 255 238 8 8 8 8 8 8 9 73 201 201 201 193 193 193 193 193 64 0 0 0
8 255 255 255 255 255 255 255 101 101 101 97 32 33 32 61 125 255 255 255 255 255 255 255 255 255 255 255 255 255 255 255 255 255 255 255 255 255 255 255 255 255 255 255 255 255 255 255 255 239 205 204 204 204 204 204 4 0 4 0 4 0 4 0 4 0 4 0 4 0 236 255 255 255 255 255 237 136 136 136 136 136 136 136 136 136 136 136 136 136 202 202 74 72 72 72 109 109 109 109 109 109 109 109 108 108 76 76 76 76 76 76 76 76 76 76 76 76 204 220 220 204 8 8 168 232 255 255 255 255 255 255 255 255 255 255 255 255 255 255 73 73 73 255 255 255 255 255 255 255 255 255 255 255 255 255 255 255 255 255 255 107 0 0 0 0 0 0 0 0 0 0 217 255 223 255 223 255 223 0 0 0 0 0 0 0 0 0 0 0 0 0 0 0 0 0 0 8 8 73 111 111 111 111 111 111 105 105 233 255 255 255 255 255 255 255 255 255 255 238 8 8 8 8 8 8 9 73 201 201 201 193 193 193 193 193 64 0 0 0
8 255 255 255 255 255 255 255 101 101 101 97 33 32 33 61 125 255 255 255 255 255 255 255 255 255 255 255 255 255 255 255 255 255 255 255 255 255 255 255 255 255 255 255 255 255 255 255 255 239 205 204 204 204 204 204 0 4 0 4 0 4 0 4 0 4 0 4 0 4 236 255 255 255 255 255 237 136 136 136 136 136 136 136 136 136 136 136 136 136 202 202 74 72 72 72 109 109 109 109 109 109 109 109 108 108 76 76 76 76 76 76 76 76 76 76 76 76 204 220 220 204 8 8 168 232 255 255 255 255 255 255 255 255 255 255 255 255 255 255 73 73 73 255 255 255 255 255 255 255 255 255 255 255 255 255 255 255 255 255 255 107 0 0 0 0 0 0 0 0 0 0 217 223 255 223 255 223 255 0 0 0 0 0 0 0 0 0 0 0 0 0 0 0 0 0 0 8 8 73 111 111 111 111 111 111 105 105 233 255 255 255 255 255 255 255 255 255 255 238 8 8 8 8 8 8 9 73 201 201 201 193 193 193 193 193 64 0 0 0
8 255 255 255 255 255 255 255 101 101 101 97 32 33 32 61 125 255 255 255 255 255 255 255 255 255 255 255 255 255 255 255 255 255 255 255 255 255 255 255 255 255 255 255 255 255 255 255 255 239 205 204 204 204 204 204 4 0 4 0 4 0 4 0 4 0 4 0 4 0 236 255 255 255 255 255 237 136 136 136 136 136 136 136 136 136 136 136 136 136 202 202 74 72 72 72 109 109 109 109 109 109 109 109 108 108 76 76 76 76 76 76 76 76 76 76 76 76 204 220 220 204 8 8 168 232 255 255 255 255 255 255 255 255 255 255 255 255 255 255 73 73 73 255 255 255 255 255 255 255 255 255 255 255 255 255 255 255 255 255 255 107 0 0 0 0 0 0 0 0 0 0 217 255 223 255 223 255 223 0 0 0 0 0 0 0 0 0 0 0 0 0 0 0 0 0 0 8 8 73 111 111 111 111 111 111 105 105 233 255 255 255 255 255 255 255 255 255 255 238 8 8 8 8 8 8 9 73 201 201 201 193 193 193 193 193 64 0 0 0
8 255 255 255 255 255 255 255 101 101 101 97 33 32 33 61 125 255 255 255 255 255 255 255 255 255 255 255 255 255 255 255 255 255 255 255 255 255 255 255 255 255 255 255 255 255 255 255 255 239 205 204 204 204 204 204 0 4 0 4 0 4 0 4 0 4 0 4 0 4 236 255 255 255 255 255 237 136 136 136 136 136 136 136 136 136 136 136 136 136 202 202 74 72 72 72 109 109 109 109 109 109 109 109 108 108 76 76 76 76 76 76 76 76 76 76 76 76 204 220 220 204 8 8 168 232 255 255 255 255 255 255 255 255 255 255 255 255 255 255 73 73 73 255 255 255 255 255 255 255 255 255 255 255 255 255 255 255 255 255 255 107 0 0 0 0 0 0 0 0 0 0 217 223 255 223 255 223 255 0 0 0 0 0 0 0 0 0 0 0 0 0 0 0 0 0 0 8 8 73 111 111 111 111 111 111 105 105 233 255 255 255 255 255 255 255 255 255 255 238 8 8 8 8 8 8 9 73 201 201 201 193 193 193 193 193 64 0 0 0
8 255 255 255 255 255 255 255 101 101 101 97 32 33 32 61 125 255 255 255 255 255 255 255 255 255 255 255 255 255 255 255 255 255 255 255 255 255 255 255 255 255 255 255 255 255 255 255 255 239 205 204 204 204 204 204 4 0 4 0 4 0 4 0 4 0 4 0 4 0 236 255 255 255 255 255 237 136 136 136 136 136 136 136 136 136 136 136 136 136 202 202 74 72 72 72 109 109 109 109 109 109 109 109 108 108 76 76 76 76 76 76 76 76 76 76 76 76 204 220 220 204 8 8 168 232 255 255 255 255 255 255 255 255 255 255 255 255 255 255 73 73 73 255 255 255 255 255 255 255 255 255 255 255 255 255 255 255 255 255 255 107 0 0 0 0 0 0 0 0 0 0 217 255 223 255 223 255 223 0 0 0 0 0 0 0 0 0 0 0 0 0 0 0 0 0 0 8 8 73 111 111 111 111 111 111 105 105 233 255 255 255 255 255 255 255 255 255 255 238 8 8 8 8 8 8 9 73 201 201 201 193 193 193 193 193 64 0 0 0
8 255 255 255 255 255 255 255 101 101 101 97 33 32 33 61 125 255 255 255 255 255 255 255 255 255 255 255 255 255 255 255 255 255 255 255 255 255 255 255 255 255 255 255 255 255 255 255 255 239 205 204 204 204 204 204 0 4 0 4 0 4 0 4 0 4 0 4 0 4 236 255 255 255 255 255 237 136 136 136 136 136 136 136 136 136 136 136 136 136 202 202 74 72 72 72 109 109 109 109 109 109 109 109 108 108 76 76 76 76 76 76 76 76 76 76 76 76 204 220 220 204 8 8 168 232 255 255 255 255 255 255 255 255 255 255 255 255 255 255 73 73 73 255 255 255 255 255 255 255 255 255 255 255 255 255 255 255 255 255 255 107 0 0 0 0 0 0 0 0 0 0 217 223 255 223 255 223 255 0 0 0 0 0 0 0 0 0 0 0 0 0 0 0 0 0 0 8 8 73 111 111 111 111 111 111 105 105 233 255 255 255 255 255 255 255 255 255 255 238 8 8 8 8 8 8 9 73 201 201 201 193 193 193 193 193 64 0 0 0
8 255 255 255 255 255 255 255 101 101 101 97 32 33 32 61 125 255 255 255 255 255 255 255 255 255 255 255 255 255 255 255 255 255 255 255 255 255 255 255 255 255 255 255 255 255 255 255 255 239 205 204 204 204 204 204 4 0 4 0 4 0 4 0 4 0 4 0 4 0 236 255 255 255 255 255 237 136 136 136 136 136 136 136 136 136 136 136 136 136 202 202 74 72 72 72 109 109 109 109 109 109 109 109 108 108 76 76 76 76 76 76 76 76 76 76 76 76 204 220 220 204 8 8 168 232 255 255 255 255 255 255 255 255 255 255 255 255 255 255 73 73 73 255 255 255 255 255 255 255 255 255 255 255 255 255 255 255 255 255 255 107 0 0 0 0 0 0 0 0 0 0 217 255 223 255 223 255 223 0 0 0 0 0 0 0 0 0 0 0 0 0 0 0 0 0 0 8 8 73 111 111 111 111 111 111 105 105 233 255 255 255 255 255 255 255 255 255 255 238 8 8 8 8 8 8 9 73 201 201 201 193 193 193 193 193 64 0 0 0
8 255 255 255 255 255 255 255 101 101 101 97 33 32 33 61 125 255 255 255 255 255 255 255 255 255 255 255 255 255 255 255 255 255 255 255 255 255 255 255 255 255 255 255 255 255 255 255 255 239 205 204 204 204 204 204 0 4 0 4 0 4 0 4 0 4 0 4 0 4 236 255 255 255 255 255 237 136 136 136 136 136 136 136 136 136 136 136 136 136 202 202 74 72 72 72 109 109 109 109 109 109 109 109 108 108 76 76 76 76 76 76 76 76 76 76 76 76 204 220 220 204 8 8 168 232 255 255 255 255 255 255 255 255 255 255 255 255 255 255 73 73 73 255 255 255 255 255 255 255 255 255 255 255 255 255 255 255 255 255 255 107 0 0 0 0 0 0 0 0 0 0 217 223 255 223 255 223 255 0 0 0 0 0 0 0 0 0 0 0 0 0 0 0 0 0 0 8 8 73 111 111 111 111 111 111 105 105 233 255 255 255 255 255 255 255 255 255 255 238 8 8 8 8 8 8 9 73 201 201 201 193 193 193 193 193 64 0 0 0
8 255 255 255 255 255 255 255 101 101 101 97 32 33 32 61 125 255 255 255 255 255 255 255 255 255 255 255 255 255 255 255 255 255 255 255 255 255 255 255 255 255 255 255 255 255 255 255 255 239 205 204 204 204 204 204 4 0 4 0 4 0 4 0 4 0 4 0 4 0 236 255 255 255 255 255 237 136 136 136 136 136 136 136 136 136 136 136 136 136 202 202 74 72 72 72 109 109 109 109 109 109 109 109 108 108 76 76 76 76 76 76 76 76 76 76 76 76 204 220 220 204 8 8 168 232 255 255 255 255 255 255 255 255 255 255 255 255 255 255 73 73 73 255 255 255 255 255 255 255 255 255 255 255 255 255 255 255 255 255 255 107 0 0 0 0 0 0 0 0 0 0 217 255 223 255 223 255 223 0 0 0 0 0 0 0 0 0 0 0 0 0 0 0 0 0 0 8 8 73 111 111 111 111 111 111 105 105 233 255 255 255 255 255 255 255 255 255 255 238 8 8 8 8 8 8 9 73 201 201 201 193 193 193 193 193 64 0 0 0
8 255 255 255 255 255 255 255 101 101 101 97 33 32 33 61 125 255 255 255 255 255 255 255 255 255 255 255 255 255 255 255 255 255 255 255 255 255 255 255 255 255 255 255 255 255 255 255 255 239 205 204 204 204 204 204 0 4 0 4 0 4 0 4 0 4 0 4 0 4 236 255 255 255 255 255 237 136 136 136 136 136 136 136 136 136 136 136 136 136 202 202 74 72 72 72 109 109 109 109 109 109 109 109 108 108 76 76 76 76 76 76 76 76 76 76 76 76 204 220 220 204 8 8 168 232 255 255 255 255 255 255 255 255 255 255 255 255 255 255 73 73 73 255 255 255 255 255 255 255 255 255 255 255 255 255 255 255 255 255 255 107 0 0 0 0 0 0 0 0 0 0 217 223 255 223 255 223 255 0 0 0 0 0 0 0 0 0 0 0 0 0 0 0 0 0 0 8 8 73 111 111 111 111 111 111 105 105 233 255 255 255 255 255 255 255 255 255 255 238 8 8 8 8 8 8 9 73 201 201 201 193 193 193 193 193 64 0 0 0
8 255 255 255 255 255 255 255 101 101 101 97 32 33 32 61 125 255 255 255 255 255 255 255 255 255 255 255 255 255 255 255 255 255 255 255 255 255 255 255 255 255 255 255 255 255 255 255 255 239 205 204 204 204 204 204 4 0 4 0 4 0 4 0 4 0 4 0 4 0 236 255 255 255 255 255 237 136 136 136 136 136 136 136 136 136 136 136 136 136 202 202 74 72 72 72 109 109 109 109 109 109 109 109 108 108 76 76 76 76 76 76 76 76 76 76 76 76 204 220 220 204 8 8 168 232 255 255 255 255 255 255 255 255 255 255 255 255 255 255 73 73 73 255 255 255 255 255 255 255 255 255 255 255 255 255 255 255 255 255 255 107 0 0 0 0 0 0 0 0 0 0 217 255 223 255 223 255 223 0 0 0 0 0 0 0 0 0 0 0 0 0 0 0 0 0 0 8 8 73 111 111 111 111 111 111 105 105 233 255 255 255 255 255 255 255 255 255 255 238 8 8 8 8 8 8 9 73 201 201 201 193 193 193 193 193 64 0 0 0
8 255 255 255 255 255 255 255 101 101 101 97 33 32 33 61 125 255 255 255 255 255 255 255 255 255 255 255 255 255 255 255 255 255 255 255 255 255 255 255 255 255 255 255 255 255 255 255 255 239 205 204 204 204 204 204 0 4 0 4 0 4 0 4 0 4 0 4 0 4 236 255 255 255 255 255 237 136 136 136 136 136 136 136 136 136 136 136 136 136 202 202 74 72 72 72 109 109 109 109 109 109 109 109 108 108 76 76 76 76 76 76 76 76 76 76 76 76 204 220 220 204 8 8 168 232 255 255 255 255 255 255 255 255 255 255 255 255 255 255 73 73 73 255 255 255 255 255 255 255 255 255 255 255 255 255 255 255 255 255 255 107 0 0 0 0 0 0 0 0 0 0 217 223 255 223 255 223 255 0 0 0 0 0 0 0 0 0 0 0 0 0 0 0 0 0 0 8 8 73 111 111 111 111 111 111 105 105 233 255 255 255 255 255 255 255 255 255 255 238 8 8 8 8 8 8 9 73 201 201 201 193 193 193 193 193 64 0 0 0
8 255 255 255 255 255 255 255 101 101 101 97 32 33 32 61 125 255 255 255 255 255 255 255 255 255 255 255 255 255 255 255 255 255 255 255 255 255 255 255 255 255 255 255 255 255 255 255 255 239 205 204 204 204 204 204 4 0 4 0 4 0 4 0 4 0 4 0 4 0 236 255 255 255 255 255 237 136 136 136 136 136 136 136 136 136 136 136 136 136 202 202 74 72 72 72 109 109 109 109 109 109 109 109 108 108 76 76 76 76 76 76 76 76 76 76 76 76 204 220 220 204 8 8 168 232 255 255 255 255 255 255 255 255 255 255 255 255 255 255 73 73 73 255 255 255 255 255 255 255 255 255 255 255 255 255 255 255 255 255 255 107 0 0 0 0 0 0 0 0 0 0 217 255 223 255 223 255 223 0 0 0 0 0 0 0 0 0 0 0 0 0 0 0 0 0 0 8 8 73 111 111 111 111 111 111 105 105 233 255 255 255 255 255 255 255 255 255 255 238 8 8 8 8 8 8 9 73 201 201 201 193 193 193 193 193 64 0 0 0
8 255 255 255 255 255 255 255 101 101 101 97 33 32 33 61 125 255 255 255 255 255 255 255 255 255 255 255 255 255 255 255 255 255 255 255 255 255 255 255 255 255 255 255 255 255 255 255 255 239 205 204 204 204 204 204 0 4 0 4 0 4 0 4 0 4 0 4 0 4 236 255 255 255 255 255 237 136 136 136 136 136 136 136 136 136 136 136 136 136 202 202 74 72 72 72 109 109 109 109 109 109 109 109 108 108 76 76 76 76 76 76 76 76 76 76 76 76 204 220 220 204 8 8 168 232 255 255 255 255 255 255 255 255 255 255 255 255 255 255 73 73 73 255 255 255 255 255 255 255 255 255 255 255 255 255 255 255 255 255 255 107 0 0 0 0 0 0 0 0 0 0 217 223 255 223 255 223 255 0 0 0 0 0 0 0 0 0 0 0 0 0 0 0 0 0 0 8 8 73 111 111 111 111 111 111 105 105 233 255 255 255 255 255 255 255 255 255 255 238 8 8 8 8 8 8 9 73 201 201 201 193 193 193 193 193 64 0 0 0
8 255 255 255 255 255 255 255 101 101 101 97 32 33 32 61 125 255 255 255 255 255 255 255 255 255 255 255 255 255 255 255 255 255 255 255 255 255 255 255 255 255 255 255 255 255 255 255 255 239 205 204 204 204 204 204 4 0 4 0 4 0 4 0 4 0 4 0 4 0 236 255 255 255 255 255 237 136 136 136 136 136 136 136 136 136 136 136 136 136 202 202 74 72 72 72 109 109 109 109 109 109 109 109 108 108 76 76 76 76 76 76 76 76 76 76 76 76 204 220 220 204 8 8 168 232 255 255 255 255 255 255 255 255 255 255 255 255 255 255 73 73 73 255 255 255 255 255 255 255 255 255 255 255 255 255 255 255 255 255 255 107 0 0 0 0 0 0 0 0 0 0 217 255 223 255 223 255 223 0 0 0 0 0 0 0 0 0 0 0 0 0 0 0 0 0 0 8 8 73 111 111 111 111 111 111 105 105 233 255 255 255 255 255 255 255 255 255 255 238 8 8 8 8 8 8 9 73 201 201 201 193 193 193 193 193 64 0 0 0
8 255 255 255 255 255 255 255 101 101 101 97 33 32 33 61 125 255 255 255 255 255 255 255 255 255 255 255 255 255 255 255 255 255 255 255 255 255 255 255 255 255 255 255 255 255 255 255 255 239 205 204 204 204 204 204 0 4 0 4 0 4 0 4 0 4 0 4 0 4 236 255 255 255 255 255 237 136 136 136 136 136 136 136 136 136 136 136 136 136 202 202 74 72 72 72 109 109 109 109 109 109 109 109 108 108 76 76 76 76 76 76 76 76 76 76 76 76 204 220 220 204 8 8 168 232 255 255 255 255 255 255 255 255 255 255 255 255 255 255 73 73 73 255 255 255 255 255 255 255 255 255 255 255 255 255 255 255 255 255 255 107 0 0 0 0 0 0 0 0 0 0 217 223 255 223 255 223 255 0 0 0 0 0 0 0 0 0 0 0 0 0 0 0 0 0 0 8 8 73 111 111 111 111 111 111 105 105 233 255 255 255 255 255 255 255 255 255 255 238 8 8 8 8 8 8 9 73 201 201 201 193 193 193 193 193 64 0 0 0
8 255 255 255 255 255 255 255 101 101 101 97 32 33 32 61 125 255 255 255 255 255 255 255 255 255 255 255 255 255 255 255 255 255 255 255 255 255 255 255 255 255 255 255 255 255 255 255 255 239 205 204 204 204 204 204 4 0 4 0 4 0 4 0 4 0 4 0 4 0 236 255 255 255 255 255 237 136 136 136 136 136 136 136 136 136 136 136 136 136 202 202 74 72 72 72 109 109 109 109 109 109 109 109 108 108 76 76 76 76 76 76 76 76 76 76 76 76 204 220 220 204 8 8 168 232 255 255 255 255 255 255 255 255 255 255 255 255 255 255 73 73 73 255 255 255 255 255 255 255 255 255 255 255 255 255 255 255 255 255 255 107 0 0 0 0 0 0 0 0 0 0 217 255 223 255 223 255 223 0 0 0 0 0 0 0 0 0 0 0 0 0 0 0 0 0 0 8 8 73 111 111 111 111 111 111 105 105 233 255 255 255 255 255 255 255 255 255 255 238 8 8 8 8 8 8 9 73 201 201 201 193 193 193 193 193 64 0 0 0
8 255 255 255 255 255 255 255 101 101 101 97 33 32 33 61 125 255 255 255 255 255 255 255 255 255 255 255 255 255 255 255 255 255 255 255 255 255 255 255 255 255 255 255 255 255 255 255 255 239 205 204 204 204 204 204 0 4 0 4 0 4 0 4 0 4 0 4 0 4 236 255 255 255 255 255 237 136 136 136 136 136 136 136 136 136 136 136 136 136 202 202 74 72 72 72 109 109 109 109 109 109 109 109 108 108 76 76 76 76 76 76 76 76 76 76 76 76 204 220 220 204 8 8 168 232 255 255 255 255 255 255 255 255 255 255 255 255 255 255 73 73 73 255 255 255 255 255 255 255 255 255 255 255 255 255 255 255 255 255 255 107 0 0 0 0 0 0 0 0 0 0 217 223 255 223 255 223 255 0 0 0 0 0 0 0 0 0 0 0 0 0 0 0 0 0 0 8 8 73 111 111 111 111 111 111 105 105 233 255 255 255 255 255 255 255 255 255 255 238 8 8 8 8 8 8 9 73 201 201 201 193 193 193 193 193 64 0 0 0
8 255 255 255 255 255 255 255 101 101 101 97 32 33 32 61 125 255 255 255 255 255 255 255 255 255 255 255 255 255 255 255 255 255 255 255 255 255 255 255 255 255 255 255 255 255 255 255 255 239 205 204 204 204 204 204 4 0 4 0 4 0 4 0 4 0 4 0 4 0 236 255 255 255 255 255 237 136 136 136 136 136 136 136 136 136 136 136 136 136 202 202 74 72 72 72 109 109 109 109 109 109 109 109 108 108 76 76 76 76 76 76 76 76 76 76 76 76 204 220 220 204 8 8 168 232 255 255 255 255 255 255 255 255 255 255 255 255 255 255 73 73 73 255 255 255 255 255 255 255 255 255 255 255 255 255 255 255 255 255 255 107 0 0 0 0 0 0 0 0 0 0 217 255 223 255 223 255 223 0 0 0 0 0 0 0 0 0 0 0 0 0 0 0 0 0 0 8 8 73 111 111 111 111 111 111 105 105 233 255 255 255 255 255 255 255 255 255 255 238 8 8 8 8 8 8 9 73 201 201 201 193 193 193 193 193 64 0 0 0
8 255 255 255 255 255 255 255 101 101 101 97 33 32 33 61 125 255 255 255 255 255 255 255 255 255 255 255 255 255 255 255 255 255 255 255 255 255 255 255 255 255 255 255 255 255 255 255 255 239 205 204 204 204 204 204 0 4 0 4 0 4 0 4 0 4 0 4 0 4 236 255 255 255 255 255 237 136 136 136 136 136 136 136 136 136 136 136 136 136 202 202 74 72 72 72 109 109 109 109 109 109 109 109 108 108 76 76 76 76 76 76 76 76 76 76 76 76 204 220 220 204 8 8 168 232 255 255 255 255 255 255 255 255 255 255 255 255 255 255 73 73 73 255 255 255 255 255 255 255 255 255 255 255 255 255 255 255 255 255 255 107 0 0 0 0 0 0 0 0 0 0 217 223 255 223 255 223 255 0 0 0 0 0 0 0 0 0 0 0 0 0 0 0 0 0 0 8 8 73 111 111 111 111 111 111 105 105 233 255 255 255 255 255 255 255 255 255 255 238 8 8 8 8 8 8 9 73 201 201 201 193 193 193 193 193 64 0 0 0
8 255 255 255 255 255 255 255 101 101 101 97 32 33 32 61 125 255 255 255 255 255 255 255 255 255 255 255 255 255 255 255 255 255 255 255 255 255 255 255 255 255 255 255 255 255 255 255 255 239 205 204 204 204 204 204 4 0 4 0 4 0 4 0 4 0 4 0 4 0 236 255 255 255 255 255 237 136 136 136 136 136 136 136 136 136 136 136 136 136 202 202 74 72 72 72 109 109 109 109 109 109 109 109 108 108 76 76 76 76 76 76 76 76 76 76 76 76 204 220 220 204 8 8 168 232 255 255 255 255 255 255 255 255 255 255 255 255 255 255 73 73 73 255 255 255 255 255 255 255 255 255 255 255 255 255 255 255 255 255 255 107 0 0 0 0 0 0 0 0 0 0 217 255 223 255 223 255 223 0 0 0 0 0 0 0 0 0 0 0 0 0 0 0 0 0 0 8 8 73 111 111 111 111 111 111 105 105 233 255 255 255 255 255 255 255 255 255 255 238 8 8 8 8 8 8 9 73 201 201 201 193 193 193 193 193 64 0 0 0
8 255 255 255 255 255 255 255 101 101 101 97 33 32 33 61 125 255 255 255 255 255 255 255 255 255 255 255 255 255 255 255 255 255 255 255 255 255 255 255 255 255 255 255 255 255 255 255 255 239 205 204 204 204 204 204 0 4 0 4 0 4 0 4 0 4 0 4 0 4 236 255 255 255 255 255 237 136 136 136 136 136 136 136 136 136 136 136 136 136 202 202 74 72 72 72 109 109 109 109 109 109 109 109 108 108 76 76 76 76 76 76 76 76 76 76 76 76 204 220 220 204 8 8 168 232 255 255 255 255 255 255 255 255 255 255 255 255 255 255 73 73 73 255 255 255 255 255 255 255 255 255 255 255 255 255 255 255 255 255 255 107 0 0 0 0 0 0 0 0 0 0 217 223 255 223 255 223 255 0 0 0 0 0 0 0 0 0 0 0 0 0 0 0 0 0 0 8 8 73 111 111 111 111 111 111 105 105 233 255 255 255 255 255 255 255 255 255 255 238 8 8 8 8 8 8 9 73 201 201 201 193 193 193 193 193 64 0 0 0
8 255 255 255 255 255 255 255 101 101 101 97 32 33 32 61 125 255 255 255 255 255 255 255 255 255 255 255 255 255 255 255 255 255 255 255 255 255 255 255 255 255 255 255 255 255 255 255 255 239 205 204 204 204 204 204 4 0 4 0 4 0 4 0 4 0 4 0 4 0 236 255 255 255 255 255 237 136 136 136 136 136 136 136 136 136 136 136 136 136 202 202 74 72 72 72 109 109 109 109 109 109 109 109 108 108 76 76 76 76 76 76 76 76 76 76 76 76 204 220 220 204 8 8 168 232 255 255 255 255 255 255 255 255 255 255 255 255 255 255 73 73 73 255 255 255 255 255 255 255 255 255 255 255 255 255 255 255 255 255 255 107 0 0 0 0 0 0 0 0 0 0 217 255 223 255 223 255 223 0 0 0 0 0 0 0 0 0 0 0 0 0 0 0 0 0 0 8 8 73 111 111 111 111 111 111 105 105 233 255 255 255 255 255 255 255 255 255 255 238 8 8 8 8 8 8 9 73 201 201 201 193 193 193 193 193 64 0 0 0
8 255 255 255 255 255 255 255 101 101 101 97 33 32 33 61 125 255 255 255 255 255 255 255 255 255 255 255 255 255 255 255 255 255 255 255 255 255 255 255 255 255 255 255 255 255 255 255 255 239 205 204 204 204 204 204 0 4 0 4 0 4 0 4 0 4 0 4 0 4 236 255 255 255 255 255 237 136 136 136 136 136 136 136 136 136 136 136 136 136 202 202 74 72 72 72 109 109 109 109 109 109 109 109 108 108 76 76 76 76 76 76 76 76 76 76 76 76 204 220 220 204 8 8 168 232 255 255 255 255 255 255 255 255 255 255 255 255 255 255 73 73 73 255 255 255 255 255 255 255 255 255 255 255 255 255 255 255 255 255 255 107 0 0 0 0 0 0 0 0 0 0 217 223 255 223 255 223 255 0 0 0 0 0 0 0 0 0 0 0 0 0 0 0 0 0 0 8 8 73 111 111 111 111 111 111 105 105 233 255 255 255 255 255 255 255 255 255 255 238 8 8 8 8 8 8 9 73 201 201 201 193 193 193 193 193 64 0 0 0
8 255 255 255 255 255 255 255 101 101 101 97 32 33 32 61 125 255 255 255 255 255 255 255 255 255 255 255 255 255 255 255 255 255 255 255 255 255 255 255 255 255 255 255 255 255 255 255 255 239 205 204 204 204 204 204 4 0 4 0 4 0 4 0 4 0 4 0 4 0 236 255 255 255 255 255 237 136 136 136 136 136 136 136 136 136 136 136 136 136 202 202 74 72 72 72 109 109 109 109 109 109 109 109 108 108 76 76 76 76 76 76 76 76 76 76 76 76 204 220 220 204 8 8 168 232 255 255 255 255 255 255 255 255 255 255 255 255 255 255 73 73 73 255 255 255 255 255 255 255 255 255 255 255 255 255 255 255 255 255 255 107 0 0 0 0 0 0 0 0 0 0 217 255 223 255 223 255 223 0 0 0 0 0 0 0 0 0 0 0 0 0 0 0 0 0 0 8 8 73 111 111 111 111 111 111 105 105 233 255 255 255 255 255 255 255 255 255 255 238 8 8 8 8 8 8 9 73 201 201 201 193 193 193 193 193 64 0 0 0
8 255 255 255 255 255 255 255 101 101 101 97 33 32 33 61 125 255 255 255 255 255 255 255 255 255 255 255 255 255 255 255 255 255 255 255 255 255 255 255 255 255 255 255 255 255 255 255 255 239 205 204 204 204 204 204 0 4 0 4 0 4 0 4 0 4 0 4 0 4 236 255 255 255 255 255 237 136 136 136 136 136 136 136 136 136 136 136 136 136 202 202 74 72 72 72 109 109 109 109 109 109 109 109 108 108 76 76 76 76 76 76 76 76 76 76 76 76 204 220 220 204 8 8 168 232 255 255 255 255 255 255 255 255 255 255 255 255 255 255 73 73 73 255 255 255 255 255 255 255 255 255 255 255 255 255 255 255 255 255 255 107 0 0 0 0 0 0 0 0 0 0 217 223 255 223 255 223 255 0 0 0 0 0 0 0 0 0 0 0 0 0 0 0 0 0 0 8 8 73 111 111 111 111 111 111 105 105 233 255 255 255 255 255 255 255 255 255 255 238 8 8 8 8 8 8 9 73 201 201 201 193 193 193 193 193 64 0 0 0
8 255 255 255 255 255 255 255 101 101 101 97 32 33 32 61 125 255 255 255 255 255 255 255 255 255 255 255 255 255 255 255 255 255 255 255 255 255 255 255 255 255 255 255 255 255 255 255 255 239 205 204 204 204 204 204 4 0 4 0 4 0 4 0 4 0 4 0 4 0 236 255 255 255 255 255 237 136 136 136 136 136 136 136 136 136 136 136 136 136 202 202 74 72 72 72 109 109 109 109 109 109 109 109 108 108 76 76 76 76 76 76 76 76 76 76 76 76 204 220 220 204 8 8 168 232 255 255 255 255 255 255 255 255 255 255 255 255 255 255 73 73 73 255 255 255 255 255 255 255 255 255 255 255 255 255 255 255 255 255 255 107 0 0 0 0 0 0 0 0 0 0 217 255 223 255 223 255 223 0 0 0 0 0 0 0 0 0 0 0 0 0 0 0 0 0 0 8 8 73 111 111 111 111 111 111 105 105 233 255 255 255 255 255 255 255 255 255 255 238 8 8 8 8 8 8 9 73 201 201 201 193 193 193 193 193 64 0 0 0
8 255 255 255 255 255 255 255 101 101 101 97 33 32 33 61 125 255 255 255 255 255 255 255 255 255 255 255 255 255 255 255 255 255 255 255 255 255 255 255 255 255 255 255 255 255 255 255 255 239 205 204 204 204 204 204 0 4 0 4 0 4 0 4 0 4 0 4 0 4 236 255 255 255 255 255 237 136 136 136 136 136 136 136 136 136 136 136 136 136 202 202 74 72 72 72 109 109 109 109 109 109 109 109 108 108 76 76 76 76 76 76 76 76 76 76 76 76 204 220 220 204 8 8 168 232 255 255 255 255 255 255 255 255 255 255 255 255 255 255 73 73 73 255 255 255 255 255 255 255 255 255 255 255 255 255 255 255 255 255 255 107 0 0 0 0 0 0 0 0 0 0 217 223 255 223 255 223 255 0 0 0 0 0 0 0 0 0 0 0 0 0 0 0 0 0 0 8 8 73 111 111 111 111 111 111 105 105 233 255 255 255 255 255 255 255 255 255 255 238 8 8 8 8 8 8 9 73 201 201 201 193 193 193 193 193 64 0 0 0
8 255 255 255 255 255 255 255 101 101 101 97 32 33 32 61 125 255 255 255 255 255 255 255 255 255 255 255 255 255 255 255 255 255 255 255 255 255 255 255 255 255 255 255 255 255 255 255 255 239 205 204 204 204 204 204 4 0 4 0 4 0 4 0 4 0 4 0 4 0 236 255 255 255 255 255 237 136 136 136 136 136 136 136 136 136 136 136 136 136 202 202 74 72 72 72 109 109 109 109 109 109 109 109 108 108 76 76 76 76 76 76 76 76 76 76 76 76 204 220 220 204 8 8 168 232 255 255 255 255 255 255 255 255 255 255 255 255 255 255 73 73 73 255 255 255 255 255 255 255 255 255 255 255 255 255 255 255 255 255 255 107 0 0 0 0 0 0 0 0 0 0 217 255 223 255 223 255 223 0 0 0 0 0 0 0 0 0 0 0 0 0 0 0 0 0 0 8 8 73 111 111 111 111 111 111 105 105 233 255 255 255 255 255 255 255 255 255 255 238 8 8 8 8 8 8 9 73 201 201 201 193 193 193 193 193 64 0 0 0
8 255 255 255 255 255 255 255 101 101 101 97 33 32 33 61 125 255 255 255 255 255 255 255 255 255 255 255 255 255 255 255 255 255 255 255 255 255 255 255 255 255 255 255 255 255 255 255 255 239 205 204 204 204 204 204 0 4 0 4 0 4 0 4 0 4 0 4 0 4 236 255 255 255 255 255 237 136 136 136 136 136 136 136 136 136 136 136 136 136 202 202 74 72 72 72 109 109 109 109 109 109 109 109 108 108 76 76 76 76 76 76 76 76 76 76 76 76 204 220 220 204 8 8 168 232 255 255 255 255 255 255 255 255 255 255 255 255 255 255 73 73 73 255 255 255 255 255 255 255 255 255 255 255 255 255 255 255 255 255 255 107 0 0 0 0 0 0 0 0 0 0 217 223 255 223 255 223 255 0 0 0 0 0 0 0 0 0 0 0 0 0 0 0 0 0 0 8 8 73 111 111 111 111 111 111 105 105 233 255 255 255 255 255 255 255 255 255 255 238 8 8 8 8 8 8 9 73 201 201 201 193 193 193 193 193 64 0 0 0
8 255 255 255 255 255 255 255 101 101 101 97 32 33 32 61 125 255 255 255 255 255 255 255 255 255 255 255 255 255 255 255 255 255 255 255 255 255 255 255 255 255 255 255 255 255 255 255 255 239 205 204 204 204 204 204 4 0 4 0 4 0 4 0 4 0 4 0 4 0 236 255 255 255 255 255 237 136 136 136 136 136 136 136 136 136 136 136 136 136 202 202 74 72 72 72 109 109 109 109 109 109 109 109 108 108 76 76 76 76 76 76 76 76 76 76 76 76 204 220 220 204 8 8 168 232 255 255 255 255 255 255 255 255 255 255 255 255 255 255 73 73 73 255 255 255 255 255 255 255 255 255 255 255 255 255 255 255 255 255 255 107 0 0 0 0 0 0 0 0 0 0 217 255 223 255 223 255 223 0 0 0 0 0 0 0 0 0 0 0 0 0 0 0 0 0 0 8 8 73 111 111 111 111 111 111 105 105 233 255 255 255 255 255 255 255 255 255 255 238 8 8 8 8 8 8 9 73 201 201 201 193 193 193 193 193 64 0 0 0
8 255 255 255 255 255 255 255 101 101 101 97 33 32 33 61 125 255 255 255 255 255 255 255 255 255 255 255 255 255 255 255 255 255 255 255 255 255 255 255 255 255 255 255 255 255 255 255 255 239 205 204 204 204 204 204 0 4 0 4 0 4 0 4 0 4 0 4 0 4 236 255 255 255 255 255 237 136 136 136 136 136 136 136 136 136 136 136 136 136 202 202 74 72 72 72 109 109 109 109 109 109 109 109 108 108 76 76 76 76 76 76 76 76 76 76 76 76 204 220 220 204 8 8 168 232 255 255 255 255 255 255 255 255 255 255 255 255 255 255 73 73 73 255 255 255 255 255 255 255 255 255 255 255 255 255 255 255 255 255 255 107 0 0 0 0 0 0 0 0 0 0 217 223 255 223 255 223 255 0 0 0 0 0 0 0 0 0 0 0 0 0 0 0 0 0 0 8 8 73 111 111 111 111 111 111 105 105 233 255 255 255 255 255 255 255 255 255 255 238 8 8 8 8 8 8 9 73 201 201 201 193 193 193 193 193 64 0 0 0
8 255 255 255 255 255 255 255 101 101 101 97 32 33 32 61 125 255 255 255 255 255 255 255 255 255 255 255 255 255 255 255 255 255 255 255 255 255 255 255 255 255 255 255 255 255 255 255 255 239 205 204 204 204 204 204 4 0 4 0 4 0 4 0 4 0 4 0 4 0 236 255 255 255 255 255 237 136 136 136 136 136 136 136 136 136 136 136 136 136 202 202 74 72 72 72 109 109 109 109 109 109 109 109 108 108 76 76 76 76 76 76 76 76 76 76 76 76 204 220 220 204 8 8 168 232 255 255 255 255 255 255 255 255 255 255 255 255 255 255 73 73 73 255 255 255 255 255 255 255 255 255 255 255 255 255 255 255 255 255 255 107 0 0 0 0 0 0 0 0 0 0 217 255 223 255 223 255 223 0 0 0 0 0 0 0 0 0 0 0 0 0 0 0 0 0 0 8 8 73 111 111 111 111 111 111 105 105 233 255 255 255 255 255 255 255 255 255 255 238 8 8 8 8 8 8 9 73 201 201 201 193 193 193 193 193 64 0 0 0
8 255 255 255 255 255 255 255 101 101 101 97 33 32 33 61 125 255 255 255 255 255 255 255 255 255 255 255 255 255 255 255 255 255 255 255 255 255 255 255 255 255 255 255 255 255 255 255 255 239 205 204 204 204 204 204 0 4 0 4 0 4 0 4 0 4 0 4 0 4 236 255 255 255 255 255 237 136 136 136 136 136 136 136 136 136 136 136 136 136 202 202 74 72 72 72 109 109 109 109 109 109 109 109 108 108 76 76 76 76 76 76 76 76 76 76 76 76 204 220 220 204 8 8 168 232 255 255 255 255 255 255 255 255 255 255 255 255 255 255 73 73 73 255 255 255 255 255 255 255 255 255 255 255 255 255 255 255 255 255 255 107 0 0 0 0 0 0 0 0 0 0 217 223 255 223 255 223 255 0 0 0 0 0 0 0 0 0 0 0 0 0 0 0 0 0 0 8 8 73 111 111 111 111 111 111 105 105 233 255 255 255 255 255 255 255 255 255 255 238 8 8 8 8 8 8 9 73 201 201 201 193 193 193 193 193 64 0 0 0
8 255 255 255 255 255 255 255 101 101 101 97 32 33 32 61 125 255 255 255 255 255 255 255 255 255 255 255 255 255 255 255 255 255 255 255 255 255 255 255 255 255 255 255 255 255 255 255 255 239 205 204 204 204 204 204 4 0 4 0 4 0 4 0 4 0 4 0 4 0 236 255 255 255 255 255 237 136 136 136 136 136 136 136 136 136 136 136 136 136 202 202 74 72 72 72 109 109 109 109 109 109 109 109 108 108 76 76 76 76 76 76 76 76 76 76 76 76 204 220 220 204 8 8 168 232 255 255 255 255 255 255 255 255 255 255 255 255 255 255 73 73 73 255 255 255 255 255 255 255 255 255 255 255 255 255 255 255 255 255 255 107 0 0 0 0 0 0 0 0 0 0 217 255 223 255 223 255 223 0 0 0 0 0 0 0 0 0 0 0 0 0 0 0 0 0 0 8 8 73 111 111 111 111 111 111 105 105 233 255 255 255 255 255 255 255 255 255 255 238 8 8 8 8 8 8 9 73 201 201 201 193 193 193 193 193 64 0 0 0
8 255 255 255 255 255 255 255 101 101 101 97 33 32 33 61 125 255 255 255 255 255 255 255 255 255 255 255 255 255 255 255 255 255 255 255 255 255 255 255 255 255 255 255 255 255 255 255 255 239 205 204 204 204 204 204 0 4 0 4 0 4 0 4 0 4 0 4 0 4 236 255 255 255 255 255 237 136 136 136 136 136 136 136 136 136 136 136 136 136 202 202 74 72 72 72 109 109 109 109 109 109 109 109 108 108 76 76 76 76 76 76 76 76 76 76 76 76 204 220 220 204 8 8 168 232 255 255 255 255 255 255 255 255 255 255 255 255 255 255 73 73 73 255 255 255 255 255 255 255 255 255 255 255 255 255 255 255 255 255 255 107 0 0 0 0 0 0 0 0 0 0 217 223 255 223 255 223 255 0 0 0 0 0 0 0 0 0 0 0 0 0 0 0 0 0 0 8 8 73 111 111 111 111 111 111 105 105 233 255 255 255 255 255 255 255 255 255 255 238 8 8 8 8 8 8 9 73 201 201 201 193 193 193 193 193 64 0 0 0
8 255 255 255 255 255 255 255 101 101 101 97 32 33 32 61 125 255 255 255 255 255 255 255 255 255 255 255 255 255 255 255 255 255 255 255 255 255 255 255 255 255 255 255 255 255 255 255 255 239 205 204 204 204 204 204 4 0 4 0 4 0 4 0 4 0 4 0 4 0 236 255 255 255 255 255 237 136 136 136 136 136 136 136 136 136 136 136 136 136 202 202 74 72 72 72 109 109 109 109 109 109 109 109 108 108 76 76 76 76 76 76 76 76 76 76 76 76 204 220 220 204 8 8 168 232 255 255 255 255 255 255 255 255 255 255 255 255 255 255 73 73 73 255 255 255 255 255 255 255 255 255 255 255 255 255 255 255 255 255 255 107 0 0 0 0 0 0 0 0 0 0 217 255 223 255 223 255 223 0 0 0 0 0 0 0 0 0 0 0 0 0 0 0 0 0 0 8 8 73 111 111 111 111 111 111 105 105 233 255 255 255 255 255 255 255 255 255 255 238 8 8 8 8 8 8 9 73 201 201 201 193 193 193 193 193 64 0 0 0
8 255 255 255 255 255 255 255 101 101 101 97 33 32 33 61 125 255 255 255 255 255 255 255 255 255 255 255 255 255 255 255 255 255 255 255 255 255 255 255 255 255 255 255 255 255 255 255 255 239 205 204 204 204 204 204 0 4 0 4 0 4 0 4 0 4 0 4 0 4 236 255 255 255 255 255 237 136 136 136 136 136 136 136 136 136 136 136 136 136 202 202 74 72 72 72 109 109 109 109 109 109 109 109 108 108 76 76 76 76 76 76 76 76 76 76 76 76 204 220 220 204 8 8 168 232 255 255 255 255 255 255 255 255 255 255 255 255 255 255 73 73 73 255 255 255 255 255 255 255 255 255 255 255 255 255 255 255 255 255 255 107 0 0 0 0 0 0 0 0 0 0 217 223 255 223 255 223 255 0 0 0 0 0 0 0 0 0 0 0 0 0 0 0 0 0 0 8 8 73 111 111 111 111 111 111 105 105 233 255 255 255 255 255 255 255 255 255 255 238 8 8 8 8 8 8 9 73 201 201 201 193 193 193 193 193 64 0 0 0
8 255 255 255 255 255 255 255 101 101 101 97 32 33 32 61 125 255 255 255 255 255 255 255 255 255 255 255 255 255 255 255 255 255 255 255 255 255 255 255 255 255 255 255 255 255 255 255 255 239 205 204 204 204 204 204 4 0 4 0 4 0 4 0 4 0 4 0 4 0 236 255 255 255 255 255 237 136 136 136 136 136 136 136 136 136 136 136 136 136 202 202 74 72 72 72 109 109 109 109 109 109 109 109 108 108 76 76 76 76 76 76 76 76 76 76 76 76 204 220 220 204 8 8 168 232 255 255 255 255 255 255 255 255 255 255 255 255 255 255 73 73 73 255 255 255 255 255 255 255 255 255 255 255 255 255 255 255 255 255 255 107 0 0 0 0 0 0 0 0 0 0 217 255 223 255 223 255 223 0 0 0 0 0 0 0 0 0 0 0 0 0 0 0 0 0 0 8 8 73 111 111 111 111 111 111 105 105 233 255 255 255 255 255 255 255 255 255 255 238 8 8 8 8 8 8 9 73 201 201 201 193 193 193 193 193 64 0 0 0
8 255 255 255 255 255 255 255 101 101 101 97 33 32 33 61 125 255 255 255 255 255 255 255 255 255 255 255 255 255 255 255 255 255 255 255 255 255 255 255 255 255 255 255 255 255 255 255 255 239 205 204 204 204 204 204 0 4 0 4 0 4 0 4 0 4 0 4 0 4 236 255 255 255 255 255 237 136 136 136 136 136 136 136 136 136 136 136 136 136 202 202 74 72 72 72 109 109 109 109 109 109 109 109 108 108 76 76 76 76 76 76 76 76 76 76 76 76 204 220 220 204 8 8 168 232 255 255 255 255 255 255 255 255 255 255 255 255 255 255 73 73 73 255 255 255 255 255 255 255 255 255 255 255 255 255 255 255 255 255 255 107 0 0 0 0 0 0 0 0 0 0 217 223 255 223 255 223 255 0 0 0 0 0 0 0 0 0 0 0 0 0 0 0 0 0 0 8 8 73 111 111 111 111 111 111 105 105 233 255 255 255 255 255 255 255 255 255 255 238 8 8 8 8 8 8 9 73 201 201 201 193 193 193 193 193 64 0 0 0
8 255 255 255 255 255 255 255 101 101 101 97 32 33 32 61 125 255 255 255 255 255 255 255 255 255 255 255 255 255 255 255 255 255 255 255 255 255 255 255 255 255 255 255 255 255 255 255 255 239 205 204 204 204 204 204 4 0 4 0 4 0 4 0 4 0 4 0 4 0 236 255 255 255 255 255 237 136 136 136 136 136 136 136 136 136 136 136 136 136 202 202 74 72 72 72 109 109 109 109 109 109 109 109 108 108 76 76 76 76 76 76 76 76 76 76 76 76 204 220 220 204 8 8 168 232 255 255 255 255 255 255 255 255 255 255 255 255 255 255 73 73 73 255 255 255 255 255 255 255 255 255 255 255 255 255 255 255 255 255 255 107 0 0 0 0 0 0 0 0 0 0 217 255 223 255 223 255 223 0 0 0 0 0 0 0 0 0 0 0 0 0 0 0 0 0 0 8 8 73 111 111 111 111 111 111 105 105 233 255 255 255 255 255 255 255 255 255 255 238 8 8 8 8 8 8 9 73 201 201 201 193 193 193 193 193 64 0 0 0
8 255 255 255 255 255 255 255 101 101 101 97 33 32 33 61 125 255 255 255 255 255 255 255 255 255 255 255 255 255 255 255 255 255 255 255 255 255 255 255 255 255 255 255 255 255 255 255 255 239 205 204 204 204 204 204 0 4 0 4 0 4 0 4 0 4 0 4 0 4 236 255 255 255 255 255 237 136 136 136 136 136 136 136 136 136 136 136 136 136 202 202 74 72 72 72 109 109 109 109 109 109 109 109 108 108 76 76 76 76 76 76 76 76 76 76 76 76 204 220 220 204 8 8 168 232 255 255 255 255 255 255 255 255 255 255 255 255 255 255 73 73 73 255 255 255 255 255 255 255 255 255 255 255 255 255 255 255 255 255 255 107 0 0 0 0 0 0 0 0 0 0 217 223 255 223 255 223 255 0 0 0 0 0 0 0 0 0 0 0 0 0 0 0 0 0 0 8 8 73 111 111 111 111 111 111 105 105 233 255 255 255 255 255 255 255 255 255 255 238 8 8 8 8 8 8 9 73 201 201 201 193 193 193 193 193 64 0 0 0
8 255 255 255 255 255 255 255 101 101 101 97 32 33 32 61 125 255 255 255 255 255 255 255 255 255 255 255 255 255 255 255 255 255 255 255 255 255 255 255 255 255 255 255 255 255 255 255 255 239 205 204 204 204 204 204 4 0 4 0 4 0 4 0 4 0 4 0 4 0 236 255 255 255 255 255 237 136 136 136 136 136 136 136 136 136 136 136 136 136 202 202 74 72 72 72 109 109 109 109 109 109 109 109 108 108 76 76 76 76 76 76 76 76 76 76 76 76 204 220 220 204 8 8 168 232 255 255 255 255 255 255 255 255 255 255 255 255 255 255 73 73 73 255 255 255 255 255 255 255 255 255 255 255 255 255 255 255 255 255 255 107 0 0 0 0 0 0 0 0 0 0 217 255 223 255 223 255 223 0 0 0 0 0 0 0 0 0 0 0 0 0 0 0 0 0 0 8 8 73 111 111 111 111 111 111 105 105 233 255 255 255 255 255 255 255 255 255 255 238 8 8 8 8 8 8 9 73 201 201 201 193 193 193 193 193 64 0 0 0
8 255 255 255 255 255 255 255 101 101 101 97 33 32 33 61 125 255 255 255 255 255 255 255 255 255 255 255 255 255 255 255 255 255 255 255 255 255 255 255 255 255 255 255 255 255 255 255 255 239 205 204 204 204 204 204 0 4 0 4 0 4 0 4 0 4 0 4 0 4 236 255 255 255 255 255 237 136 136 136 136 136 136 136 136 136 136 136 136 136 202 202 74 72 72 72 109 109 109 109 109 109 109 109 108 108 76 76 76 76 76 76 76 76 76 76 76 76 204 220 220 204 8 8 168 232 255 255 255 255 255 255 255 255 255 255 255 255 255 255 73 73 73 255 255 255 255 255 255 255 255 255 255 255 255 255 255 255 255 255 255 107 0 0 0 0 0 0 0 0 0 0 217 223 255 223 255 223 255 0 0 0 0 0 0 0 0 0 0 0 0 0 0 0 0 0 0 8 8 73 111 111 111 111 111 111 105 105 233 255 255 255 255 255 255 255 255 255 255 238 8 8 8 8 8 8 9 73 201 201 201 193 193 193 193 193 64 0 0 0
8 255 255 255 255 255 255 255 101 101 101 97 32 33 32 61 125 255 255 255 255 255 255 255 255 255 255 255 255 255 255 255 255 255 255 255 255 255 255 255 255 255 255 255 255 255 255 255 255 239 205 204 204 204 204 204 4 0 4 0 4 0 4 0 4 0 4 0 4 0 236 255 255 255 255 255 237 136 136 136 136 136 136 136 136 136 136 136 136 136 202 202 74 72 72 72 109 109 109 109 109 109 109 109 108 108 76 76 76 76 76 76 76 76 76 76 76 76 204 220 220 204 8 8 168 232 255 255 255 255 255 255 255 255 255 255 255 255 255 255 73 73 73 255 255 255 255 255 255 255 255 255 255 255 255 255 255 255 255 255 255 107 0 0 0 0 0 0 0 0 0 0 217 255 223 255 223 255 223 0 0 0 0 0 0 0 0 0 0 0 0 0 0 0 0 0 0 8 8 73 111 111 111 111 111 111 105 105 233 255 255 255 255 255 255 255 255 255 255 238 8 8 8 8 8 8 9 73 201 201 201 193 193 193 193 193 64 0 0 0
8 255 255 255 255 255 255 255 101 101 101 97 33 32 33 61 125 255 255 255 255 255 255 255 255 255 255 255 255 255 255 255 255 255 255 255 255 255 255 255 255 255 255 255 255 255 255 255 255 239 205 204 204 204 204 204 0 4 0 4 0 4 0 4 0 4 0 4 0 4 236 255 255 255 255 255 237 136 136 136 136 136 136 136 136 136 136 136 136 136 202 202 74 72 72 72 109 109 109 109 109 109 109 109 108 108 76 76 76 76 76 76 76 76 76 76 76 76 204 220 220 204 8 8 168 232 255 255 255 255 255 255 255 255 255 255 255 255 255 255 73 73 73 255 255 255 255 255 255 255 255 255 255 255 255 255 255 255 255 255 255 107 0 0 0 0 0 0 0 0 0 0 217 223 255 223 255 223 255 0 0 0 0 0 0 0 0 0 0 0 0 0 0 0 0 0 0 8 8 73 111 111 111 111 111 111 105 105 233 255 255 255 255 255 255 255 255 255 255 238 8 8 8 8 8 8 9 73 201 201 201 193 193 193 193 193 64 0 0 0
8 255 255 255 255 255 255 255 101 101 101 97 32 33 32 61 125 255 255 255 255 255 255 255 255 255 255 255 255 255 255 255 255 255 255 255 255 255 255 255 255 255 255 255 255 255 255 255 255 239 205 204 204 204 204 204 4 0 4 0 4 0 4 0 4 0 4 0 4 0 236 255 255 255 255 255 237 136 136 136 136 136 136 136 136 136 136 136 136 136 202 202 74 72 72 72 109 109 109 109 109 109 109 109 108 108 76 76 76 76 76 76 76 76 76 76 76 76 204 220 220 204 8 8 168 232 255 255 255 255 255 255 255 255 255 255 255 255 255 255 73 73 73 255 255 255 255 255 255 255 255 255 255 255 255 255 255 255 255 255 255 107 0 0 0 0 0 0 0 0 0 0 217 255 223 255 223 255 223 0 0 0 0 0 0 0 0 0 0 0 0 0 0 0 0 0 0 8 8 73 111 111 111 111 111 111 105 105 233 255 255 255 255 255 255 255 255 255 255 238 8 8 8 8 8 8 9 73 201 201 201 193 193 193 193 193 64 0 0 0
8 255 255 255 255 255 255 255 101 101 101 97 33 32 33 61 125 255 255 255 255 255 255 255 255 255 255 255 255 255 255 255 255 255 255 255 255 255 255 255 255 255 255 255 255 255 255 255 255 239 205 204 204 204 204 204 0 4 0 4 0 4 0 4 0 4 0 4 0 4 236 255 255 255 255 255 237 136 136 136 136 136 136 136 136 136 136 136 136 136 202 202 74 72 72 72 109 109 109 109 109 109 109 109 108 108 76 76 76 76 76 76 76 76 76 76 76 76 204 220 220 204 8 8 168 232 255 255 255 255 255 255 255 255 255 255 255 255 255 255 73 73 73 255 255 255 255 255 255 255 255 255 255 255 255 255 255 255 255 255 255 107 0 0 0 0 0 0 0 0 0 0 217 223 255 223 255 223 255 0 0 0 0 0 0 0 0 0 0 0 0 0 0 0 0 0 0 8 8 73 111 111 111 111 111 111 105 105 233 255 255 255 255 255 255 255 255 255 255 238 8 8 8 8 8 8 9 73 201 201 201 193 193 193 193 193 64 0 0 0
8 255 255 255 255 255 255 255 101 101 101 97 32 33 32 61 125 255 255 255 255 255 255 255 255 255 255 255 255 255 255 255 255 255 255 255 255 255 255 255 255 255 255 255 255 255 255 255 255 239 205 204 204 204 204 204 4 0 4 0 4 0 4 0 4 0 4 0 4 0 236 255 255 255 255 255 237 136 136 136 136 136 136 136 136 136 136 136 136 136 202 202 74 72 72 72 109 109 109 109 109 109 109 109 108 108 76 76 76 76 76 76 76 76 76 76 76 76 204 220 220 204 8 8 168 232 255 255 255 255 255 255 255 255 255 255 255 255 255 255 73 73 73 255 255 255 255 255 255 255 255 255 255 255 255 255 255 255 255 255 255 107 0 0 0 0 0 0 0 0 0 0 217 255 223 255 223 255 223 0 0 0 0 0 0 0 0 0 0 0 0 0 0 0 0 0 0 8 8 73 111 111 111 111 111 111 105 105 233 255 255 255 255 255 255 255 255 255 255 238 8 8 8 8 8 8 9 73 201 201 201 193 193 193 193 193 64 0 0 0
8 255 255 255 255 255 255 255 101 101 101 97 33 32 33 61 125 255 255 255 255 255 255 255 255 255 255 255 255 255 255 255 255 255 255 255 255 255 255 255 255 255 255 255 255 255 255 255 255 239 205 204 204 204 204 204 0 4 0 4 0 4 0 4 0 4 0 4 0 4 236 255 255 255 255 255 237 136 136 136 136 136 136 136 136 136 136 136 136 136 202 202 74 72 72 72 109 109 109 109 109 109 109 109 108 108 76 76 76 76 76 76 76 76 76 76 76 76 204 220 220 204 8 8 168 232 255 255 255 255 255 255 255 255 255 255 255 255 255 255 73 73 73 255 255 255 255 255 255 255 255 255 255 255 255 255 255 255 255 255 255 107 0 0 0 0 0 0 0 0 0 0 217 223 255 223 255 223 255 0 0 0 0 0 0 0 0 0 0 0 0 0 0 0 0 0 0 8 8 73 111 111 111 111 111 111 105 105 233 255 255 255 255 255 255 255 255 255 255 238 8 8 8 8 8 8 9 73 201 201 201 193 193 193 193 193 64 0 0 0
8 255 255 255 255 255 255 255 101 101 101 97 32 33 32 61 125 255 255 255 255 255 255 255 255 255 255 255 255 255 255 255 255 255 255 255 255 255 255 255 255 255 255 255 255 255 255 255 255 239 205 204 204 204 204 204 4 0 4 0 4 0 4 0 4 0 4 0 4 0 236 255 255 255 255 255 237 136 136 136 136 136 136 136 136 136 136 136 136 136 202 202 74 72 72 72 109 109 109 109 109 109 109 109 108 108 76 76 76 76 76 76 76 76 76 76 76 76 204 220 220 204 8 8 168 232 255 255 255 255 255 255 255 255 255 255 255 255 255 255 73 73 73 255 255 255 255 255 255 255 255 255 255 255 255 255 255 255 255 255 255 107 0 0 0 0 0 0 0 0 0 0 217 255 223 255 223 255 223 0 0 0 0 0 0 0 0 0 0 0 0 0 0 0 0 0 0 8 8 73 111 111 111 111 111 111 105 105 233 255 255 255 255 255 255 255 255 255 255 238 8 8 8 8 8 8 9 73 201 201 201 193 193 193 193 193 64 0 0 0
8 255 255 255 255 255 255 255 101 101 101 97 33 32 33 61 125 255 255 255 255 255 255 255 255 255 255 255 255 255 255 255 255 255 255 255 255 255 255 255 255 255 255 255 255 255 255 255 255 239 205 204 204 204 204 204 0 4 0 4 0 4 0 4 0 4 0 4 0 4 236 255 255 255 255 255 237 136 136 136 136 136 136 136 136 136 136 136 136 136 202 202 74 72 72 72 109 109 109 109 109 109 109 109 108 108 76 76 76 76 76 76 76 76 76 76 76 76 204 220 220 204 8 8 168 232 255 255 255 255 255 255 255 255 255 255 255 255 255 255 73 73 73 255 255 255 255 255 255 255 255 255 255 255 255 255 255 255 255 255 255 107 0 0 0 0 0 0 0 0 0 0 217 223 255 223 255 223 255 0 0 0 0 0 0 0 0 0 0 0 0 0 0 0 0 0 0 8 8 73 111 111 111 111 111 111 105 105 233 255 255 255 255 255 255 255 255 255 255 238 8 8 8 8 8 8 9 73 201 201 201 193 193 193 193 193 64 0 0 0
8 255 255 255 255 255 255 255 101 101 101 97 32 33 32 61 125 255 255 255 255 255 255 255 255 255 255 255 255 255 255 255 255 255 255 255 255 255 255 255 255 255 255 255 255 255 255 255 255 239 205 204 204 204 204 204 4 0 4 0 4 0 4 0 4 0 4 0 4 0 236 255 255 255 255 255 237 136 136 136 136 136 136 136 136 136 136 136 136 136 202 202 74 72 72 72 109 109 109 109 109 109 109 109 108 108 76 76 76 76 76 76 76 76 76 76 76 76 204 220 220 204 8 8 168 232 255 255 255 255 255 255 255 255 255 255 255 255 255 255 73 73 73 255 255 255 255 255 255 255 255 255 255 255 255 255 255 255 255 255 255 107 0 0 0 0 0 0 0 0 0 0 217 255 223 255 223 255 223 0 0 0 0 0 0 0 0 0 0 0 0 0 0 0 0 0 0 8 8 73 111 111 111 111 111 111 105 105 233 255 255 255 255 255 255 255 255 255 255 238 8 8 8 8 8 8 9 73 201 201 201 193 193 193 193 193 64 0 0 0
8 255 255 255 255 255 255 255 101 101 101 97 33 32 33 61 125 255 255 255 255 255 255 255 255 255 255 255 255 255 255 255 255 255 255 255 255 255 255 255 255 255 255 255 255 255 255 255 255 239 205 204 204 204 204 204 0 4 0 4 0 4 0 4 0 4 0 4 0 4 236 255 255 255 255 255 237 136 136 136 136 136 136 136 136 136 136 136 136 136 202 202 74 72 72 72 109 109 109 109 109 109 109 109 108 108 76 76 76 76 76 76 76 76 76 76 76 76 204 220 220 204 8 8 168 232 255 255 255 255 255 255 255 255 255 255 255 255 255 255 73 73 73 255 255 255 255 255 255 255 255 255 255 255 255 255 255 255 255 255 255 107 0 0 0 0 0 0 0 0 0 0 217 223 255 223 255 223 255 0 0 0 0 0 0 0 0 0 0 0 0 0 0 0 0 0 0 8 8 73 111 111 111 111 111 111 105 105 233 255 255 255 255 255 255 255 255 255 255 238 8 8 8 8 8 8 9 73 201 201 201 193 193 193 193 193 64 0 0 0
8 255 255 255 255 255 255 255 101 101 101 97 32 33 32 61 125 255 255 255 255 255 255 255 255 255 255 255 255 255 255 255 255 255 255 255 255 255 255 255 255 255 255 255 255 255 255 255 255 239 205 204 204 204 204 204 4 0 4 0 4 0 4 0 4 0 4 0 4 0 236 255 255 255 255 255 237 136 136 136 136 136 136 136 136 136 136 136 136 136 202 202 74 72 72 72 109 109 109 109 109 109 109 109 108 108 76 76 76 76 76 76 76 76 76 76 76 76 204 220 220 204 8 8 168 232 255 255 255 255 255 255 255 255 255 255 255 255 255 255 73 73 73 255 255 255 255 255 255 255 255 255 255 255 255 255 255 255 255 255 255 107 0 0 0 0 0 0 0 0 0 0 217 255 223 255 223 255 223 0 0 0 0 0 0 0 0 0 0 0 0 0 0 0 0 0 0 8 8 73 111 111 111 111 111 111 105 105 233 255 255 255 255 255 255 255 255 255 255 238 8 8 8 8 8 8 9 73 201 201 201 193 193 193 193 193 64 0 0 0
8 255 255 255 255 255 255 255 101 101 101 97 33 32 33 61 125 255 255 255 255 255 255 255 255 255 255 255 255 255 255 255 255 255 255 255 255 255 255 255 255 255 255 255 255 255 255 255 255 239 205 204 204 204 204 204 0 4 0 4 0 4 0 4 0 4 0 4 0 4 236 255 255 255 255 255 237 136 136 136 136 136 136 136 136 136 136 136 136 136 202 202 74 72 72 72 109 109 109 109 109 109 109 109 108 108 76 76 76 76 76 76 76 76 76 76 76 76 204 220 220 204 8 8 168 232 255 255 255 255 255 255 255 255 255 255 255 255 255 255 73 73 73 255 255 255 255 255 255 255 255 255 255 255 255 255 255 255 255 255 255 107 0 0 0 0 0 0 0 0 0 0 217 223 255 223 255 223 255 0 0 0 0 0 0 0 0 0 0 0 0 0 0 0 0 0 0 8 8 73 111 111 111 111 111 111 105 105 233 255 255 255 255 255 255 255 255 255 255 238 8 8 8 8 8 8 9 73 201 201 201 193 193 193 193 193 64 0 0 0
8 255 255 255 255 255 255 255 101 101 101 97 32 33 32 61 125 255 255 255 255 255 255 255 255 255 255 255 255 255 255 255 255 255 255 255 255 255 255 255 255 255 255 255 255 255 255 255 255 239 205 204 204 204 204 204 4 0 4 0 4 0 4 0 4 0 4 0 4 0 236 255 255 255 255 255 237 136 136 136 136 136 136 136 136 136 136 136 136 136 202 202 74 72 72 72 109 109 109 109 109 109 109 109 108 108 76 76 76 76 76 76 76 76 76 76 76 76 204 220 220 204 8 8 168 232 255 255 255 255 255 255 255 255 255 255 255 255 255 255 73 73 73 255 255 255 255 255 255 255 255 255 255 255 255 255 255 255 255 255 255 107 0 0 0 0 0 0 0 0 0 0 217 255 223 255 223 255 223 0 0 0 0 0 0 0 0 0 0 0 0 0 0 0 0 0 0 8 8 73 111 111 111 111 111 111 105 105 233 255 255 255 255 255 255 255 255 255 255 238 8 8 8 8 8 8 9 73 201 201 201 193 193 193 193 193 64 0 0 0
8 255 255 255 255 255 255 255 101 101 101 97 33 32 33 61 125 255 255 255 255 255 255 255 255 255 255 255 255 255 255 255 255 255 255 255 255 255 255 255 255 255 255 255 255 255 255 255 255 239 205 204 204 204 204 204 0 4 0 4 0 4 0 4 0 4 0 4 0 4 236 255 255 255 255 255 237 136 136 136 136 136 136 136 136 136 136 136 136 136 202 202 74 72 72 72 109 109 109 109 109 109 109 109 108 108 76 76 76 76 76 76 76 76 76 76 76 76 204 220 220 204 8 8 168 232 255 255 255 255 255 255 255 255 255 255 255 255 255 255 73 73 73 255 255 255 255 255 255 255 255 255 255 255 255 255 255 255 255 255 255 107 0 0 0 0 0 0 0 0 0 0 217 223 255 223 255 223 255 0 0 0 0 0 0 0 0 0 0 0 0 0 0 0 0 0 0 8 8 73 111 111 111 111 111 111 105 105 233 255 255 255 255 255 255 255 255 255 255 238 8 8 8 8 8 8 9 73 201 201 201 193 193 193 193 193 64 0 0 0
8 255 255 255 255 255 255 255 101 101 101 97 32 33 32 61 125 255 255 255 255 255 255 255 255 255 255 255 255 255 255 255 255 255 255 255 255 255 255 255 255 255 255 255 255 255 255 255 255 239 205 204 204 204 204 204 4 0 4 0 4 0 4 0 4 0 4 0 4 0 236 255 255 255 255 255 237 136 136 136 136 136 136 136 136 136 136 136 136 136 202 202 74 72 72 72 109 109 109 109 109 109 109 109 108 108 76 76 76 76 76 76 76 76 76 76 76 76 204 220 220 204 8 8 168 232 255 255 255 255 255 255 255 255 255 255 255 255 255 255 73 73 73 255 255 255 255 255 255 255 255 255 255 255 255 255 255 255 255 255 255 107 0 0 0 0 0 0 0 0 0 0 217 255 223 255 223 255 223 0 0 0 0 0 0 0 0 0 0 0 0 0 0 0 0 0 0 8 8 73 111 111 111 111 111 111 105 105 233 255 255 255 255 255 255 255 255 255 255 238 8 8 8 8 8 8 9 73 201 201 201 193 193 193 193 193 64 0 0 0
8 255 255 255 255 255 255 255 101 101 101 97 33 32 33 61 125 255 255 255 255 255 255 255 255 255 255 255 255 255 255 255 255 255 255 255 255 255 255 255 255 255 255 255 255 255 255 255 255 239 205 204 204 204 204 204 0 4 0 4 0 4 0 4 0 4 0 4 0 4 236 255 255 255 255 255 237 136 136 136 136 136 136 136 136 136 136 136 136 136 202 202 74 72 72 72 109 109 109 109 109 109 109 109 108 108 76 76 76 76 76 76 76 76 76 76 76 76 204 220 220 204 8 8 168 232 255 255 255 255 255 255 255 255 255 255 255 255 255 255 73 73 73 255 255 255 255 255 255 255 255 255 255 255 255 255 255 255 255 255 255 107 0 0 0 0 0 0 0 0 0 0 217 223 255 223 255 223 255 0 0 0 0 0 0 0 0 0 0 0 0 0 0 0 0 0 0 8 8 73 111 111 111 111 111 111 105 105 233 255 255 255 255 255 255 255 255 255 255 238 8 8 8 8 8 8 9 73 201 201 201 193 193 193 193 193 64 0 0 0
8 255 255 255 255 255 255 255 101 101 101 97 32 33 32 61 125 255 255 255 255 255 255 255 255 255 255 255 255 255 255 255 255 255 255 255 255 255 255 255 255 255 255 255 255 255 255 255 255 239 205 204 204 204 204 204 4 0 4 0 4 0 4 0 4 0 4 0 4 0 236 255 255 255 255 255 237 136 136 136 136 136 136 136 136 136 136 136 136 136 202 202 74 72 72 72 109 109 109 109 109 109 109 109 108 108 76 76 76 76 76 76 76 76 76 76 76 76 204 220 220 204 8 8 168 232 255 255 255 255 255 255 255 255 255 255 255 255 255 255 73 73 73 255 255 255 255 255 255 255 255 255 255 255 255 255 255 255 255 255 255 107 0 0 0 0 0 0 0 0 0 0 217 255 223 255 223 255 223 0 0 0 0 0 0 0 0 0 0 0 0 0 0 0 0 0 0 8 8 73 111 111 111 111 111 111 105 105 233 255 255 255 255 255 255 255 255 255 255 238 8 8 8 8 8 8 9 73 201 201 201 193 193 193 193 193 64 0 0 0
8 255 255 255 255 255 255 255 101 101 101 97 33 32 33 61 125 255 255 255 255 255 255 255 255 255 255 255 255 255 255 255 255 255 255 255 255 255 255 255 255 255 255 255 255 255 255 255 255 239 205 204 204 204 204 204 0 4 0 4 0 4 0 4 0 4 0 4 0 4 236 255 255 255 255 255 237 136 136 136 136 136 136 136 136 136 136 136 136 136 202 202 74 72 72 72 109 109 109 109 109 109 109 109 108 108 76 76 76 76 76 76 76 76 76 76 76 76 204 220 220 204 8 8 168 232 255 255 255 255 255 255 255 255 255 255 255 255 255 255 73 73 73 255 255 255 255 255 255 255 255 255 255 255 255 255 255 255 255 255 255 107 0 0 0 0 0 0 0 0 0 0 217 223 255 223 255 223 255 0 0 0 0 0 0 0 0 0 0 0 0 0 0 0 0 0 0 8 8 73 111 111 111 111 111 111 105 105 233 255 255 255 255 255 255 255 255 255 255 238 8 8 8 8 8 8 9 73 201 201 201 193 193 193 193 193 64 0 0 0
8 255 255 255 255 255 255 255 101 101 101 97 32 33 32 61 125 255 255 255 255 255 255 255 255 255 255 255 255 255 255 255 255 255 255 255 255 255 255 255 255 255 255 255 255 255 255 255 255 239 205 204 204 204 204 204 4 0 4 0 4 0 4 0 4 0 4 0 4 0 236 255 255 255 255 255 237 136 136 136 136 136 136 136 136 136 136 136 136 136 202 202 74 72 72 72 109 109 109 109 109 109 109 109 108 108 76 76 76 76 76 76 76 76 76 76 76 76 204 220 220 204 8 8 168 232 255 255 255 255 255 255 255 255 255 255 255 255 255 255 73 73 73 255 255 255 255 255 255 255 255 255 255 255 255 255 255 255 255 255 255 107 0 0 0 0 0 0 0 0 0 0 217 255 223 255 223 255 223 0 0 0 0 0 0 0 0 0 0 0 0 0 0 0 0 0 0 8 8 73 111 111 111 111 111 111 105 105 233 255 255 255 255 255 255 255 255 255 255 238 8 8 8 8 8 8 9 73 201 201 201 193 193 193 193 193 64 0 0 0
8 255 255 255 255 255 255 255 101 101 101 97 33 32 33 61 125 255 255 255 255 255 255 255 255 255 255 255 255 255 255 255 255 255 255 255 255 255 255 255 255 255 255 255 255 255 255 255 255 239 205 204 204 204 204 204 0 4 0 4 0 4 0 4 0 4 0 4 0 4 236 255 255 255 255 255 237 136 136 136 136 136 136 136 136 136 136 136 136 136 202 202 74 72 72 72 109 109 109 109 109 109 109 109 108 108 76 76 76 76 76 76 76 76 76 76 76 76 204 220 220 204 8 8 168 232 255 255 255 255 255 255 255 255 255 255 255 255 255 255 73 73 73 255 255 255 255 255 255 255 255 255 255 255 255 255 255 255 255 255 255 107 0 0 0 0 0 0 0 0 0 0 217 223 255 223 255 223 255 0 0 0 0 0 0 0 0 0 0 0 0 0 0 0 0 0 0 8 8 73 111 111 111 111 111 111 105 105 233 255 255 255 255 255 255 255 255 255 255 238 8 8 8 8 8 8 9 73 201 201 201 193 193 193 193 193 64 0 0 0
8 255 255 255 255 255 255 255 101 101 101 97 32 33 32 61 125 255 255 255 255 255 255 255 255 255 255 255 255 255 255 255 255 255 255 255 255 255 255 255 255 255 255 255 255 255 255 255 255 239 205 204 204 204 204 204 4 0 4 0 4 0 4 0 4 0 4 0 4 0 236 255 255 255 255 255 237 136 136 136 136 136 136 136 136 136 136 136 136 136 202 202 74 72 72 72 109 109 109 109 109 109 109 109 108 108 76 76 76 76 76 76 76 76 76 76 76 76 204 220 220 204 8 8 168 232 255 255 255 255 255 255 255 255 255 255 255 255 255 255 73 73 73 255 255 255 255 255 255 255 255 255 255 255 255 255 255 255 255 255 255 107 0 0 0 0 0 0 0 0 0 0 217 255 223 255 223 255 223 0 0 0 0 0 0 0 0 0 0 0 0 0 0 0 0 0 0 8 8 73 111 111 111 111 111 111 105 105 233 255 255 255 255 255 255 255 255 255 255 238 8 8 8 8 8 8 9 73 201 201 201 193 193 193 193 193 64 0 0 0
8 255 255 255 255 255 255 255 101 101 101 97 33 32 33 61 125 255 255 255 255 255 255 255 255 255 255 255 255 255 255 255 255 255 255 255 255 255 255 255 255 255 255 255 255 255 255 255 255 239 205 204 204 204 204 204 0 4 0 4 0 4 0 4 0 4 0 4 0 4 236 255 255 255 255 255 237 136 136 136 136 136 136 136 136 136 136 136 136 136 202 202 74 72 72 72 109 109 109 109 109 109 109 109 108 108 76 76 76 76 76 76 76 76 76 76 76 76 204 220 220 204 8 8 168 232 255 255 255 255 255 255 255 255 255 255 255 255 255 255 73 73 73 255 255 255 255 255 255 255 255 255 255 255 255 255 255 255 255 255 255 107 0 0 0 0 0 0 0 0 0 0 217 223 255 223 255 223 255 0 0 0 0 0 0 0 0 0 0 0 0 0 0 0 0 0 0 8 8 73 111 111 111 111 111 111 105 105 233 255 255 255 255 255 255 255 255 255 255 238 8 8 8 8 8 8 9 73 201 201 201 193 193 193 193 193 64 0 0 0
8 255 255 255 255 255 255 255 101 101 101 97 32 33 32 61 125 255 255 255 255 255 255 255 255 255 255 255 255 255 255 255 255 255 255 255 255 255 255 255 255 255 255 255 255 255 255 255 255 239 205 204 204 204 204 204 4 0 4 0 4 0 4 0 4 0 4 0 4 0 236 255 255 255 255 255 237 136 136 136 136 136 136 136 136 136 136 136 136 136 202 202 74 72 72 72 109 109 109 109 109 109 109 109 108 108 76 76 76 76 76 76 76 76 76 76 76 76 204 220 220 204 8 8 168 232 255 255 255 255 255 255 255 255 255 255 255 255 255 255 73 73 73 255 255 255 255 255 255 255 255 255 255 255 255 255 255 255 255 255 255 107 0 0 0 0 0 0 0 0 0 0 217 255 223 255 223 255 223 0 0 0 0 0 0 0 0 0 0 0 0 0 0 0 0 0 0 8 8 73 111 111 111 111 111 111 105 105 233 255 255 255 255 255 255 255 255 255 255 238 8 8 8 8 8 8 9 73 201 201 201 193 193 193 193 193 64 0 0 0
8 255 255 255 255 255 255 255 101 101 101 97 33 32 33 61 125 255 255 255 255 255 255 255 255 255 255 255 255 255 255 255 255 255 255 255 255 255 255 255 255 255 255 255 255 255 255 255 255 239 205 204 204 204 204 204 0 4 0 4 0 4 0 4 0 4 0 4 0 4 236 255 255 255 255 255 237 136 136 136 136 136 136 136 136 136 136 136 136 136 202 202 74 72 72 72 109 109 109 109 109 109 109 109 108 108 76 76 76 76 76 76 76 76 76 76 76 76 204 220 220 204 8 8 168 232 255 255 255 255 255 255 255 255 255 255 255 255 255 255 73 73 73 255 255 255 255 255 255 255 255 255 255 255 255 255 255 255 255 255 255 107 0 0 0 0 0 0 0 0 0 0 217 223 255 223 255 223 255 0 0 0 0 0 0 0 0 0 0 0 0 0 0 0 0 0 0 8 8 73 111 111 111 111 111 111 105 105 233 255 255 255 255 255 255 255 255 255 255 238 8 8 8 8 8 8 9 73 201 201 201 193 193 193 193 193 64 0 0 0
8 255 255 255 255 255 255 255 101 101 101 97 32 33 32 61 125 255 255 255 255 255 255 255 255 255 255 255 255 255 255 255 255 255 255 255 255 255 255 255 255 255 255 255 255 255 255 255 255 239 205 204 204 204 204 204 4 0 4 0 4 0 4 0 4 0 4 0 4 0 236 255 255 255 255 255 237 136 136 136 136 136 136 136 136 136 136 136 136 136 202 202 74 72 72 72 109 109 109 109 109 109 109 109 108 108 76 76 76 76 76 76 76 76 76 76 76 76 204 220 220 204 8 8 168 232 255 255 255 255 255 255 255 255 255 255 255 255 255 255 73 73 73 255 255 255 255 255 255 255 255 255 255 255 255 255 255 255 255 255 255 107 0 0 0 0 0 0 0 0 0 0 217 255 223 255 223 255 223 0 0 0 0 0 0 0 0 0 0 0 0 0 0 0 0 0 0 8 8 73 111 111 111 111 111 111 105 105 233 255 255 255 255 255 255 255 255 255 255 238 8 8 8 8 8 8 9 73 201 201 201 193 193 193 193 193 64 0 0 0
8 255 255 255 255 255 255 255 101 101 101 97 33 32 33 61 125 255 255 255 255 255 255 255 255 255 255 255 255 255 255 255 255 255 255 255 255 255 255 255 255 255 255 255 255 255 255 255 255 239 205 204 204 204 204 204 0 4 0 4 0 4 0 4 0 4 0 4 0 4 236 255 255 255 255 255 237 136 136 136 136 136 136 136 136 136 136 136 136 136 202 202 74 72 72 72 109 109 109 109 109 109 109 109 108 108 76 76 76 76 76 76 76 76 76 76 76 76 204 220 220 204 8 8 168 232 255 255 255 255 255 255 255 255 255 255 255 255 255 255 73 73 73 255 255 255 255 255 255 255 255 255 255 255 255 255 255 255 255 255 255 107 0 0 0 0 0 0 0 0 0 0 217 223 255 223 255 223 255 0 0 0 0 0 0 0 0 0 0 0 0 0 0 0 0 0 0 8 8 73 111 111 111 111 111 111 105 105 233 255 255 255 255 255 255 255 255 255 255 238 8 8 8 8 8 8 9 73 201 201 201 193 193 193 193 193 64 0 0 0
8 255 255 255 255 255 255 255 101 101 101 97 32 33 32 61 125 255 255 255 255 255 255 255 255 255 255 255 255 255 255 255 255 255 255 255 255 255 255 255 255 255 255 255 255 255 255 255 255 239 205 204 204 204 204 204 4 0 4 0 4 0 4 0 4 0 4 0 4 0 236 255 255 255 255 255 237 136 136 136 136 136 136 136 136 136 136 136 136 136 202 202 74 72 72 72 109 109 109 109 109 109 109 109 108 108 76 76 76 76 76 76 76 76 76 76 76 76 204 220 220 204 8 8 168 232 255 255 255 255 255 255 255 255 255 255 255 255 255 255 73 73 73 255 255 255 255 255 255 255 255 255 255 255 255 255 255 255 255 255 255 107 0 0 0 0 0 0 0 0 0 0 217 255 223 255 223 255 223 0 0 0 0 0 0 0 0 0 0 0 0 0 0 0 0 0 0 8 8 73 111 111 111 111 111 111 105 105 233 255 255 255 255 255 255 255 255 255 255 238 8 8 8 8 8 8 9 73 201 201 201 193 193 193 193 193 64 0 0 0
8 255 255 255 255 255 255 255 101 101 101 97 33 32 33 61 125 255 255 255 255 255 255 255 255 255 255 255 255 255 255 255 255 255 255 255 255 255 255 255 255 255 255 255 255 255 255 255 255 239 205 204 204 204 204 204 0 4 0 4 0 4 0 4 0 4 0 4 0 4 236 255 255 255 255 255 237 136 136 136 136 136 136 136 136 136 136 136 136 136 202 202 74 72 72 72 109 109 109 109 109 109 109 109 108 108 76 76 76 76 76 76 76 76 76 76 76 76 204 220 220 204 8 8 168 232 255 255 255 255 255 255 255 255 255 255 255 255 255 255 73 73 73 255 255 255 255 255 255 255 255 255 255 255 255 255 255 255 255 255 255 107 0 0 0 0 0 0 0 0 0 0 217 223 255 223 255 223 255 0 0 0 0 0 0 0 0 0 0 0 0 0 0 0 0 0 0 8 8 73 111 111 111 111 111 111 105 105 233 255 255 255 255 255 255 255 255 255 255 238 8 8 8 8 8 8 9 73 201 201 201 193 193 193 193 193 64 0 0 0
8 255 255 255 255 255 255 255 101 101 101 97 32 33 32 61 125 255 255 255 255 255 255 255 255 255 255 255 255 255 255 255 255 255 255 255 255 255 255 255 255 255 255 255 255 255 255 255 255 239 205 204 204 204 204 204 4 0 4 0 4 0 4 0 4 0 4 0 4 0 236 255 255 255 255 255 237 136 136 136 136 136 136 136 136 136 136 136 136 136 202 202 74 72 72 72 109 109 109 109 109 109 109 109 108 108 76 76 76 76 76 76 76 76 76 76 76 76 204 220 220 204 8 8 168 232 255 255 255 255 255 255 255 255 255 255 255 255 255 255 73 73 73 255 255 255 255 255 255 255 255 255 255 255 255 255 255 255 255 255 255 107 0 0 0 0 0 0 0 0 0 0 217 255 223 255 223 255 223 0 0 0 0 0 0 0 0 0 0 0 0 0 0 0 0 0 0 8 8 73 111 111 111 111 111 111 105 105 233 255 255 255 255 255 255 255 255 255 255 238 8 8 8 8 8 8 9 73 201 201 201 193 193 193 193 193 64 0 0 0
8 255 255 255 255 255 255 255 101 101 101 97 33 32 33 61 125 255 255 255 255 255 255 255 255 255 255 255 255 255 255 255 255 255 255 255 255 255 255 255 255 255 255 255 255 255 255 255 255 239 205 204 204 204 204 204 0 4 0 4 0 4 0 4 0 4 0 4 0 4 236 255 255 255 255 255 237 136 136 136 136 136 136 136 136 136 136 136 136 136 202 202 74 72 72 72 109 109 109 109 109 109 109 109 108 108 76 76 76 76 76 76 76 76 76 76 76 76 204 220 220 204 8 8 168 232 255 255 255 255 255 255 255 255 255 255 255 255 255 255 73 73 73 255 255 255 255 255 255 255 255 255 255 255 255 255 255 255 255 255 255 107 0 0 0 0 0 0 0 0 0 0 217 223 255 223 255 223 255 0 0 0 0 0 0 0 0 0 0 0 0 0 0 0 0 0 0 8 8 73 111 111 111 111 111 111 105 105 233 255 255 255 255 255 255 255 255 255 255 238 8 8 8 8 8 8 9 73 201 201 201 193 193 193 193 193 64 0 0 0
8 255 255 255 255 255 255 255 101 101 101 97 32 33 32 61 125 255 255 255 255 255 255 255 255 255 255 255 255 255 255 255 255 255 255 255 255 255 255 255 255 255 255 255 255 255 255 255 255 239 205 204 204 204 204 204 4 0 4 0 4 0 4 0 4 0 4 0 4 0 236 255 255 255 255 255 237 136 136 136 136 136 136 136 136 136 136 136 136 136 202 202 74 72 72 72 109 109 109 109 109 109 109 109 108 108 76 76 76 76 76 76 76 76 76 76 76 76 204 220 220 204 8 8 168 232 255 255 255 255 255 255 255 255 255 255 255 255 255 255 73 73 73 255 255 255 255 255 255 255 255 255 255 255 255 255 255 255 255 255 255 107 0 0 0 0 0 0 0 0 0 0 217 255 223 255 223 255 223 0 0 0 0 0 0 0 0 0 0 0 0 0 0 0 0 0 0 8 8 73 111 111 111 111 111 111 105 105 233 255 255 255 255 255 255 255 255 255 255 238 8 8 8 8 8 8 9 73 201 201 201 193 193 193 193 193 64 0 0 0
8 255 255 255 255 255 255 255 101 101 101 97 33 32 33 61 125 255 255 255 255 255 255 255 255 255 255 255 255 255 255 255 255 255 255 255 255 255 255 255 255 255 255 255 255 255 255 255 255 239 205 204 204 204 204 204 0 4 0 4 0 4 0 4 0 4 0 4 0 4 236 255 255 255 255 255 237 136 136 136 136 136 136 136 136 136 136 136 136 136 202 202 74 72 72 72 109 109 109 109 109 109 109 109 108 108 76 76 76 76 76 76 76 76 76 76 76 76 204 220 220 204 8 8 168 232 255 255 255 255 255 255 255 255 255 255 255 255 255 255 73 73 73 255 255 255 255 255 255 255 255 255 255 255 255 255 255 255 255 255 255 107 0 0 0 0 0 0 0 0 0 0 217 223 255 223 255 223 255 0 0 0 0 0 0 0 0 0 0 0 0 0 0 0 0 0 0 8 8 73 111 111 111 111 111 111 105 105 233 255 255 255 255 255 255 255 255 255 255 238 8 8 8 8 8 8 9 73 201 201 201 193 193 193 193 193 64 0 0 0
8 255 255 255 255 255 255 255 101 101 101 97 32 33 32 61 125 255 255 255 255 255 255 255 255 255 255 255 255 255 255 255 255 255 255 255 255 255 255 255 255 255 255 255 255 255 255 255 255 239 205 204 204 204 204 204 4 0 4 0 4 0 4 0 4 0 4 0 4 0 236 255 255 255 255 255 237 136 136 136 136 136 136 136 136 136 136 136 136 136 202 202 74 72 72 72 109 109 109 109 109 109 109 109 108 108 76 76 76 76 76 76 76 76 76 76 76 76 204 220 220 204 8 8 168 232 255 255 255 255 255 255 255 255 255 255 255 255 255 255 73 73 73 255 255 255 255 255 255 255 255 255 255 255 255 255 255 255 255 255 255 107 0 0 0 0 0 0 0 0 0 0 217 255 223 255 223 255 223 0 0 0 0 0 0 0 0 0 0 0 0 0 0 0 0 0 0 8 8 73 111 111 111 111 111 111 105 105 233 255 255 255 255 255 255 255 255 255 255 238 8 8 8 8 8 8 9 73 201 201 201 193 193 193 193 193 64 0 0 0
8 255 255 255 255 255 255 255 101 101 101 97 33 32 33 61 125 255 255 255 255 255 255 255 255 255 255 255 255 255 255 255 255 255 255 255 255 255 255 255 255 255 255 255 255 255 255 255 255 239 205 204 204 204 204 204 0 4 0 4 0 4 0 4 0 4 0 4 0 4 236 255 255 255 255 255 237 136 136 136 136 136 136 136 136 136 136 136 136 136 202 202 74 72 72 72 109 109 109 109 109 109 109 109 108 108 76 76 76 76 76 76 76 76 76 76 76 76 204 220 220 204 8 8 168 232 255 255 255 255 255 255 255 255 255 255 255 255 255 255 73 73 73 255 255 255 255 255 255 255 255 255 255 255 255 255 255 255 255 255 255 107 0 0 0 0 0 0 0 0 0 0 217 223 255 223 255 223 255 0 0 0 0 0 0 0 0 0 0 0 0 0 0 0 0 0 0 8 8 73 111 111 111 111 111 111 105 105 233 255 255 255 255 255 255 255 255 255 255 238 8 8 8 8 8 8 9 73 201 201 201 193 193 193 193 193 64 0 0 0
8 255 255 255 255 255 255 255 101 101 101 97 32 33 32 61 125 255 255 255 255 255 255 255 255 255 255 255 255 255 255 255 255 255 255 255 255 255 255 255 255 255 255 255 255 255 255 255 255 239 205 204 204 204 204 204 4 0 4 0 4 0 4 0 4 0 4 0 4 0 236 255 255 255 255 255 237 136 136 136 136 136 136 136 136 136 136 136 136 136 202 202 74 72 72 72 109 109 109 109 109 109 109 109 108 108 76 76 76 76 76 76 76 76 76 76 76 76 204 220 220 204 8 8 168 232 255 255 255 255 255 255 255 255 255 255 255 255 255 255 73 73 73 255 255 255 255 255 255 255 255 255 255 255 255 255 255 255 255 255 255 107 0 0 0 0 0 0 0 0 0 0 217 255 223 255 223 255 223 0 0 0 0 0 0 0 0 0 0 0 0 0 0 0 0 0 0 8 8 73 111 111 111 111 111 111 105 105 233 255 255 255 255 255 255 255 255 255 255 238 8 8 8 8 8 8 9 73 201 201 201 193 193 193 193 193 64 0 0 0
8 255 255 255 255 255 255 255 101 101 101 97 33 32 33 61 125 255 255 255 255 255 255 255 255 255 255 255 255 255 255 255 255 255 255 255 255 255 255 255 255 255 255 255 255 255 255 255 255 239 205 204 204 204 204 204 0 4 0 4 0 4 0 4 0 4 0 4 0 4 236 255 255 255 255 255 237 136 136 136 136 136 136 136 136 136 136 136 136 136 202 202 74 72 72 72 109 109 109 109 109 109 109 109 108 108 76 76 76 76 76 76 76 76 76 76 76 76 204 220 220 204 8 8 168 232 255 255 255 255 255 255 255 255 255 255 255 255 255 255 73 73 73 255 255 255 255 255 255 255 255 255 255 255 255 255 255 255 255 255 255 107 0 0 0 0 0 0 0 0 0 0 217 223 255 223 255 223 255 0 0 0 0 0 0 0 0 0 0 0 0 0 0 0 0 0 0 8 8 73 111 111 111 111 111 111 105 105 233 255 255 255 255 255 255 255 255 255 255 238 8 8 8 8 8 8 9 73 201 201 201 193 193 193 193 193 64 0 0 0
8 255 255 255 255 255 255 255 101 101 101 97 32 33 32 61 125 255 255 255 255 255 255 255 255 255 255 255 255 255 255 255 255 255 255 255 255 255 255 255 255 255 255 255 255 255 255 255 255 239 205 204 204 204 204 204 4 0 4 0 4 0 4 0 4 0 4 0 4 0 236 255 255 255 255 255 237 136 136 136 136 136 136 136 136 136 136 136 136 136 202 202 74 72 72 72 109 109 109 109 109 109 109 109 108 108 76 76 76 76 76 76 76 76 76 76 76 76 204 220 220 204 8 8 168 232 255 255 255 255 255 255 255 255 255 255 255 255 255 255 73 73 73 255 255 255 255 255 255 255 255 255 255 255 255 255 255 255 255 255 255 107 0 0 0 0 0 0 0 0 0 0 217 255 223 255 223 255 223 0 0 0 0 0 0 0 0 0 0 0 0 0 0 0 0 0 0 8 8 73 111 111 111 111 111 111 105 105 233 255 255 255 255 255 255 255 255 255 255 238 8 8 8 8 8 8 9 73 201 201 201 193 193 193 193 193 64 0 0 0
8 255 255 255 255 255 255 255 101 101 101 97 33 32 33 61 125 255 255 255 255 255 255 255 255 255 255 255 255 255 255 255 255 255 255 255 255 255 255 255 255 255 255 255 255 255 255 255 255 239 205 204 204 204 204 204 0 4 0 4 0 4 0 4 0 4 0 4 0 4 236 255 255 255 255 255 237 136 136 136 136 136 136 136 136 136 136 136 136 136 202 202 74 72 72 72 109 109 109 109 109 109 109 109 108 108 76 76 76 76 76 76 76 76 76 76 76 76 204 220 220 204 8 8 168 232 255 255 255 255 255 255 255 255 255 255 255 255 255 255 73 73 73 255 255 255 255 255 255 255 255 255 255 255 255 255 255 255 255 255 255 107 0 0 0 0 0 0 0 0 0 0 217 223 255 223 255 223 255 0 0 0 0 0 0 0 0 0 0 0 0 0 0 0 0 0 0 8 8 73 111 111 111 111 111 111 105 105 233 255 255 255 255 255 255 255 255 255 255 238 8 8 8 8 8 8 9 73 201 201 201 193 193 193 193 193 64 0 0 0
8 255 255 255 255 255 255 255 101 101 101 97 32 33 32 61 125 255 255 255 255 255 255 255 255 255 255 255 255 255 255 255 255 255 255 255 255 255 255 255 255 255 255 255 255 255 255 255 255 239 205 204 204 204 204 204 4 0 4 0 4 0 4 0 4 0 4 0 4 0 236 255 255 255 255 255 237 136 136 136 136 136 136 136 136 136 136 136 136 136 202 202 74 72 72 72 109 109 109 109 109 109 109 109 108 108 76 76 76 76 76 76 76 76 76 76 76 76 204 220 220 204 8 8 168 232 255 255 255 255 255 255 255 255 255 255 255 255 255 255 73 73 73 255 255 255 255 255 255 255 255 255 255 255 255 255 255 255 255 255 255 107 0 0 0 0 0 0 0 0 0 0 217 255 223 255 223 255 223 0 0 0 0 0 0 0 0 0 0 0 0 0 0 0 0 0 0 8 8 73 111 111 111 111 111 111 105 105 233 255 255 255 255 255 255 255 255 255 255 238 8 8 8 8 8 8 9 73 201 201 201 193 193 193 193 193 64 0 0 0
8 255 255 255 255 255 255 255 101 101 101 97 33 32 33 61 125 255 255 255 255 255 255 255 255 255 255 255 255 255 255 255 255 255 255 255 255 255 255 255 255 255 255 255 255 255 255 255 255 239 205 204 204 204 204 204 0 4 0 4 0 4 0 4 0 4 0 4 0 4 236 255 255 255 255 255 237 136 136 136 136 136 136 136 136 136 136 136 136 136 202 202 74 72 72 72 109 109 109 109 109 109 109 109 108 108 76 76 76 76 76 76 76 76 76 76 76 76 204 220 220 204 8 8 168 232 255 255 255 255 255 255 255 255 255 255 255 255 255 255 73 73 73 255 255 255 255 255 255 255 255 255 255 255 255 255 255 255 255 255 255 107 0 0 0 0 0 0 0 0 0 0 217 223 255 223 255 223 255 0 0 0 0 0 0 0 0 0 0 0 0 0 0 0 0 0 0 8 8 73 111 111 111 111 111 111 105 105 233 255 255 255 255 255 255 255 255 255 255 238 8 8 8 8 8 8 9 73 201 201 201 193 193 193 193 193 64 0 0 0
8 255 255 255 255 255 255 255 101 101 101 97 32 33 32 61 125 255 255 255 255 255 255 255 255 255 255 255 255 255 255 255 255 255 255 255 255 255 255 255 255 255 255 255 255 255 255 255 255 239 205 204 204 204 204 204 4 0 4 0 4 0 4 0 4 0 4 0 4 0 236 255 255 255 255 255 237 136 136 136 136 136 136 136 136 136 136 136 136 136 202 202 74 72 72 72 109 109 109 109 109 109 109 109 108 108 76 76 76 76 76 76 76 76 76 76 76 76 204 220 220 204 8 8 168 232 255 255 255 255 255 255 255 255 255 255 255 255 255 255 73 73 73 255 255 255 255 255 255 255 255 255 255 255 255 255 255 255 255 255 255 107 0 0 0 0 0 0 0 0 0 0 217 255 223 255 223 255 223 0 0 0 0 0 0 0 0 0 0 0 0 0 0 0 0 0 0 8 8 73 111 111 111 111 111 111 105 105 233 255 255 255 255 255 255 255 255 255 255 238 8 8 8 8 8 8 9 73 201 201 201 193 193 193 193 193 64 0 0 0
8 255 255 255 255 255 255 255 101 101 101 97 33 32 33 61 125 255 255 255 255 255 255 255 255 255 255 255 255 255 255 255 255 255 255 255 255 255 255 255 255 255 255 255 255 255 255 255 255 239 205 204 204 204 204 204 0 4 0 4 0 4 0 4 0 4 0 4 0 4 236 255 255 255 255 255 237 136 136 136 136 136 136 136 136 136 136 136 136 136 202 202 74 72 72 72 109 109 109 109 109 109 109 109 108 108 76 76 76 76 76 76 76 76 76 76 76 76 204 220 220 204 8 8 168 232 255 255 255 255 255 255 255 255 255 255 255 255 255 255 73 73 73 255 255 255 255 255 255 255 255 255 255 255 255 255 255 255 255 255 255 107 0 0 0 0 0 0 0 0 0 0 217 223 255 223 255 223 255 0 0 0 0 0 0 0 0 0 0 0 0 0 0 0 0 0 0 8 8 73 111 111 111 111 111 111 105 105 233 255 255 255 255 255 255 255 255 255 255 238 8 8 8 8 8 8 9 73 201 201 201 193 193 193 193 193 64 0 0 0
8 255 255 255 255 255 255 255 101 101 101 97 32 33 32 61 125 255 255 255 255 255 255 255 255 255 255 255 255 255 255 255 255 255 255 255 255 255 255 255 255 255 255 255 255 255 255 255 255 239 205 204 204 204 204 204 4 0 4 0 4 0 4 0 4 0 4 0 4 0 236 255 255 255 255 255 237 136 136 136 136 136 136 136 136 136 136 136 136 136 202 202 74 72 72 72 109 109 109 109 109 109 109 109 108 108 76 76 76 76 76 76 76 76 76 76 76 76 204 220 220 204 8 8 168 232 255 255 255 255 255 255 255 255 255 255 255 255 255 255 73 73 73 255 255 255 255 255 255 255 255 255 255 255 255 255 255 255 255 255 255 107 0 0 0 0 0 0 0 0 0 0 217 255 223 255 223 255 223 0 0 0 0 0 0 0 0 0 0 0 0 0 0 0 0 0 0 8 8 73 111 111 111 111 111 111 105 105 233 255 255 255 255 255 255 255 255 255 255 238 8 8 8 8 8 8 9 73 201 201 201 193 193 193 193 193 64 0 0 0
8 255 255 255 255 255 255 255 101 101 101 97 33 32 33 61 125 255 255 255 255 255 255 255 255 255 255 255 255 255 255 255 255 255 255 255 255 255 255 255 255 255 255 255 255 255 255 255 255 239 205 204 204 204 204 204 0 4 0 4 0 4 0 4 0 4 0 4 0 4 236 255 255 255 255 255 237 136 136 136 136 136 136 136 136 136 136 136 136 136 202 202 74 72 72 72 109 109 109 109 109 109 109 109 108 108 76 76 76 76 76 76 76 76 76 76 76 76 204 220 220 204 8 8 168 232 255 255 255 255 255 255 255 255 255 255 255 255 255 255 73 73 73 255 255 255 255 255 255 255 255 255 255 255 255 255 255 255 255 255 255 107 0 0 0 0 0 0 0 0 0 0 217 223 255 223 255 223 255 0 0 0 0 0 0 0 0 0 0 0 0 0 0 0 0 0 0 8 8 73 111 111 111 111 111 111 105 105 233 255 255 255 255 255 255 255 255 255 255 238 8 8 8 8 8 8 9 73 201 201 201 193 193 193 193 193 64 0 0 0
8 255 255 255 255 255 255 255 101 101 101 97 32 33 32 61 125 255 255 255 255 255 255 255 255 255 255 255 255 255 255 255 255 255 255 255 255 255 255 255 255 255 255 255 255 255 255 255 255 239 205 204 204 204 204 204 4 0 4 0 4 0 4 0 4 0 4 0 4 0 236 255 255 255 255 255 237 136 136 136 136 136 136 136 136 136 136 136 136 136 202 202 74 72 72 72 109 109 109 109 109 109 109 109 108 108 76 76 76 76 76 76 76 76 76 76 76 76 204 220 220 204 8 8 168 232 255 255 255 255 255 255 255 255 255 255 255 255 255 255 73 73 73 255 255 255 255 255 255 255 255 255 255 255 255 255 255 255 255 255 255 107 0 0 0 0 0 0 0 0 0 0 217 255 223 255 223 255 223 0 0 0 0 0 0 0 0 0 0 0 0 0 0 0 0 0 0 8 8 73 111 111 111 111 111 111 105 105 233 255 255 255 255 255 255 255 255 255 255 238 8 8 8 8 8 8 9 73 201 201 201 193 193 193 193 193 64 0 0 0
8 255 255 255 255 255 255 255 101 101 101 97 33 32 33 61 125 255 255 255 255 255 255 255 255 255 255 255 255 255 255 255 255 255 255 255 255 255 255 255 255 255 255 255 255 255 255 255 255 239 205 204 204 204 204 204 0 4 0 4 0 4 0 4 0 4 0 4 0 4 236 255 255 255 255 255 237 136 136 136 136 136 136 136 136 136 136 136 136 136 202 202 74 72 72 72 109 109 109 109 109 109 109 109 108 108 76 76 76 76 76 76 76 76 76 76 76 76 204 220 220 204 8 8 168 232 255 255 255 255 255 255 255 255 255 255 255 255 255 255 73 73 73 255 255 255 255 255 255 255 255 255 255 255 255 255 255 255 255 255 255 107 0 0 0 0 0 0 0 0 0 0 217 223 255 223 255 223 255 0 0 0 0 0 0 0 0 0 0 0 0 0 0 0 0 0 0 8 8 73 111 111 111 111 111 111 105 105 233 255 255 255 255 255 255 255 255 255 255 238 8 8 8 8 8 8 9 73 201 201 201 193 193 193 193 193 64 0 0 0
8 255 255 255 255 255 255 255 101 101 101 97 32 33 32 61 125 255 255 255 255 255 255 255 255 255 255 255 255 255 255 255 255 255 255 255 255 255 255 255 255 255 255 255 255 255 255 255 255 239 205 204 204 204 204 204 4 0 4 0 4 0 4 0 4 0 4 0 4 0 236 255 255 255 255 255 237 136 136 136 136 136 136 136 136 136 136 136 136 136 202 202 74 72 72 72 109 109 109 109 109 109 109 109 108 108 76 76 76 76 76 76 76 76 76 76 76 76 204 220 220 204 8 8 168 232 255 255 255 255 255 255 255 255 255 255 255 255 255 255 73 73 73 255 255 255 255 255 255 255 255 255 255 255 255 255 255 255 255 255 255 107 0 0 0 0 0 0 0 0 0 0 217 255 223 255 223 255 223 0 0 0 0 0 0 0 0 0 0 0 0 0 0 0 0 0 0 8 8 73 111 111 111 111 111 111 105 105 233 255 255 255 255 255 255 255 255 255 255 238 8 8 8 8 8 8 9 73 201 201 201 193 193 193 193 193 64 0 0 0
8 255 255 255 255 255 255 255 101 101 101 97 33 32 33 61 125 255 255 255 255 255 255 255 255 255 255 255 255 255 255 255 255 255 255 255 255 255 255 255 255 255 255 255 255 255 255 255 255 239 205 204 204 204 204 204 0 4 0 4 0 4 0 4 0 4 0 4 0 4 236 255 255 255 255 255 237 136 136 136 136 136 136 136 136 136 136 136 136 136 202 202 74 72 72 72 109 109 109 109 109 109 109 109 108 108 76 76 76 76 76 76 76 76 76 76 76 76 204 220 220 204 8 8 168 232 255 255 255 255 255 255 255 255 255 255 255 255 255 255 73 73 73 255 255 255 255 255 255 255 255 255 255 255 255 255 255 255 255 255 255 107 0 0 0 0 0 0 0 0 0 0 217 223 255 223 255 223 255 0 0 0 0 0 0 0 0 0 0 0 0 0 0 0 0 0 0 8 8 73 111 111 111 111 111 111 105 105 233 255 255 255 255 255 255 255 255 255 255 238 8 8 8 8 8 8 9 73 201 201 201 193 193 193 193 193 64 0 0 0
8 255 255 255 255 255 255 255 101 101 101 97 32 33 32 61 125 255 255 255 255 255 255 255 255 255 255 255 255 255 255 255 255 255 255 255 255 255 255 255 255 255 255 255 255 255 255 255 255 239 205 204 204 204 204 204 4 0 4 0 4 0 4 0 4 0 4 0 4 0 236 255 255 255 255 255 237 136 136 136 136 136 136 136 136 136 136 136 136 136 202 202 74 72 72 72 109 109 109 109 109 109 109 109 108 108 76 76 76 76 76 76 76 76 76 76 76 76 204 220 220 204 8 8 168 232 255 255 255 255 255 255 255 255 255 255 255 255 255 255 73 73 73 255 255 255 255 255 255 255 255 255 255 255 255 255 255 255 255 255 255 107 0 0 0 0 0 0 0 0 0 0 217 255 223 255 223 255 223 0 0 0 0 0 0 0 0 0 0 0 0 0 0 0 0 0 0 8 8 73 111 111 111 111 111 111 105 105 233 255 255 255 255 255 255 255 255 255 255 238 8 8 8 8 8 8 9 73 201 201 201 193 193 193 193 193 64 0 0 0
8 255 255 255 255 255 255 255 101 101 101 97 33 32 33 61 125 255 255 255 255 255 255 255 255 255 255 255 255 255 255 255 255 255 255 255 255 255 255 255 255 255 255 255 255 255 255 255 255 239 205 204 204 204 204 204 0 4 0 4 0 4 0 4 0 4 0 4 0 4 236 255 255 255 255 255 237 136 136 136 136 136 136 136 136 136 136 136 136 136 202 202 74 72 72 72 109 109 109 109 109 109 109 109 108 108 76 76 76 76 76 76 76 76 76 76 76 76 204 220 220 204 8 8 168 232 255 255 255 255 255 255 255 255 255 255 255 255 255 255 73 73 73 255 255 255 255 255 255 255 255 255 255 255 255 255 255 255 255 255 255 107 0 0 0 0 0 0 0 0 0 0 217 223 255 223 255 223 255 0 0 0 0 0 0 0 0 0 0 0 0 0 0 0 0 0 0 8 8 73 111 111 111 111 111 111 105 105 233 255 255 255 255 255 255 255 255 255 255 238 8 8 8 8 8 8 9 73 201 201 201 193 193 193 193 193 64 0 0 0
8 255 255 255 255 255 255 255 101 101 101 97 32 33 32 61 125 255 255 255 255 255 255 255 255 255 255 255 255 255 255 255 255 255 255 255 255 255 255 255 255 255 255 255 255 255 255 255 255 239 205 204 204 204 204 204 4 0 4 0 4 0 4 0 4 0 4 0 4 0 236 255 255 255 255 255 237 136 136 136 136 136 136 136 136 136 136 136 136 136 202 202 74 72 72 72 109 109 109 109 109 109 109 109 108 108 76 76 76 76 76 76 76 76 76 76 76 76 204 220 220 204 8 8 168 232 255 255 255 255 255 255 255 255 255 255 255 255 255 255 73 73 73 255 255 255 255 255 255 255 255 255 255 255 255 255 255 255 255 255 255 107 0 0 0 0 0 0 0 0 0 0 217 255 223 255 223 255 223 0 0 0 0 0 0 0 0 0 0 0 0 0 0 0 0 0 0 8 8 73 111 111 111 111 111 111 105 105 233 255 255 255 255 255 255 255 255 255 255 238 8 8 8 8 8 8 9 73 201 201 201 193 193 193 193 193 64 0 0 0
8 255 255 255 255 255 255 255 101 101 101 97 33 32 33 61 125 255 255 255 255 255 255 255 255 255 255 255 255 255 255 255 255 255 255 255 255 255 255 255 255 255 255 255 255 255 255 255 255 239 205 204 204 204 204 204 0 4 0 4 0 4 0 4 0 4 0 4 0 4 236 255 255 255 255 255 237 136 136 136 136 136 136 136 136 136 136 136 136 136 202 202 74 72 72 72 109 109 109 109 109 109 109 109 108 108 76 76 76 76 76 76 76 76 76 76 76 76 204 220 220 204 8 8 168 232 255 255 255 255 255 255 255 255 255 255 255 255 255 255 73 73 73 255 255 255 255 255 255 255 255 255 255 255 255 255 255 255 255 255 255 107 0 0 0 0 0 0 0 0 0 0 217 223 255 223 255 223 255 0 0 0 0 0 0 0 0 0 0 0 0 0 0 0 0 0 0 8 8 73 111 111 111 111 111 111 105 105 233 255 255 255 255 255 255 255 255 255 255 238 8 8 8 8 8 8 9 73 201 201 201 193 193 193 193 193 64 0 0 0
8 255 255 255 255 255 255 255 101 101 101 97 32 33 32 61 125 255 255 255 255 255 255 255 255 255 255 255 255 255 255 255 255 255 255 255 255 255 255 255 255 255 255 255 255 255 255 255 255 239 205 204 204 204 204 204 4 0 4 0 4 0 4 0 4 0 4 0 4 0 236 255 255 255 255 255 237 136 136 136 136 136 136 136 136 136 136 136 136 136 202 202 74 72 72 72 109 109 109 109 109 109 109 109 108 108 76 76 76 76 76 76 76 76 76 76 76 76 204 220 220 204 8 8 168 232 255 255 255 255 255 255 255 255 255 255 255 255 255 255 73 73 73 255 255 255 255 255 255 255 255 255 255 255 255 255 255 255 255 255 255 107 0 0 0 0 0 0 0 0 0 0 217 255 223 255 223 255 223 0 0 0 0 0 0 0 0 0 0 0 0 0 0 0 0 0 0 8 8 73 111 111 111 111 111 111 105 105 233 255 255 255 255 255 255 255 255 255 255 238 8 8 8 8 8 8 9 73 201 201 201 193 193 193 193 193 64 0 0 0
8 255 255 255 255 255 255 255 101 101 101 97 33 32 33 61 125 255 255 255 255 255 255 255 255 255 255 255 255 255 255 255 255 255 255 255 255 255 255 255 255 255 255 255 255 255 255 255 255 239 205 204 204 204 204 204 0 4 0 4 0 4 0 4 0 4 0 4 0 4 236 255 255 255 255 255 237 136 136 136 136 136 136 136 136 136 136 136 136 136 202 202 74 72 72 72 109 109 109 109 109 109 109 109 108 108 76 76 76 76 76 76 76 76 76 76 76 76 204 220 220 204 8 8 168 232 255 255 255 255 255 255 255 255 255 255 255 255 255 255 73 73 73 255 255 255 255 255 255 255 255 255 255 255 255 255 255 255 255 255 255 107 0 0 0 0 0 0 0 0 0 0 217 223 255 223 255 223 255 0 0 0 0 0 0 0 0 0 0 0 0 0 0 0 0 0 0 8 8 73 111 111 111 111 111 111 105 105 233 255 255 255 255 255 255 255 255 255 255 238 8 8 8 8 8 8 9 73 201 201 201 193 193 193 193 193 64 0 0 0
8 255 255 255 255 255 255 255 101 101 101 97 32 33 32 61 125 255 255 255 255 255 255 255 255 255 255 255 255 255 255 255 255 255 255 255 255 255 255 255 255 255 255 255 255 255 255 255 255 239 205 204 204 204 204 204 4 0 4 0 4 0 4 0 4 0 4 0 4 0 236 255 255 255 255 255 237 136 136 136 136 136 136 136 136 136 136 136 136 136 202 202 74 72 72 72 109 109 109 109 109 109 109 109 108 108 76 76 76 76 76 76 76 76 76 76 76 76 204 220 220 204 8 8 168 232 255 255 255 255 255 255 255 255 255 255 255 255 255 255 73 73 73 255 255 255 255 255 255 255 255 255 255 255 255 255 255 255 255 255 255 107 0 0 0 0 0 0 0 0 0 0 217 255 223 255 223 255 223 0 0 0 0 0 0 0 0 0 0 0 0 0 0 0 0 0 0 8 8 73 111 111 111 111 111 111 105 105 233 255 255 255 255 255 255 255 255 255 255 238 8 8 8 8 8 8 9 73 201 201 201 193 193 193 193 193 64 0 0 0
8 255 255 255 255 255 255 255 101 101 101 97 33 32 33 61 125 255 255 255 255 255 255 255 255 255 255 255 255 255 255 255 255 255 255 255 255 255 255 255 255 255 255 255 255 255 255 255 255 239 205 204 204 204 204 204 0 4 0 4 0 4 0 4 0 4 0 4 0 4 236 255 255 255 255 255 237 136 136 136 136 136 136 136 136 136 136 136 136 136 202 202 74 72 72 72 109 109 109 109 109 109 109 109 108 108 76 76 76 76 76 76 76 76 76 76 76 76 204 220 220 204 8 8 168 232 255 255 255 255 255 255 255 255 255 255 255 255 255 255 73 73 73 255 255 255 255 255 255 255 255 255 255 255 255 255 255 255 255 255 255 107 0 0 0 0 0 0 0 0 0 0 217 223 255 223 255 223 255 0 0 0 0 0 0 0 0 0 0 0 0 0 0 0 0 0 0 8 8 73 111 111 111 111 111 111 105 105 233 255 255 255 255 255 255 255 255 255 255 238 8 8 8 8 8 8 9 73 201 201 201 193 193 193 193 193 64 0 0 0
8 255 255 255 255 255 255 255 101 101 101 97 32 33 32 61 125 255 255 255 255 255 255 255 255 255 255 255 255 255 255 255 255 255 255 255 255 255 255 255 255 255 255 255 255 255 255 255 255 239 205 204 204 204 204 204 4 0 4 0 4 0 4 0 4 0 4 0 4 0 236 255 255 255 255 255 237 136 136 136 136 136 136 136 136 136 136 136 136 136 202 202 74 72 72 72 109 109 109 109 109 109 109 109 108 108 76 76 76 76 76 76 76 76 76 76 76 76 204 220 220 204 8 8 168 232 255 255 255 255 255 255 255 255 255 255 255 255 255 255 73 73 73 255 255 255 255 255 255 255 255 255 255 255 255 255 255 255 255 255 255 107 0 0 0 0 0 0 0 0 0 0 217 255 223 255 223 255 223 0 0 0 0 0 0 0 0 0 0 0 0 0 0 0 0 0 0 8 8 73 111 111 111 111 111 111 105 105 233 255 255 255 255 255 255 255 255 255 255 238 8 8 8 8 8 8 9 73 201 201 201 193 193 193 193 193 64 0 0 0
8 255 255 255 255 255 255 255 101 101 101 97 33 32 33 61 125 255 255 255 255 255 255 255 255 255 255 255 255 255 255 255 255 255 255 255 255 255 255 255 255 255 255 255 255 255 255 255 255 239 205 204 204 204 204 204 0 4 0 4 0 4 0 4 0 4 0 4 0 4 236 255 255 255 255 255 237 136 136 136 136 136 136 136 136 136 136 136 136 136 202 202 74 72 72 72 109 109 109 109 109 109 109 109 108 108 76 76 76 76 76 76 76 76 76 76 76 76 204 220 220 204 8 8 168 232 255 255 255 255 255 255 255 255 255 255 255 255 255 255 73 73 73 255 255 255 255 255 255 255 255 255 255 255 255 255 255 255 255 255 255 107 0 0 0 0 0 0 0 0 0 0 217 223 255 223 255 223 255 0 0 0 0 0 0 0 0 0 0 0 0 0 0 0 0 0 0 8 8 73 111 111 111 111 111 111 105 105 233 255 255 255 255 255 255 255 255 255 255 238 8 8 8 8 8 8 9 73 201 201 201 193 193 193 193 193 64 0 0 0
8 255 255 255 255 255 255 255 101 101 101 97 32 33 32 61 125 255 255 255 255 255 255 255 255 255 255 255 255 255 255 255 255 255 255 255 255 255 255 255 255 255 255 255 255 255 255 255 255 239 205 204 204 204 204 204 4 0 4 0 4 0 4 0 4 0 4 0 4 0 236 255 255 255 255 255 237 136 136 136 136 136 136 136 136 136 136 136 136 136 202 202 74 72 72 72 109 109 109 109 109 109 109 109 108 108 76 76 76 76 76 76 76 76 76 76 76 76 204 220 220 204 8 8 168 232 255 255 255 255 255 255 255 255 255 255 255 255 255 255 73 73 73 255 255 255 255 255 255 255 255 255 255 255 255 255 255 255 255 255 255 107 0 0 0 0 0 0 0 0 0 0 217 255 223 255 223 255 223 0 0 0 0 0 0 0 0 0 0 0 0 0 0 0 0 0 0 8 8 73 111 111 111 111 111 111 105 105 233 255 255 255 255 255 255 255 255 255 255 238 8 8 8 8 8 8 9 73 201 201 201 193 193 193 193 193 64 0 0 0
8 255 255 255 255 255 255 255 101 101 101 97 33 32 33 61 125 255 255 255 255 255 255 255 255 255 255 255 255 255 255 255 255 255 255 255 255 255 255 255 255 255 255 255 255 255 255 255 255 239 205 204 204 204 204 204 0 4 0 4 0 4 0 4 0 4 0 4 0 4 236 255 255 255 255 255 237 136 136 136 136 136 136 136 136 136 136 136 136 136 202 202 74 72 72 72 109 109 109 109 109 109 109 109 108 108 76 76 76 76 76 76 76 76 76 76 76 76 204 220 220 204 8 8 168 232 255 255 255 255 255 255 255 255 255 255 255 255 255 255 73 73 73 255 255 255 255 255 255 255 255 255 255 255 255 255 255 255 255 255 255 107 0 0 0 0 0 0 0 0 0 0 217 223 255 223 255 223 255 0 0 0 0 0 0 0 0 0 0 0 0 0 0 0 0 0 0 8 8 73 111 111 111 111 111 111 105 105 233 255 255 255 255 255 255 255 255 255 255 238 8 8 8 8 8 8 9 73 201 201 201 193 193 193 193 193 64 0 0 0
8 255 255 255 255 255 255 255 101 101 101 97 32 33 32 61 125 255 255 255 255 255 255 255 255 255 255 255 255 255 255 255 255 255 255 255 255 255 255 255 255 255 255 255 255 255 255 255 255 239 205 204 204 204 204 204 4 0 4 0 4 0 4 0 4 0 4 0 4 0 236 255 255 255 255 255 237 136 136 136 136 136 136 136 136 136 136 136 136 136 202 202 74 72 72 72 109 109 109 109 109 109 109 109 108 108 76 76 76 76 76 76 76 76 76 76 76 76 204 220 220 204 8 8 168 232 255 255 255 255 255 255 255 255 255 255 255 255 255 255 73 73 73 255 255 255 255 255 255 255 255 255 255 255 255 255 255 255 255 255 255 107 0 0 0 0 0 0 0 0 0 0 217 255 223 255 223 255 223 0 0 0 0 0 0 0 0 0 0 0 0 0 0 0 0 0 0 8 8 73 111 111 111 111 111 111 105 105 233 255 255 255 255 255 255 255 255 255 255 238 8 8 8 8 8 8 9 73 201 201 201 193 193 193 193 193 64 0 0 0
8 255 255 255 255 255 255 255 101 101 101 97 33 32 33 61 125 255 255 255 255 255 255 255 255 255 255 255 255 255 255 255 255 255 255 255 255 255 255 255 255 255 255 255 255 255 255 255 255 239 205 204 204 204 204 204 0 4 0 4 0 4 0 4 0 4 0 4 0 4 236 255 255 255 255 255 237 136 136 136 136 136 136 136 136 136 136 136 136 136 202 202 74 72 72 72 109 109 109 109 109 109 109 109 108 108 76 76 76 76 76 76 76 76 76 76 76 76 204 220 220 204 8 8 168 232 255 255 255 255 255 255 255 255 255 255 255 255 255 255 73 73 73 255 255 255 255 255 255 255 255 255 255 255 255 255 255 255 255 255 255 107 0 0 0 0 0 0 0 0 0 0 217 223 255 223 255 223 255 0 0 0 0 0 0 0 0 0 0 0 0 0 0 0 0 0 0 8 8 73 111 111 111 111 111 111 105 105 233 255 255 255 255 255 255 255 255 255 255 238 8 8 8 8 8 8 9 73 201 201 201 193 193 193 193 193 64 0 0 0
8 255 255 255 255 255 255 255 101 101 101 97 32 33 32 61 125 255 255 255 255 255 255 255 255 255 255 255 255 255 255 255 255 255 255 255 255 255 255 255 255 255 255 255 255 255 255 255 255 239 205 204 204 204 204 204 4 0 4 0 4 0 4 0 4 0 4 0 4 0 236 255 255 255 255 255 237 136 136 136 136 136 136 136 136 136 136 136 136 136 202 202 74 72 72 72 109 109 109 109 109 109 109 109 108 108 76 76 76 76 76 76 76 76 76 76 76 76 204 220 220 204 8 8 168 232 255 255 255 255 255 255 255 255 255 255 255 255 255 255 73 73 73 255 255 255 255 255 255 255 255 255 255 255 255 255 255 255 255 255 255 107 0 0 0 0 0 0 0 0 0 0 217 255 223 255 223 255 223 0 0 0 0 0 0 0 0 0 0 0 0 0 0 0 0 0 0 8 8 73 111 111 111 111 111 111 105 105 233 255 255 255 255 255 255 255 255 255 255 238 8 8 8 8 8 8 9 73 201 201 201 193 193 193 193 193 64 0 0 0
8 255 255 255 255 255 255 255 101 101 101 97 33 32 33 61 125 255 255 255 255 255 255 255 255 255 255 255 255 255 255 255 255 255 255 255 255 255 255 255 255 255 255 255 255 255 255 255 255 239 205 204 204 204 204 204 0 4 0 4 0 4 0 4 0 4 0 4 0 4 236 255 255 255 255 255 237 136 136 136 136 136 136 136 136 136 136 136 136 136 202 202 74 72 72 72 109 109 109 109 109 109 109 109 108 108 76 76 76 76 76 76 76 76 76 76 76 76 204 220 220 204 8 8 168 232 255 255 255 255 255 255 255 255 255 255 255 255 255 255 73 73 73 255 255 255 255 255 255 255 255 255 255 255 255 255 255 255 255 255 255 107 0 0 0 0 0 0 0 0 0 0 217 223 255 223 255 223 255 0 0 0 0 0 0 0 0 0 0 0 0 0 0 0 0 0 0 8 8 73 111 111 111 111 111 111 105 105 233 255 255 255 255 255 255 255 255 255 255 238 8 8 8 8 8 8 9 73 201 201 201 193 193 193 193 193 64 0 0 0
8 255 255 255 255 255 255 255 101 101 101 97 32 33 32 61 125 255 255 255 255 255 255 255 255 255 255 255 255 255 255 255 255 255 255 255 255 255 255 255 255 255 255 255 255 255 255 255 255 239 205 204 204 204 204 204 4 0 4 0 4 0 4 0 4 0 4 0 4 0 236 255 255 255 255 255 237 136 136 136 136 136 136 136 136 136 136 136 136 136 202 202 74 72 72 72 109 109 109 109 109 109 109 109 108 108 76 76 76 76 76 76 76 76 76 76 76 76 204 220 220 204 8 8 168 232 255 255 255 255 255 255 255 255 255 255 255 255 255 255 73 73 73 255 255 255 255 255 255 255 255 255 255 255 255 255 255 255 255 255 255 107 0 0 0 0 0 0 0 0 0 0 217 255 223 255 223 255 223 0 0 0 0 0 0 0 0 0 0 0 0 0 0 0 0 0 0 8 8 73 111 111 111 111 111 111 105 105 233 255 255 255 255 255 255 255 255 255 255 238 8 8 8 8 8 8 9 73 201 201 201 193 193 193 193 193 64 0 0 0
8 255 255 255 255 255 255 255 101 101 101 97 33 32 33 61 125 255 255 255 255 255 255 255 255 255 255 255 255 255 255 255 255 255 255 255 255 255 255 255 255 255 255 255 255 255 255 255 255 239 205 204 204 204 204 204 0 4 0 4 0 4 0 4 0 4 0 4 0 4 236 255 255 255 255 255 237 136 136 136 136 136 136 136 136 136 136 136 136 136 202 202 74 72 72 72 109 109 109 109 109 109 109 109 108 108 76 76 76 76 76 76 76 76 76 76 76 76 204 220 220 204 8 8 168 232 255 255 255 255 255 255 255 255 255 255 255 255 255 255 73 73 73 255 255 255 255 255 255 255 255 255 255 255 255 255 255 255 255 255 255 107 0 0 0 0 0 0 0 0 0 0 217 223 255 223 255 223 255 0 0 0 0 0 0 0 0 0 0 0 0 0 0 0 0 0 0 8 8 73 111 111 111 111 111 111 105 105 233 255 255 255 255 255 255 255 255 255 255 238 8 8 8 8 8 8 9 73 201 201 201 193 193 193 193 193 64 0 0 0
8 255 255 255 255 255 255 255 101 101 101 97 32 33 32 61 125 255 255 255 255 255 255 255 255 255 255 255 255 255 255 255 255 255 255 255 255 255 255 255 255 255 255 255 255 255 255 255 255 239 205 204 204 204 204 204 4 0 4 0 4 0 4 0 4 0 4 0 4 0 236 255 255 255 255 255 237 136 136 136 136 136 136 136 136 136 136 136 136 136 202 202 74 72 72 72 109 109 109 109 109 109 109 109 108 108 76 76 76 76 76 76 76 76 76 76 76 76 204 220 220 204 8 8 168 232 255 255 255 255 255 255 255 255 255 255 255 255 255 255 73 73 73 255 255 255 255 255 255 255 255 255 255 255 255 255 255 255 255 255 255 107 0 0 0 0 0 0 0 0 0 0 217 255 223 255 223 255 223 0 0 0 0 0 0 0 0 0 0 0 0 0 0 0 0 0 0 8 8 73 111 111 111 111 111 111 105 105 233 255 255 255 255 255 255 255 255 255 255 238 8 8 8 8 8 8 9 73 201 201 201 193 193 193 193 193 64 0 0 0
8 255 255 255 255 255 255 255 101 101 101 97 33 32 33 61 125 255 255 255 255 255 255 255 255 255 255 255 255 255 255 255 255 255 255 255 255 255 255 255 255 255 255 255 255 255 255 255 255 239 205 204 204 204 204 204 0 4 0 4 0 4 0 4 0 4 0 4 0 4 236 255 255 255 255 255 237 136 136 136 136 136 136 136 136 136 136 136 136 136 202 202 74 72 72 72 109 109 109 109 109 109 109 109 108 108 76 76 76 76 76 76 76 76 76 76 76 76 204 220 220 204 8 8 168 232 255 255 255 255 255 255 255 255 255 255 255 255 255 255 73 73 73 255 255 255 255 255 255 255 255 255 255 255 255 255 255 255 255 255 255 107 0 0 0 0 0 0 0 0 0 0 217 223 255 223 255 223 255 0 0 0 0 0 0 0 0 0 0 0 0 0 0 0 0 0 0 8 8 73 111 111 111 111 111 111 105 105 233 255 255 255 255 255 255 255 255 255 255 238 8 8 8 8 8 8 9 73 201 201 201 193 193 193 193 193 64 0 0 0
8 255 255 255 255 255 255 255 101 101 101 97 32 33 32 61 125 255 255 255 255 255 255 255 255 255 255 255 255 255 255 255 255 255 255 255 255 255 255 255 255 255 255 255 255 255 255 255 255 239 205 204 204 204 204 204 4 0 4 0 4 0 4 0 4 0 4 0 4 0 236 255 255 255 255 255 237 136 136 136 136 136 136 136 136 136 136 136 136 136 202 202 74 72 72 72 109 109 109 109 109 109 109 109 108 108 76 76 76 76 76 76 76 76 76 76 76 76 204 220 220 204 8 8 168 232 255 255 255 255 255 255 255 255 255 255 255 255 255 255 73 73 73 255 255 255 255 255 255 255 255 255 255 255 255 255 255 255 255 255 255 107 0 0 0 0 0 0 0 0 0 0 217 255 223 255 223 255 223 0 0 0 0 0 0 0 0 0 0 0 0 0 0 0 0 0 0 8 8 73 111 111 111 111 111 111 105 105 233 255 255 255 255 255 255 255 255 255 255 238 8 8 8 8 8 8 9 73 201 201 201 193 193 193 193 193 64 0 0 0
8 255 255 255 255 255 255 255 101 101 101 97 33 32 33 61 125 255 255 255 255 255 255 255 255 255 255 255 255 255 255 255 255 255 255 255 255 255 255 255 255 255 255 255 255 255 255 255 255 239 205 204 204 204 204 204 0 4 0 4 0 4 0 4 0 4 0 4 0 4 236 255 255 255 255 255 237 136 136 136 136 136 136 136 136 136 136 136 136 136 202 202 74 72 72 72 109 109 109 109 109 109 109 109 108 108 76 76 76 76 76 76 76 76 76 76 76 76 204 220 220 204 8 8 168 232 255 255 255 255 255 255 255 255 255 255 255 255 255 255 73 73 73 255 255 255 255 255 255 255 255 255 255 255 255 255 255 255 255 255 255 107 0 0 0 0 0 0 0 0 0 0 217 223 255 223 255 223 255 0 0 0 0 0 0 0 0 0 0 0 0 0 0 0 0 0 0 8 8 73 111 111 111 111 111 111 105 105 233 255 255 255 255 255 255 255 255 255 255 238 8 8 8 8 8 8 9 73 201 201 201 193 193 193 193 193 64 0 0 0
8 255 255 255 255 255 255 255 101 101 101 97 32 33 32 61 125 255 255 255 255 255 255 255 255 255 255 255 255 255 255 255 255 255 255 255 255 255 255 255 255 255 255 255 255 255 255 255 255 239 205 204 204 204 204 204 4 0 4 0 4 0 4 0 4 0 4 0 4 0 236 255 255 255 255 255 237 136 136 136 136 136 136 136 136 136 136 136 136 136 202 202 74 72 72 72 109 109 109 109 109 109 109 109 108 108 76 76 76 76 76 76 76 76 76 76 76 76 204 220 220 204 8 8 168 232 255 255 255 255 255 255 255 255 255 255 255 255 255 255 73 73 73 255 255 255 255 255 255 255 255 255 255 255 255 255 255 255 255 255 255 107 0 0 0 0 0 0 0 0 0 0 217 255 223 255 223 255 223 0 0 0 0 0 0 0 0 0 0 0 0 0 0 0 0 0 0 8 8 73 111 111 111 111 111 111 105 105 233 255 255 255 255 255 255 255 255 255 255 238 8 8 8 8 8 8 9 73 201 201 201 193 193 193 193 193 64 0 0 0
8 255 255 255 255 255 255 255 101 101 101 97 33 32 33 61 125 255 255 255 255 255 255 255 255 255 255 255 255 255 255 255 255 255 255 255 255 255 255 255 255 255 255 255 255 255 255 255 255 239 205 204 204 204 204 204 0 4 0 4 0 4 0 4 0 4 0 4 0 4 236 255 255 255 255 255 237 136 136 136 136 136 136 136 136 136 136 136 136 136 202 202 74 72 72 72 109 109 109 109 109 109 109 109 108 108 76 76 76 76 76 76 76 76 76 76 76 76 204 220 220 204 8 8 168 232 255 255 255 255 255 255 255 255 255 255 255 255 255 255 73 73 73 255 255 255 255 255 255 255 255 255 255 255 255 255 255 255 255 255 255 107 0 0 0 0 0 0 0 0 0 0 217 223 255 223 255 223 255 0 0 0 0 0 0 0 0 0 0 0 0 0 0 0 0 0 0 8 8 73 111 111 111 111 111 111 105 105 233 255 255 255 255 255 255 255 255 255 255 238 8 8 8 8 8 8 9 73 201 201 201 193 193 193 193 193 64 0 0 0
8 255 255 255 255 255 255 255 101 101 101 97 32 33 32 61 125 255 255 255 255 255 255 255 255 255 255 255 255 255 255 255 255 255 255 255 255 255 255 255 255 255 255 255 255 255 255 255 255 239 205 204 204 204 204 204 4 0 4 0 4 0 4 0 4 0 4 0 4 0 236 255 255 255 255 255 237 136 136 136 136 136 136 136 136 136 136 136 136 136 202 202 74 72 72 72 109 109 109 109 109 109 109 109 108 108 76 76 76 76 76 76 76 76 76 76 76 76 204 220 220 204 8 8 168 232 255 255 255 255 255 255 255 255 255 255 255 255 255 255 73 73 73 255 255 255 255 255 255 255 255 255 255 255 255 255 255 255 255 255 255 107 0 0 0 0 0 0 0 0 0 0 217 255 223 255 223 255 223 0 0 0 0 0 0 0 0 0 0 0 0 0 0 0 0 0 0 8 8 73 111 111 111 111 111 111 105 105 233 255 255 255 255 255 255 255 255 255 255 238 8 8 8 8 8 8 9 73 201 201 201 193 193 193 193 193 64 0 0 0
8 255 255 255 255 255 255 255 101 101 101 97 33 32 33 61 125 255 255 255 255 255 255 255 255 255 255 255 255 255 255 255 255 255 255 255 255 255 255 255 255 255 255 255 255 255 255 255 255 239 205 204 204 204 204 204 0 4 0 4 0 4 0 4 0 4 0 4 0 4 236 255 255 255 255 255 237 136 136 136 136 136 136 136 136 136 136 136 136 136 202 202 74 72 72 72 109 109 109 109 109 109 109 109 108 108 76 76 76 76 76 76 76 76 76 76 76 76 204 220 220 204 8 8 168 232 255 255 255 255 255 255 255 255 255 255 255 255 255 255 73 73 73 255 255 255 255 255 255 255 255 255 255 255 255 255 255 255 255 255 255 107 0 0 0 0 0 0 0 0 0 0 217 223 255 223 255 223 255 0 0 0 0 0 0 0 0 0 0 0 0 0 0 0 0 0 0 8 8 73 111 111 111 111 111 111 105 105 233 255 255 255 255 255 255 255 255 255 255 238 8 8 8 8 8 8 9 73 201 201 201 193 193 193 193 193 64 0 0 0
8 255 255 255 255 255 255 255 101 101 101 97 32 33 32 61 125 255 255 255 255 255 255 255 255 255 255 255 255 255 255 255 255 255 255 255 255 255 255 255 255 255 255 255 255 255 255 255 255 239 205 204 204 204 204 204 4 0 4 0 4 0 4 0 4 0 4 0 4 0 236 255 255 255 255 255 237 136 136 136 136 136 136 136 136 136 136 136 136 136 202 202 74 72 72 72 109 109 109 109 109 109 109 109 108 108 76 76 76 76 76 76 76 76 76 76 76 76 204 220 220 204 8 8 168 232 255 255 255 255 255 255 255 255 255 255 255 255 255 255 73 73 73 255 255 255 255 255 255 255 255 255 255 255 255 255 255 255 255 255 255 107 0 0 0 0 0 0 0 0 0 0 217 255 223 255 223 255 223 0 0 0 0 0 0 0 0 0 0 0 0 0 0 0 0 0 0 8 8 73 111 111 111 111 111 111 105 105 233 255 255 255 255 255 255 255 255 255 255 238 8 8 8 8 8 8 9 73 201 201 201 193 193 193 193 193 64 0 0 0
8 255 255 255 255 255 255 255 101 101 101 97 33 32 33 61 125 255 255 255 255 255 255 255 255 255 255 255 255 255 255 255 255 255 255 255 255 255 255 255 255 255 255 255 255 255 255 255 255 239 205 204 204 204 204 204 0 4 0 4 0 4 0 4 0 4 0 4 0 4 236 255 255 255 255 255 237 136 136 136 136 136 136 136 136 136 136 136 136 136 202 202 74 72 72 72 109 109 109 109 109 109 109 109 108 108 76 76 76 76 76 76 76 76 76 76 76 76 204 220 220 204 8 8 168 232 255 255 255 255 255 255 255 255 255 255 255 255 255 255 73 73 73 255 255 255 255 255 255 255 255 255 255 255 255 255 255 255 255 255 255 107 0 0 0 0 0 0 0 0 0 0 217 223 255 223 255 223 255 0 0 0 0 0 0 0 0 0 0 0 0 0 0 0 0 0 0 8 8 73 111 111 111 111 111 111 105 105 233 255 255 255 255 255 255 255 255 255 255 238 8 8 8 8 8 8 9 73 201 201 201 193 193 193 193 193 64 0 0 0
8 255 255 255 255 255 255 255 101 101 101 97 32 33 32 61 125 255 255 255 255 255 255 255 255 255 255 255 255 255 255 255 255 255 255 255 255 255 255 255 255 255 255 255 255 255 255 255 255 239 205 204 204 204 204 204 4 0 4 0 4 0 4 0 4 0 4 0 4 0 236 255 255 255 255 255 237 136 136 136 136 136 136 136 136 136 136 136 136 136 202 202 74 72 72 72 109 109 109 109 109 109 109 109 108 108 76 76 76 76 76 76 76 76 76 76 76 76 204 220 220 204 8 8 168 232 255 255 255 255 255 255 255 255 255 255 255 255 255 255 73 73 73 255 255 255 255 255 255 255 255 255 255 255 255 255 255 255 255 255 255 107 0 0 0 0 0 0 0 0 0 0 217 255 223 255 223 255 223 0 0 0 0 0 0 0 0 0 0 0 0 0 0 0 0 0 0 8 8 73 111 111 111 111 111 111 105 105 233 255 255 255 255 255 255 255 255 255 255 238 8 8 8 8 8 8 9 73 201 201 201 193 193 193 193 193 64 0 0 0
8 255 255 255 255 255 255 255 101 101 101 97 33 32 33 61 125 255 255 255 255 255 255 255 255 255 255 255 255 255 255 255 255 255 255 255 255 255 255 255 255 255 255 255 255 255 255 255 255 239 205 204 204 204 204 204 0 4 0 4 0 4 0 4 0 4 0 4 0 4 236 255 255 255 255 255 237 136 136 136 136 136 136 136 136 136 136 136 136 136 202 202 74 72 72 72 109 109 109 109 109 109 109 109 108 108 76 76 76 76 76 76 76 76 76 76 76 76 204 220 220 204 8 8 168 232 255 255 255 255 255 255 255 255 255 255 255 255 255 255 73 73 73 255 255 255 255 255 255 255 255 255 255 255 255 255 255 255 255 255 255 107 0 0 0 0 0 0 0 0 0 0 217 223 255 223 255 223 255 0 0 0 0 0 0 0 0 0 0 0 0 0 0 0 0 0 0 8 8 73 111 111 111 111 111 111 105 105 233 255 255 255 255 255 255 255 255 255 255 238 8 8 8 8 8 8 9 73 201 201 201 193 193 193 193 193 64 0 0 0
8 255 255 255 255 255 255 255 101 101 101 97 32 33 32 61 125 255 255 255 255 255 255 255 255 255 255 255 255 255 255 255 255 255 255 255 255 255 255 255 255 255 255 255 255 255 255 255 255 239 205 204 204 204 204 204 4 0 4 0 4 0 4 0 4 0 4 0 4 0 236 255 255 255 255 255 237 136 136 136 136 136 136 136 136 136 136 136 136 136 202 202 74 72 72 72 109 109 109 109 109 109 109 109 108 108 76 76 76 76 76 76 76 76 76 76 76 76 204 220 220 204 8 8 168 232 255 255 255 255 255 255 255 255 255 255 255 255 255 255 73 73 73 255 255 255 255 255 255 255 255 255 255 255 255 255 255 255 255 255 255 107 0 0 0 0 0 0 0 0 0 0 217 255 223 255 223 255 223 0 0 0 0 0 0 0 0 0 0 0 0 0 0 0 0 0 0 8 8 73 111 111 111 111 111 111 105 105 233 255 255 255 255 255 255 255 255 255 255 238 8 8 8 8 8 8 9 73 201 201 201 193 193 193 193 193 64 0 0 0
8 255 255 255 255 255 255 255 101 101 101 97 33 32 33 61 125 255 255 255 255 255 255 255 255 255 255 255 255 255 255 255 255 255 255 255 255 255 255 255 255 255 255 255 255 255 255 255 255 239 205 204 204 204 204 204 0 4 0 4 0 4 0 4 0 4 0 4 0 4 236 255 255 255 255 255 237 136 136 136 136 136 136 136 136 136 136 136 136 136 202 202 74 72 72 72 109 109 109 109 109 109 109 109 108 108 76 76 76 76 76 76 76 76 76 76 76 76 204 220 220 204 8 8 168 232 255 255 255 255 255 255 255 255 255 255 255 255 255 255 73 73 73 255 255 255 255 255 255 255 255 255 255 255 255 255 255 255 255 255 255 107 0 0 0 0 0 0 0 0 0 0 217 223 255 223 255 223 255 0 0 0 0 0 0 0 0 0 0 0 0 0 0 0 0 0 0 8 8 73 111 111 111 111 111 111 105 105 233 255 255 255 255 255 255 255 255 255 255 238 8 8 8 8 8 8 9 73 201 201 201 193 193 193 193 193 64 0 0 0
8 255 255 255 255 255 255 255 101 101 101 97 32 33 32 61 125 255 255 255 255 255 255 255 255 255 255 255 255 255 255 255 255 255 255 255 255 255 255 255 255 255 255 255 255 255 255 255 255 239 205 204 204 204 204 204 4 0 4 0 4 0 4 0 4 0 4 0 4 0 236 255 255 255 255 255 237 136 136 136 136 136 136 136 136 136 136 136 136 136 202 202 74 72 72 72 109 109 109 109 109 109 109 109 108 108 76 76 76 76 76 76 76 76 76 76 76 76 204 220 220 204 8 8 168 232 255 255 255 255 255 255 255 255 255 255 255 255 255 255 73 73 73 255 255 255 255 255 255 255 255 255 255 255 255 255 255 255 255 255 255 107 0 0 0 0 0 0 0 0 0 0 217 255 223 255 223 255 223 0 0 0 0 0 0 0 0 0 0 0 0 0 0 0 0 0 0 8 8 73 111 111 111 111 111 111 105 105 233 255 255 255 255 255 255 255 255 255 255 238 8 8 8 8 8 8 9 73 201 201 201 193 193 193 193 193 64 0 0 0
8 255 255 255 255 255 255 255 101 101 101 97 33 32 33 61 125 255 255 255 255 255 255 255 255 255 255 255 255 255 255 255 255 255 255 255 255 255 255 255 255 255 255 255 255 255 255 255 255 239 205 204 204 204 204 204 0 4 0 4 0 4 0 4 0 4 0 4 0 4 236 255 255 255 255 255 237 136 136 136 136 136 136 136 136 136 136 136 136 136 202 202 74 72 72 72 109 109 109 109 109 109 109 109 108 108 76 76 76 76 76 76 76 76 76 76 76 76 204 220 220 204 8 8 168 232 255 255 255 255 255 255 255 255 255 255 255 255 255 255 73 73 73 255 255 255 255 255 255 255 255 255 255 255 255 255 255 255 255 255 255 107 0 0 0 0 0 0 0 0 0 0 217 223 255 223 255 223 255 0 0 0 0 0 0 0 0 0 0 0 0 0 0 0 0 0 0 8 8 73 111 111 111 111 111 111 105 105 233 255 255 255 255 255 255 255 255 255 255 238 8 8 8 8 8 8 9 73 201 201 201 193 193 193 193 193 64 0 0 0
8 255 255 255 255 255 255 255 101 101 101 97 32 33 32 61 125 255 255 255 255 255 255 255 255 255 255 255 255 255 255 255 255 255 255 255 255 255 255 255 255 255 255 255 255 255 255 255 255 239 205 204 204 204 204 204 4 0 4 0 4 0 4 0 4 0 4 0 4 0 236 255 255 255 255 255 237 136 136 136 136 136 136 136 136 136 136 136 136 136 202 202 74 72 72 72 109 109 109 109 109 109 109 109 108 108 76 76 76 76 76 76 76 76 76 76 76 76 204 220 220 204 8 8 168 232 255 255 255 255 255 255 255 255 255 255 255 255 255 255 73 73 73 255 255 255 255 255 255 255 255 255 255 255 255 255 255 255 255 255 255 107 0 0 0 0 0 0 0 0 0 0 217 255 223 255 223 255 223 0 0 0 0 0 0 0 0 0 0 0 0 0 0 0 0 0 0 8 8 73 111 111 111 111 111 111 105 105 233 255 255 255 255 255 255 255 255 255 255 238 8 8 8 8 8 8 9 73 201 201 201 193 193 193 193 193 64 0 0 0
8 255 255 255 255 255 255 255 101 101 101 97 33 32 33 61 125 255 255 255 255 255 255 255 255 255 255 255 255 255 255 255 255 255 255 255 255 255 255 255 255 255 255 255 255 255 255 255 255 239 205 204 204 204 204 204 0 4 0 4 0 4 0 4 0 4 0 4 0 4 236 255 255 255 255 255 237 136 136 136 136 136 136 136 136 136 136 136 136 136 202 202 74 72 72 72 109 109 109 109 109 109 109 109 108 108 76 76 76 76 76 76 76 76 76 76 76 76 204 220 220 204 8 8 168 232 255 255 255 255 255 255 255 255 255 255 255 255 255 255 73 73 73 255 255 255 255 255 255 255 255 255 255 255 255 255 255 255 255 255 255 107 0 0 0 0 0 0 0 0 0 0 217 223 255 223 255 223 255 0 0 0 0 0 0 0 0 0 0 0 0 0 0 0 0 0 0 8 8 73 111 111 111 111 111 111 105 105 233 255 255 255 255 255 255 255 255 255 255 238 8 8 8 8 8 8 9 73 201 201 201 193 193 193 193 193 64 0 0 0
8 255 255 255 255 255 255 255 101 101 101 97 32 33 32 61 125 255 255 255 255 255 255 255 255 255 255 255 255 255 255 255 255 255 255 255 255 255 255 255 255 255 255 255 255 255 255 255 255 239 205 204 204 204 204 204 4 0 4 0 4 0 4 0 4 0 4 0 4 0 236 255 255 255 255 255 237 136 136 136 136 136 136 136 136 136 136 136 136 136 202 202 74 72 72 72 109 109 109 109 109 109 109 109 108 108 76 76 76 76 76 76 76 76 76 76 76 76 204 220 220 204 8 8 168 232 255 255 255 255 255 255 255 255 255 255 255 255 255 255 73 73 73 255 255 255 255 255 255 255 255 255 255 255 255 255 255 255 255 255 255 107 0 0 0 0 0 0 0 0 0 0 217 255 223 255 223 255 223 0 0 0 0 0 0 0 0 0 0 0 0 0 0 0 0 0 0 8 8 73 111 111 111 111 111 111 105 105 233 255 255 255 255 255 255 255 255 255 255 238 8 8 8 8 8 8 9 73 201 201 201 193 193 193 193 193 64 0 0 0
8 255 255 255 255 255 255 255 101 101 101 97 33 32 33 61 125 255 255 255 255 255 255 255 255 255 255 255 255 255 255 255 255 255 255 255 255 255 255 255 255 255 255 255 255 255 255 255 255 239 205 204 204 204 204 204 0 4 0 4 0 4 0 4 0 4 0 4 0 4 236 255 255 255 255 255 237 136 136 136 136 136 136 136 136 136 136 136 136 136 202 202 74 72 72 72 109 109 109 109 109 109 109 109 108 108 76 76 76 76 76 76 76 76 76 76 76 76 204 220 220 204 8 8 168 232 255 255 255 255 255 255 255 255 255 255 255 255 255 255 73 73 73 255 255 255 255 255 255 255 255 255 255 255 255 255 255 255 255 255 255 107 0 0 0 0 0 0 0 0 0 0 217 223 255 223 255 223 255 0 0 0 0 0 0 0 0 0 0 0 0 0 0 0 0 0 0 8 8 73 111 111 111 111 111 111 105 105 233 255 255 255 255 255 255 255 255 255 255 238 8 8 8 8 8 8 9 73 201 201 201 193 193 193 193 193 64 0 0 0
8 255 255 255 255 255 255 255 101 101 101 97 32 33 32 61 125 255 255 255 255 255 255 255 255 255 255 255 255 255 255 255 255 255 255 255 255 255 255 255 255 255 255 255 255 255 255 255 255 239 205 204 204 204 204 204 4 0 4 0 4 0 4 0 4 0 4 0 4 0 236 255 255 255 255 255 237 136 136 136 136 136 136 136 136 136 136 136 136 136 202 202 74 72 72 72 109 109 109 109 109 109 109 109 108 108 76 76 76 76 76 76 76 76 76 76 76 76 204 220 220 204 8 8 168 232 255 255 255 255 255 255 255 255 255 255 255 255 255 255 73 73 73 255 255 255 255 255 255 255 255 255 255 255 255 255 255 255 255 255 255 107 0 0 0 0 0 0 0 0 0 0 217 255 223 255 223 255 223 0 0 0 0 0 0 0 0 0 0 0 0 0 0 0 0 0 0 8 8 73 111 111 111 111 111 111 105 105 233 255 255 255 255 255 255 255 255 255 255 238 8 8 8 8 8 8 9 73 201 201 201 193 193 193 193 193 64 0 0 0
8 255 255 255 255 255 255 255 101 101 101 97 33 32 33 61 125 255 255 255 255 255 255 255 255 255 255 255 255 255 255 255 255 255 255 255 255 255 255 255 255 255 255 255 255 255 255 255 255 239 205 204 204 204 204 204 0 4 0 4 0 4 0 4 0 4 0 4 0 4 236 255 255 255 255 255 237 136 136 136 136 136 136 136 136 136 136 136 136 136 202 202 74 72 72 72 109 109 109 109 109 109 109 109 108 108 76 76 76 76 76 76 76 76 76 76 76 76 204 220 220 204 8 8 168 232 255 255 255 255 255 255 255 255 255 255 255 255 255 255 73 73 73 255 255 255 255 255 255 255 255 255 255 255 255 255 255 255 255 255 255 107 0 0 0 0 0 0 0 0 0 0 217 223 255 223 255 223 255 0 0 0 0 0 0 0 0 0 0 0 0 0 0 0 0 0 0 8 8 73 111 111 111 111 111 111 105 105 233 255 255 255 255 255 255 255 255 255 255 238 8 8 8 8 8 8 9 73 201 201 201 193 193 193 193 193 64 0 0 0
8 255 255 255 255 255 255 255 101 101 101 97 32 33 32 61 125 255 255 255 255 255 255 255 255 255 255 255 255 255 255 255 255 255 255 255 255 255 255 255 255 255 255 255 255 255 255 255 255 239 205 204 204 204 204 204 4 0 4 0 4 0 4 0 4 0 4 0 4 0 236 255 255 255 255 255 237 136 136 136 136 136 136 136 136 136 136 136 136 136 202 202 74 72 72 72 109 109 109 109 109 109 109 109 108 108 76 76 76 76 76 76 76 76 76 76 76 76 204 220 220 204 8 8 168 232 255 255 255 255 255 255 255 255 255 255 255 255 255 255 73 73 73 255 255 255 255 255 255 255 255 255 255 255 255 255 255 255 255 255 255 107 0 0 0 0 0 0 0 0 0 0 217 255 223 255 223 255 223 0 0 0 0 0 0 0 0 0 0 0 0 0 0 0 0 0 0 8 8 73 111 111 111 111 111 111 105 105 233 255 255 255 255 255 255 255 255 255 255 238 8 8 8 8 8 8 9 73 201 201 201 193 193 193 193 193 64 0 0 0
8 255 255 255 255 255 255 255 101 101 101 97 33 32 33 61 125 255 255 255 255 255 255 255 255 255 255 255 255 255 255 255 255 255 255 255 255 255 255 255 255 255 255 255 255 255 255 255 255 239 205 204 204 204 204 204 0 4 0 4 0 4 0 4 0 4 0 4 0 4 236 255 255 255 255 255 237 136 136 136 136 136 136 136 136 136 136 136 136 136 202 202 74 72 72 72 109 109 109 109 109 109 109 109 108 108 76 76 76 76 76 76 76 76 76 76 76 76 204 220 220 204 8 8 168 232 255 255 255 255 255 255 255 255 255 255 255 255 255 255 73 73 73 255 255 255 255 255 255 255 255 255 255 255 255 255 255 255 255 255 255 107 0 0 0 0 0 0 0 0 0 0 217 223 255 223 255 223 255 0 0 0 0 0 0 0 0 0 0 0 0 0 0 0 0 0 0 8 8 73 111 111 111 111 111 111 105 105 233 255 255 255 255 255 255 255 255 255 255 238 8 8 8 8 8 8 9 73 201 201 201 193 193 193 193 193 64 0 0 0
8 255 255 255 255 255 255 255 101 101 101 97 32 33 32 61 125 255 255 255 255 255 255 255 255 255 255 255 255 255 255 255 255 255 255 255 255 255 255 255 255 255 255 255 255 255 255 255 255 239 205 204 204 204 204 204 4 0 4 0 4 0 4 0 4 0 4 0 4 0 236 255 255 255 255 255 237 136 136 136 136 136 136 136 136 136 136 136 136 136 202 202 74 72 72 72 109 109 109 109 109 109 109 109 108 108 76 76 76 76 76 76 76 76 76 76 76 76 204 220 220 204 8 8 168 232 255 255 255 255 255 255 255 255 255 255 255 255 255 255 73 73 73 255 255 255 255 255 255 255 255 255 255 255 255 255 255 255 255 255 255 107 0 0 0 0 0 0 0 0 0 0 217 255 223 255 223 255 223 0 0 0 0 0 0 0 0 0 0 0 0 0 0 0 0 0 0 8 8 73 111 111 111 111 111 111 105 105 233 255 255 255 255 255 255 255 255 255 255 238 8 8 8 8 8 8 9 73 201 201 201 193 193 193 193 193 64 0 0 0
8 255 255 255 255 255 255 255 101 101 101 97 33 32 33 61 125 255 255 255 255 255 255 255 255 255 255 255 255 255 255 255 255 255 255 255 255 255 255 255 255 255 255 255 255 255 255 255 255 239 205 204 204 204 204 204 0 4 0 4 0 4 0 4 0 4 0 4 0 4 236 255 255 255 255 255 237 136 136 136 136 136 136 136 136 136 136 136 136 136 202 202 74 72 72 72 109 109 109 109 109 109 109 109 108 108 76 76 76 76 76 76 76 76 76 76 76 76 204 220 220 204 8 8 168 232 255 255 255 255 255 255 255 255 255 255 255 255 255 255 73 73 73 255 255 255 255 255 255 255 255 255 255 255 255 255 255 255 255 255 255 107 0 0 0 0 0 0 0 0 0 0 217 223 255 223 255 223 255 0 0 0 0 0 0 0 0 0 0 0 0 0 0 0 0 0 0 8 8 73 111 111 111 111 111 111 105 105 233 255 255 255 255 255 255 255 255 255 255 238 8 8 8 8 8 8 9 73 201 201 201 193 193 193 193 193 64 0 0 0
8 255 255 255 255 255 255 255 101 101 101 97 32 33 32 61 125 255 255 255 255 255 255 255 255 255 255 255 255 255 255 255 255 255 255 255 255 255 255 255 255 255 255 255 255 255 255 255 255 239 205 204 204 204 204 204 4 0 4 0 4 0 4 0 4 0 4 0 4 0 236 255 255 255 255 255 237 136 136 136 136 136 136 136 136 136 136 136 136 136 202 202 74 72 72 72 109 109 109 109 109 109 109 109 108 108 76 76 76 76 76 76 76 76 76 76 76 76 204 220 220 204 8 8 168 232 255 255 255 255 255 255 255 255 255 255 255 255 255 255 73 73 73 255 255 255 255 255 255 255 255 255 255 255 255 255 255 255 255 255 255 107 0 0 0 0 0 0 0 0 0 0 217 255 223 255 223 255 223 0 0 0 0 0 0 0 0 0 0 0 0 0 0 0 0 0 0 8 8 73 111 111 111 111 111 111 105 105 233 255 255 255 255 255 255 255 255 255 255 238 8 8 8 8 8 8 9 73 201 201 201 193 193 193 193 193 64 0 0 0
8 255 255 255 255 255 255 255 101 101 101 97 33 32 33 61 125 255 255 255 255 255 255 255 255 255 255 255 255 255 255 255 255 255 255 255 255 255 255 255 255 255 255 255 255 255 255 255 255 239 205 204 204 204 204 204 0 4 0 4 0 4 0 4 0 4 0 4 0 4 236 255 255 255 255 255 237 136 136 136 136 136 136 136 136 136 136 136 136 136 202 202 74 72 72 72 109 109 109 109 109 109 109 109 108 108 76 76 76 76 76 76 76 76 76 76 76 76 204 220 220 204 8 8 168 232 255 255 255 255 255 255 255 255 255 255 255 255 255 255 73 73 73 255 255 255 255 255 255 255 255 255 255 255 255 255 255 255 255 255 255 107 0 0 0 0 0 0 0 0 0 0 217 223 255 223 255 223 255 0 0 0 0 0 0 0 0 0 0 0 0 0 0 0 0 0 0 8 8 73 111 111 111 111 111 111 105 105 233 255 255 255 255 255 255 255 255 255 255 238 8 8 8 8 8 8 9 73 201 201 201 193 193 193 193 193 64 0 0 0
8 255 255 255 255 255 255 255 101 101 101 97 32 33 32 61 125 255 255 255 255 255 255 255 255 255 255 255 255 255 255 255 255 255 255 255 255 255 255 255 255 255 255 255 255 255 255 255 255 239 205 204 204 204 204 204 4 0 4 0 4 0 4 0 4 0 4 0 4 0 236 255 255 255 255 255 237 136 136 136 136 136 136 136 136 136 136 136 136 136 202 202 74 72 72 72 109 109 109 109 109 109 109 109 108 108 76 76 76 76 76 76 76 76 76 76 76 76 204 220 220 204 8 8 168 232 255 255 255 255 255 255 255 255 255 255 255 255 255 255 73 73 73 255 255 255 255 255 255 255 255 255 255 255 255 255 255 255 255 255 255 107 0 0 0 0 0 0 0 0 0 0 217 255 223 255 223 255 223 0 0 0 0 0 0 0 0 0 0 0 0 0 0 0 0 0 0 8 8 73 111 111 111 111 111 111 105 105 233 255 255 255 255 255 255 255 255 255 255 238 8 8 8 8 8 8 9 73 201 201 201 193 193 193 193 193 64 0 0 0
8 255 255 255 255 255 255 255 101 101 101 97 33 32 33 61 125 255 255 255 255 255 255 255 255 255 255 255 255 255 255 255 255 255 255 255 255 255 255 255 255 255 255 255 255 255 255 255 255 239 205 204 204 204 204 204 0 4 0 4 0 4 0 4 0 4 0 4 0 4 236 255 255 255 255 255 237 136 136 136 136 136 136 136 136 136 136 136 136 136 202 202 74 72 72 72 109 109 109 109 109 109 109 109 108 108 76 76 76 76 76 76 76 76 76 76 76 76 204 220 220 204 8 8 168 232 255 255 255 255 255 255 255 255 255 255 255 255 255 255 73 73 73 255 255 255 255 255 255 255 255 255 255 255 255 255 255 255 255 255 255 107 0 0 0 0 0 0 0 0 0 0 217 223 255 223 255 223 255 0 0 0 0 0 0 0 0 0 0 0 0 0 0 0 0 0 0 8 8 73 111 111 111 111 111 111 105 105 233 255 255 255 255 255 255 255 255 255 255 238 8 8 8 8 8 8 9 73 201 201 201 193 193 193 193 193 64 0 0 0
8 255 255 255 255 255 255 255 101 101 101 97 32 33 32 61 125 255 255 255 255 255 255 255 255 255 255 255 255 255 255 255 255 255 255 255 255 255 255 255 255 255 255 255 255 255 255 255 255 239 205 204 204 204 204 204 4 0 4 0 4 0 4 0 4 0 4 0 4 0 236 255 255 255 255 255 237 136 136 136 136 136 136 136 136 136 136 136 136 136 202 202 74 72 72 72 109 109 109 109 109 109 109 109 108 108 76 76 76 76 76 76 76 76 76 76 76 76 204 220 220 204 8 8 168 232 255 255 255 255 255 255 255 255 255 255 255 255 255 255 73 73 73 255 255 255 255 255 255 255 255 255 255 255 255 255 255 255 255 255 255 107 0 0 0 0 0 0 0 0 0 0 217 255 223 255 223 255 223 0 0 0 0 0 0 0 0 0 0 0 0 0 0 0 0 0 0 8 8 73 111 111 111 111 111 111 105 105 233 255 255 255 255 255 255 255 255 255 255 238 8 8 8 8 8 8 9 73 201 201 201 193 193 193 193 193 64 0 0 0
8 255 255 255 255 255 255 255 101 101 101 97 33 32 33 61 125 255 255 255 255 255 255 255 255 255 255 255 255 255 255 255 255 255 255 255 255 255 255 255 255 255 255 255 255 255 255 255 255 239 205 204 204 204 204 204 0 4 0 4 0 4 0 4 0 4 0 4 0 4 236 255 255 255 255 255 237 136 136 136 136 136 136 136 136 136 136 136 136 136 202 202 74 72 72 72 109 109 109 109 109 109 109 109 108 108 76 76 76 76 76 76 76 76 76 76 76 76 204 220 220 204 8 8 168 232 255 255 255 255 255 255 255 255 255 255 255 255 255 255 73 73 73 255 255 255 255 255 255 255 255 255 255 255 255 255 255 255 255 255 255 107 0 0 0 0 0 0 0 0 0 0 217 223 255 223 255 223 255 0 0 0 0 0 0 0 0 0 0 0 0 0 0 0 0 0 0 8 8 73 111 111 111 111 111 111 105 105 233 255 255 255 255 255 255 255 255 255 255 238 8 8 8 8 8 8 9 73 201 201 201 193 193 193 193 193 64 0 0 0
8 255 255 255 255 255 255 255 101 101 101 97 32 33 32 61 125 255 255 255 255 255 255 255 255 255 255 255 255 255 255 255 255 255 255 255 255 255 255 255 255 255 255 255 255 255 255 255 255 239 205 204 204 204 204 204 4 0 4 0 4 0 4 0 4 0 4 0 4 0 236 255 255 255 255 255 237 136 136 136 136 136 136 136 136 136 136 136 136 136 202 202 74 72 72 72 109 109 109 109 109 109 109 109 108 108 76 76 76 76 76 76 76 76 76 76 76 76 204 220 220 204 8 8 168 232 255 255 255 255 255 255 255 255 255 255 255 255 255 255 73 73 73 255 255 255 255 255 255 255 255 255 255 255 255 255 255 255 255 255 255 107 0 0 0 0 0 0 0 0 0 0 217 255 223 255 223 255 223 0 0 0 0 0 0 0 0 0 0 0 0 0 0 0 0 0 0 8 8 73 111 111 111 111 111 111 105 105 233 255 255 255 255 255 255 255 255 255 255 238 8 8 8 8 8 8 9 73 201 201 201 193 193 193 193 193 64 0 0 0
8 255 255 255 255 255 255 255 101 101 101 97 33 32 33 61 125 255 255 255 255 255 255 255 255 255 255 255 255 255 255 255 255 255 255 255 255 255 255 255 255 255 255 255 255 255 255 255 255 239 205 204 204 204 204 204 0 4 0 4 0 4 0 4 0 4 0 4 0 4 236 255 255 255 255 255 237 136 136 136 136 136 136 136 136 136 136 136 136 136 202 202 74 72 72 72 109 109 109 109 109 109 109 109 108 108 76 76 76 76 76 76 76 76 76 76 76 76 204 220 220 204 8 8 168 232 255 255 255 255 255 255 255 255 255 255 255 255 255 255 73 73 73 255 255 255 255 255 255 255 255 255 255 255 255 255 255 255 255 255 255 107 0 0 0 0 0 0 0 0 0 0 217 223 255 223 255 223 255 0 0 0 0 0 0 0 0 0 0 0 0 0 0 0 0 0 0 8 8 73 111 111 111 111 111 111 105 105 233 255 255 255 255 255 255 255 255 255 255 238 8 8 8 8 8 8 9 73 201 201 201 193 193 193 193 193 64 0 0 0
8 255 255 255 255 255 255 255 101 101 101 97 32 33 32 61 125 255 255 255 255 255 255 255 255 255 255 255 255 255 255 255 255 255 255 255 255 255 255 255 255 255 255 255 255 255 255 255 255 239 205 204 204 204 204 204 4 0 4 0 4 0 4 0 4 0 4 0 4 0 236 255 255 255 255 255 237 136 136 136 136 136 136 136 136 136 136 136 136 136 202 202 74 72 72 72 109 109 109 109 109 109 109 109 108 108 76 76 76 76 76 76 76 76 76 76 76 76 204 220 220 204 8 8 168 232 255 255 255 255 255 255 255 255 255 255 255 255 255 255 73 73 73 255 255 255 255 255 255 255 255 255 255 255 255 255 255 255 255 255 255 107 0 0 0 0 0 0 0 0 0 0 217 255 223 255 223 255 223 0 0 0 0 0 0 0 0 0 0 0 0 0 0 0 0 0 0 8 8 73 111 111 111 111 111 111 105 105 233 255 255 255 255 255 255 255 255 255 255 238 8 8 8 8 8 8 9 73 201 201 201 193 193 193 193 193 64 0 0 0
8 255 255 255 255 255 255 255 101 101 101 97 33 32 33 61 125 255 255 255 255 255 255 255 255 255 255 255 255 255 255 255 255 255 255 255 255 255 255 255 255 255 255 255 255 255 255 255 255 239 205 204 204 204 204 204 0 4 0 4 0 4 0 4 0 4 0 4 0 4 236 255 255 255 255 255 237 136 136 136 136 136 136 136 136 136 136 136 136 136 202 202 74 72 72 72 109 109 109 109 109 109 109 109 108 108 76 76 76 76 76 76 76 76 76 76 76 76 204 220 220 204 8 8 168 232 255 255 255 255 255 255 255 255 255 255 255 255 255 255 73 73 73 255 255 255 255 255 255 255 255 255 255 255 255 255 255 255 255 255 255 107 0 0 0 0 0 0 0 0 0 0 217 223 255 223 255 223 255 0 0 0 0 0 0 0 0 0 0 0 0 0 0 0 0 0 0 8 8 73 111 111 111 111 111 111 105 105 233 255 255 255 255 255 255 255 255 255 255 238 8 8 8 8 8 8 9 73 201 201 201 193 193 193 193 193 64 0 0 0
8 255 255 255 255 255 255 255 101 101 101 97 32 33 32 61 125 255 255 255 255 255 255 255 255 255 255 255 255 255 255 255 255 255 255 255 255 255 255 255 255 255 255 255 255 255 255 255 255 239 205 204 204 204 204 204 4 0 4 0 4 0 4 0 4 0 4 0 4 0 236 255 255 255 255 255 237 136 136 136 136 136 136 136 136 136 136 136 136 136 202 202 74 72 72 72 109 109 109 109 109 109 109 109 108 108 76 76 76 76 76 76 76 76 76 76 76 76 204 220 220 204 8 8 168 232 255 255 255 255 255 255 255 255 255 255 255 255 255 255 73 73 73 255 255 255 255 255 255 255 255 255 255 255 255 255 255 255 255 255 255 107 0 0 0 0 0 0 0 0 0 0 217 255 223 255 223 255 223 0 0 0 0 0 0 0 0 0 0 0 0 0 0 0 0 0 0 8 8 73 111 111 111 111 111 111 105 105 233 255 255 255 255 255 255 255 255 255 255 238 8 8 8 8 8 8 9 73 201 201 201 193 193 193 193 193 64 0 0 0
8 255 255 255 255 255 255 255 101 101 101 97 33 32 33 61 125 255 255 255 255 255 255 255 255 255 255 255 255 255 255 255 255 255 255 255 255 255 255 255 255 255 255 255 255 255 255 255 255 239 205 204 204 204 204 204 0 4 0 4 0 4 0 4 0 4 0 4 0 4 236 255 255 255 255 255 237 136 136 136 136 136 136 136 136 136 136 136 136 136 202 202 74 72 72 72 109 109 109 109 109 109 109 109 108 108 76 76 76 76 76 76 76 76 76 76 76 76 204 220 220 204 8 8 168 232 255 255 255 255 255 255 255 255 255 255 255 255 255 255 73 73 73 255 255 255 255 255 255 255 255 255 255 255 255 255 255 255 255 255 255 107 0 0 0 0 0 0 0 0 0 0 217 223 255 223 255 223 255 0 0 0 0 0 0 0 0 0 0 0 0 0 0 0 0 0 0 8 8 73 111 111 111 111 111 111 105 105 233 255 255 255 255 255 255 255 255 255 255 238 8 8 8 8 8 8 9 73 201 201 201 193 193 193 193 193 64 0 0 0
8 255 255 255 255 255 255 255 101 101 101 97 32 33 32 61 125 255 255 255 255 255 255 255 255 255 255 255 255 255 255 255 255 255 255 255 255 255 255 255 255 255 255 255 255 255 255 255 255 239 205 204 204 204 204 204 4 0 4 0 4 0 4 0 4 0 4 0 4 0 236 255 255 255 255 255 237 136 136 136 136 136 136 136 136 136 136 136 136 136 202 202 74 72 72 72 109 109 109 109 109 109 109 109 108 108 76 76 76 76 76 76 76 76 76 76 76 76 204 220 220 204 8 8 168 232 255 255 255 255 255 255 255 255 255 255 255 255 255 255 73 73 73 255 255 255 255 255 255 255 255 255 255 255 255 255 255 255 255 255 255 107 0 0 0 0 0 0 0 0 0 0 217 255 223 255 223 255 223 0 0 0 0 0 0 0 0 0 0 0 0 0 0 0 0 0 0 8 8 73 111 111 111 111 111 111 105 105 233 255 255 255 255 255 255 255 255 255 255 238 8 8 8 8 8 8 9 73 201 201 201 193 193 193 193 193 64 0 0 0
8 255 255 255 255 255 255 255 101 101 101 97 33 32 33 61 125 255 255 255 255 255 255 255 255 255 255 255 255 255 255 255 255 255 255 255 255 255 255 255 255 255 255 255 255 255 255 255 255 239 205 204 204 204 204 204 0 4 0 4 0 4 0 4 0 4 0 4 0 4 236 255 255 255 255 255 237 136 136 136 136 136 136 136 136 136 136 136 136 136 202 202 74 72 72 72 109 109 109 109 109 109 109 109 108 108 76 76 76 76 76 76 76 76 76 76 76 76 204 220 220 204 8 8 168 232 255 255 255 255 255 255 255 255 255 255 255 255 255 255 73 73 73 255 255 255 255 255 255 255 255 255 255 255 255 255 255 255 255 255 255 107 0 0 0 0 0 0 0 0 0 0 217 223 255 223 255 223 255 0 0 0 0 0 0 0 0 0 0 0 0 0 0 0 0 0 0 8 8 73 111 111 111 111 111 111 105 105 233 255 255 255 255 255 255 255 255 255 255 238 8 8 8 8 8 8 9 73 201 201 201 193 193 193 193 193 64 0 0 0
8 255 255 255 255 255 255 255 101 101 101 97 32 33 32 61 125 255 255 255 255 255 255 255 255 255 255 255 255 255 255 255 255 255 255 255 255 255 255 255 255 255 255 255 255 255 255 255 255 239 205 204 204 204 204 204 4 0 4 0 4 0 4 0 4 0 4 0 4 0 236 255 255 255 255 255 237 136 136 136 136 136 136 136 136 136 136 136 136 136 202 202 74 72 72 72 109 109 109 109 109 109 109 109 108 108 76 76 76 76 76 76 76 76 76 76 76 76 204 220 220 204 8 8 168 232 255 255 255 255 255 255 255 255 255 255 255 255 255 255 73 73 73 255 255 255 255 255 255 255 255 255 255 255 255 255 255 255 255 255 255 107 0 0 0 0 0 0 0 0 0 0 217 255 223 255 223 255 223 0 0 0 0 0 0 0 0 0 0 0 0 0 0 0 0 0 0 8 8 73 111 111 111 111 111 111 105 105 233 255 255 255 255 255 255 255 255 255 255 238 8 8 8 8 8 8 9 73 201 201 201 193 193 193 193 193 64 0 0 0
8 255 255 255 255 255 255 255 101 101 101 97 33 32 33 61 125 255 255 255 255 255 255 255 255 255 255 255 255 255 255 255 255 255 255 255 255 255 255 255 255 255 255 255 255 255 255 255 255 239 205 204 204 204 204 204 0 4 0 4 0 4 0 4 0 4 0 4 0 4 236 255 255 255 255 255 237 136 136 136 136 136 136 136 136 136 136 136 136 136 202 202 74 72 72 72 109 109 109 109 109 109 109 109 108 108 76 76 76 76 76 76 76 76 76 76 76 76 204 220 220 204 8 8 168 232 255 255 255 255 255 255 255 255 255 255 255 255 255 255 73 73 73 255 255 255 255 255 255 255 255 255 255 255 255 255 255 255 255 255 255 107 0 0 0 0 0 0 0 0 0 0 217 223 255 223 255 223 255 0 0 0 0 0 0 0 0 0 0 0 0 0 0 0 0 0 0 8 8 73 111 111 111 111 111 111 105 105 233 255 255 255 255 255 255 255 255 255 255 238 8 8 8 8 8 8 9 73 201 201 201 193 193 193 193 193 64 0 0 0
8 255 255 255 255 255 255 255 101 101 101 97 32 33 32 61 125 255 255 255 255 255 255 255 255 255 255 255 255 255 255 255 255 255 255 255 255 255 255 255 255 255 255 255 255 255 255 255 255 239 205 204 204 204 204 204 4 0 4 0 4 0 4 0 4 0 4 0 4 0 236 255 255 255 255 255 237 136 136 136 136 136 136 136 136 136 136 136 136 136 202 202 74 72 72 72 109 109 109 109 109 109 109 109 108 108 76 76 76 76 76 76 76 76 76 76 76 76 204 220 220 204 8 8 168 232 255 255 255 255 255 255 255 255 255 255 255 255 255 255 73 73 73 255 255 255 255 255 255 255 255 255 255 255 255 255 255 255 255 255 255 107 0 0 0 0 0 0 0 0 0 0 217 255 223 255 223 255 223 0 0 0 0 0 0 0 0 0 0 0 0 0 0 0 0 0 0 8 8 73 111 111 111 111 111 111 105 105 233 255 255 255 255 255 255 255 255 255 255 238 8 8 8 8 8 8 9 73 201 201 201 193 193 193 193 193 64 0 0 0
8 255 255 255 255 255 255 255 101 101 101 97 33 32 33 61 125 255 255 255 255 255 255 255 255 255 255 255 255 255 255 255 255 255 255 255 255 255 255 255 255 255 255 255 255 255 255 255 255 239 205 204 204 204 204 204 0 4 0 4 0 4 0 4 0 4 0 4 0 4 236 255 255 255 255 255 237 136 136 136 136 136 136 136 136 136 136 136 136 136 202 202 74 72 72 72 109 109 109 109 109 109 109 109 108 108 76 76 76 76 76 76 76 76 76 76 76 76 204 220 220 204 8 8 168 232 255 255 255 255 255 255 255 255 255 255 255 255 255 255 73 73 73 255 255 255 255 255 255 255 255 255 255 255 255 255 255 255 255 255 255 107 0 0 0 0 0 0 0 0 0 0 217 223 255 223 255 223 255 0 0 0 0 0 0 0 0 0 0 0 0 0 0 0 0 0 0 8 8 73 111 111 111 111 111 111 105 105 233 255 255 255 255 255 255 255 255 255 255 238 8 8 8 8 8 8 9 73 201 201 201 193 193 193 193 193 64 0 0 0
8 255 255 255 255 255 255 255 101 101 101 97 32 33 32 61 125 255 255 255 255 255 255 255 255 255 255 255 255 255 255 255 255 255 255 255 255 255 255 255 255 255 255 255 255 255 255 255 255 239 205 204 204 204 204 204 4 0 4 0 4 0 4 0 4 0 4 0 4 0 236 255 255 255 255 255 237 136 136 136 136 136 136 136 136 136 136 136 136 136 202 202 74 72 72 72 109 109 109 109 109 109 109 109 108 108 76 76 76 76 76 76 76 76 76 76 76 76 204 220 220 204 8 8 168 232 255 255 255 255 255 255 255 255 255 255 255 255 255 255 73 73 73 255 255 255 255 255 255 255 255 255 255 255 255 255 255 255 255 255 255 107 0 0 0 0 0 0 0 0 0 0 217 255 223 255 223 255 223 0 0 0 0 0 0 0 0 0 0 0 0 0 0 0 0 0 0 8 8 73 111 111 111 111 111 111 105 105 233 255 255 255 255 255 255 255 255 255 255 238 8 8 8 8 8 8 9 73 201 201 201 193 193 193 193 193 64 0 0 0
8 255 255 255 255 255 255 255 101 101 101 97 33 32 33 61 125 255 255 255 255 255 255 255 255 255 255 255 255 255 255 255 255 255 255 255 255 255 255 255 255 255 255 255 255 255 255 255 255 239 205 204 204 204 204 204 0 4 0 4 0 4 0 4 0 4 0 4 0 4 236 255 255 255 255 255 237 136 136 136 136 136 136 136 136 136 136 136 136 136 202 202 74 72 72 72 109 109 109 109 109 109 109 109 108 108 76 76 76 76 76 76 76 76 76 76 76 76 204 220 220 204 8 8 168 232 255 255 255 255 255 255 255 255 255 255 255 255 255 255 73 73 73 255 255 255 255 255 255 255 255 255 255 255 255 255 255 255 255 255 255 107 0 0 0 0 0 0 0 0 0 0 217 223 255 223 255 223 255 0 0 0 0 0 0 0 0 0 0 0 0 0 0 0 0 0 0 8 8 73 111 111 111 111 111 111 105 105 233 255 255 255 255 255 255 255 255 255 255 238 8 8 8 8 8 8 9 73 201 201 201 193 193 193 193 193 64 0 0 0
8 255 255 255 255 255 255 255 101 101 101 97 32 33 32 61 125 255 255 255 255 255 255 255 255 255 255 255 255 255 255 255 255 255 255 255 255 255 255 255 255 255 255 255 255 255 255 255 255 239 205 204 204 204 204 204 4 0 4 0 4 0 4 0 4 0 4 0 4 0 236 255 255 255 255 255 237 136 136 136 136 136 136 136 136 136 136 136 136 136 202 202 74 72 72 72 109 109 109 109 109 109 109 109 108 108 76 76 76 76 76 76 76 76 76 76 76 76 204 220 220 204 8 8 168 232 255 255 255 255 255 255 255 255 255 255 255 255 255 255 73 73 73 255 255 255 255 255 255 255 255 255 255 255 255 255 255 255 255 255 255 107 0 0 0 0 0 0 0 0 0 0 217 255 223 255 223 255 223 0 0 0 0 0 0 0 0 0 0 0 0 0 0 0 0 0 0 8 8 73 111 111 111 111 111 111 105 105 233 255 255 255 255 255 255 255 255 255 255 238 8 8 8 8 8 8 9 73 201 201 201 193 193 193 193 193 64 0 0 0
8 255 255 255 255 255 255 255 101 101 101 97 33 32 33 61 125 255 255 255 255 255 255 255 255 255 255 255 255 255 255 255 255 255 255 255 255 255 255 255 255 255 255 255 255 255 255 255 255 239 205 204 204 204 204 204 0 4 0 4 0 4 0 4 0 4 0 4 0 4 236 255 255 255 255 255 237 136 136 136 136 136 136 136 136 136 136 136 136 136 202 202 74 72 72 72 109 109 109 109 109 109 109 109 108 108 76 76 76 76 76 76 76 76 76 76 76 76 204 220 220 204 8 8 168 232 255 255 255 255 255 255 255 255 255 255 255 255 255 255 73 73 73 255 255 255 255 255 255 255 255 255 255 255 255 255 255 255 255 255 255 107 0 0 0 0 0 0 0 0 0 0 217 223 255 223 255 223 255 0 0 0 0 0 0 0 0 0 0 0 0 0 0 0 0 0 0 8 8 73 111 111 111 111 111 111 105 105 233 255 255 255 255 255 255 255 255 255 255 238 8 8 8 8 8 8 9 73 201 201 201 193 193 193 193 193 64 0 0 0
8 255 255 255 255 255 255 255 101 101 101 97 32 33 32 61 125 255 255 255 255 255 255 255 255 255 255 255 255 255 255 255 255 255 255 255 255 255 255 255 255 255 255 255 255 255 255 255 255 239 205 204 204 204 204 204 4 0 4 0 4 0 4 0 4 0 4 0 4 0 236 255 255 255 255 255 237 136 136 136 136 136 136 136 136 136 136 136 136 136 202 202 74 72 72 72 109 109 109 109 109 109 109 109 108 108 76 76 76 76 76 76 76 76 76 76 76 76 204 220 220 204 8 8 168 232 255 255 255 255 255 255 255 255 255 255 255 255 255 255 73 73 73 255 255 255 255 255 255 255 255 255 255 255 255 255 255 255 255 255 255 107 0 0 0 0 0 0 0 0 0 0 217 255 223 255 223 255 223 0 0 0 0 0 0 0 0 0 0 0 0 0 0 0 0 0 0 8 8 73 111 111 111 111 111 111 105 105 233 255 255 255 255 255 255 255 255 255 255 238 8 8 8 8 8 8 9 73 201 201 201 193 193 193 193 193 64 0 0 0
8 255 255 255 255 255 255 255 101 101 101 97 33 32 33 61 125 255 255 255 255 255 255 255 255 255 255 255 255 255 255 255 255 255 255 255 255 255 255 255 255 255 255 255 255 255 255 255 255 239 205 204 204 204 204 204 0 4 0 4 0 4 0 4 0 4 0 4 0 4 236 255 255 255 255 255 237 136 136 136 136 136 136 136 136 136 136 136 136 136 202 202 74 72 72 72 109 109 109 109 109 109 109 109 108 108 76 76 76 76 76 76 76 76 76 76 76 76 204 220 220 204 8 8 168 232 255 255 255 255 255 255 255 255 255 255 255 255 255 255 73 73 73 255 255 255 255 255 255 255 255 255 255 255 255 255 255 255 255 255 255 107 0 0 0 0 0 0 0 0 0 0 217 223 255 223 255 223 255 0 0 0 0 0 0 0 0 0 0 0 0 0 0 0 0 0 0 8 8 73 111 111 111 111 111 111 105 105 233 255 255 255 255 255 255 255 255 255 255 238 8 8 8 8 8 8 9 73 201 201 201 193 193 193 193 193 64 0 0 0
8 255 255 255 255 255 255 255 101 101 101 97 32 33 32 61 125 255 255 255 255 255 255 255 255 255 255 255 255 255 255 255 255 255 255 255 255 255 255 255 255 255 255 255 255 255 255 255 255 239 205 204 204 204 204 204 4 0 4 0 4 0 4 0 4 0 4 0 4 0 236 255 255 255 255 255 237 136 136 136 136 136 136 136 136 136 136 136 136 136 202 202 74 72 72 72 109 109 109 109 109 109 109 109 108 108 76 76 76 76 76 76 76 76 76 76 76 76 204 220 220 204 8 8 168 232 255 255 255 255 255 255 255 255 255 255 255 255 255 255 73 73 73 255 255 255 255 255 255 255 255 255 255 255 255 255 255 255 255 255 255 107 0 0 0 0 0 0 0 0 0 0 217 255 223 255 223 255 223 0 0 0 0 0 0 0 0 0 0 0 0 0 0 0 0 0 0 8 8 73 111 111 111 111 111 111 105 105 233 255 255 255 255 255 255 255 255 255 255 238 8 8 8 8 8 8 9 73 201 201 201 193 193 193 193 193 64 0 0 0
8 255 255 255 255 255 255 255 101 101 101 97 33 32 33 61 125 255 255 255 255 255 255 255 255 255 255 255 255 255 255 255 255 255 255 255 255 255 255 255 255 255 255 255 255 255 255 255 255 239 205 204 204 204 204 204 0 4 0 4 0 4 0 4 0 4 0 4 0 4 236 255 255 255 255 255 237 136 136 136 136 136 136 136 136 136 136 136 136 136 202 202 74 72 72 72 109 109 109 109 109 109 109 109 108 108 76 76 76 76 76 76 76 76 76 76 76 76 204 220 220 204 8 8 168 232 255 255 255 255 255 255 255 255 255 255 255 255 255 255 73 73 73 255 255 255 255 255 255 255 255 255 255 255 255 255 255 255 255 255 255 107 0 0 0 0 0 0 0 0 0 0 217 223 255 223 255 223 255 0 0 0 0 0 0 0 0 0 0 0 0 0 0 0 0 0 0 8 8 73 111 111 111 111 111 111 105 105 233 255 255 255 255 255 255 255 255 255 255 238 8 8 8 8 8 8 9 73 201 201 201 193 193 193 193 193 64 0 0 0
8 255 255 255 255 255 255 255 101 101 101 97 32 33 32 61 125 255 255 255 255 255 255 255 255 255 255 255 255 255 255 255 255 255 255 255 255 255 255 255 255 255 255 255 255 255 255 255 255 239 205 204 204 204 204 204 4 0 4 0 4 0 4 0 4 0 4 0 4 0 236 255 255 255 255 255 237 136 136 136 136 136 136 136 136 136 136 136 136 136 202 202 74 72 72 72 109 109 109 109 109 109 109 109 108 108 76 76 76 76 76 76 76 76 76 76 76 76 204 220 220 204 8 8 168 232 255 255 255 255 255 255 255 255 255 255 255 255 255 255 73 73 73 255 255 255 255 255 255 255 255 255 255 255 255 255 255 255 255 255 255 107 0 0 0 0 0 0 0 0 0 0 217 255 223 255 223 255 223 0 0 0 0 0 0 0 0 0 0 0 0 0 0 0 0 0 0 8 8 73 111 111 111 111 111 111 105 105 233 255 255 255 255 255 255 255 255 255 255 238 8 8 8 8 8 8 9 73 201 201 201 193 193 193 193 193 64 0 0 0
8 255 255 255 255 255 255 255 101 101 101 97 33 32 33 61 125 255 255 255 255 255 255 255 255 255 255 255 255 255 255 255 255 255 255 255 255 255 255 255 255 255 255 255 255 255 255 255 255 239 205 204 204 204 204 204 0 4 0 4 0 4 0 4 0 4 0 4 0 4 236 255 255 255 255 255 237 136 136 136 136 136 136 136 136 136 136 136 136 136 202 202 74 72 72 72 109 109 109 109 109 109 109 109 108 108 76 76 76 76 76 76 76 76 76 76 76 76 204 220 220 204 8 8 168 232 255 255 255 255 255 255 255 255 255 255 255 255 255 255 73 73 73 255 255 255 255 255 255 255 255 255 255 255 255 255 255 255 255 255 255 107 0 0 0 0 0 0 0 0 0 0 217 223 255 223 255 223 255 0 0 0 0 0 0 0 0 0 0 0 0 0 0 0 0 0 0 8 8 73 111 111 111 111 111 111 105 105 233 255 255 255 255 255 255 255 255 255 255 238 8 8 8 8 8 8 9 73 201 201 201 193 193 193 193 193 64 0 0 0
8 255 255 255 255 255 255 255 101 101 101 97 32 33 32 61 125 255 255 255 255 255 255 255 255 255 255 255 255 255 255 255 255 255 255 255 255 255 255 255 255 255 255 255 255 255 255 255 255 239 205 204 204 204 204 204 4 0 4 0 4 0 4 0 4 0 4 0 4 0 236 255 255 255 255 255 237 136 136 136 136 136 136 136 136 136 136 136 136 136 202 202 74 72 72 72 109 109 109 109 109 109 109 109 108 108 76 76 76 76 76 76 76 76 76 76 76 76 204 220 220 204 8 8 168 232 255 255 255 255 255 255 255 255 255 255 255 255 255 255 73 73 73 255 255 255 255 255 255 255 255 255 255 255 255 255 255 255 255 255 255 107 0 0 0 0 0 0 0 0 0 0 217 255 223 255 223 255 223 0 0 0 0 0 0 0 0 0 0 0 0 0 0 0 0 0 0 8 8 73 111 111 111 111 111 111 105 105 233 255 255 255 255 255 255 255 255 255 255 238 8 8 8 8 8 8 9 73 201 201 201 193 193 193 193 193 64 0 0 0
8 255 255 255 255 255 255 255 101 101 101 97 33 32 33 61 125 255 255 255 255 255 255 255 255 255 255 255 255 255 255 255 255 255 255 255 255 255 255 255 255 255 255 255 255 255 255 255 255 239 205 204 204 204 204 204 0 4 0 4 0 4 0 4 0 4 0 4 0 4 236 255 255 255 255 255 237 136 136 136 136 136 136 136 136 136 136 136 136 136 202 202 74 72 72 72 109 109 109 109 109 109 109 109 108 108 76 76 76 76 76 76 76 76 76 76 76 76 204 220 220 204 8 8 168 232 255 255 255 255 255 255 255 255 255 255 255 255 255 255 73 73 73 255 255 255 255 255 255 255 255 255 255 255 255 255 255 255 255 255 255 107 0 0 0 0 0 0 0 0 0 0 217 223 255 223 255 223 255 0 0 0 0 0 0 0 0 0 0 0 0 0 0 0 0 0 0 8 8 73 111 111 111 111 111 111 105 105 233 255 255 255 255 255 255 255 255 255 255 238 8 8 8 8 8 8 9 73 201 201 201 193 193 193 193 193 64 0 0 0
8 255 255 255 255 255 255 255 101 101 101 97 32 33 32 61 125 255 255 255 255 255 255 255 255 255 255 255 255 255 255 255 255 255 255 255 255 255 255 255 255 255 255 255 255 255 255 255 255 239 205 204 204 204 204 204 4 0 4 0 4 0 4 0 4 0 4 0 4 0 236 255 255 255 255 255 237 136 136 136 136 136 136 136 136 136 136 136 136 136 202 202 74 72 72 72 109 109 109 109 109 109 109 109 108 108 76 76 76 76 76 76 76 76 76 76 76 76 204 220 220 204 8 8 168 232 255 255 255 255 255 255 255 255 255 255 255 255 255 255 73 73 73 255 255 255 255 255 255 255 255 255 255 255 255 255 255 255 255 255 255 107 0 0 0 0 0 0 0 0 0 0 217 255 223 255 223 255 223 0 0 0 0 0 0 0 0 0 0 0 0 0 0 0 0 0 0 8 8 73 111 111 111 111 111 111 105 105 233 255 255 255 255 255 255 255 255 255 255 238 8 8 8 8 8 8 9 73 201 201 201 193 193 193 193 193 64 0 0 0
8 255 255 255 255 255 255 255 101 101 101 97 33 32 33 61 125 255 255 255 255 255 255 255 255 255 255 255 255 255 255 255 255 255 255 255 255 255 255 255 255 255 255 255 255 255 255 255 255 239 205 204 204 204 204 204 0 4 0 4 0 4 0 4 0 4 0 4 0 4 236 255 255 255 255 255 237 136 136 136 136 136 136 136 136 136 136 136 136 136 202 202 74 72 72 72 109 109 109 109 109 109 109 109 108 108 76 76 76 76 76 76 76 76 76 76 76 76 204 220 220 204 8 8 168 232 255 255 255 255 255 255 255 255 255 255 255 255 255 255 73 73 73 255 255 255 255 255 255 255 255 255 255 255 255 255 255 255 255 255 255 107 0 0 0 0 0 0 0 0 0 0 217 223 255 223 255 223 255 0 0 0 0 0 0 0 0 0 0 0 0 0 0 0 0 0 0 8 8 73 111 111 111 111 111 111 105 105 233 255 255 255 255 255 255 255 255 255 255 238 8 8 8 8 8 8 9 73 201 201 201 193 193 193 193 193 64 0 0 0
8 255 255 255 255 255 255 255 101 101 101 97 32 33 32 61 125 255 255 255 255 255 255 255 255 255 255 255 255 255 255 255 255 255 255 255 255 255 255 255 255 255 255 255 255 255 255 255 255 239 205 204 204 204 204 204 4 0 4 0 4 0 4 0 4 0 4 0 4 0 236 255 255 255 255 255 237 136 136 136 136 136 136 136 136 136 136 136 136 136 202 202 74 72 72 72 109 109 109 109 109 109 109 109 108 108 76 76 76 76 76 76 76 76 76 76 76 76 204 220 220 204 8 8 168 232 255 255 255 255 255 255 255 255 255 255 255 255 255 255 73 73 73 255 255 255 255 255 255 255 255 255 255 255 255 255 255 255 255 255 255 107 0 0 0 0 0 0 0 0 0 0 217 255 223 255 223 255 223 0 0 0 0 0 0 0 0 0 0 0 0 0 0 0 0 0 0 8 8 73 111 111 111 111 111 111 105 105 233 255 255 255 255 255 255 255 255 255 255 238 8 8 8 8 8 8 9 73 201 201 201 193 193 193 193 193 64 0 0 0
8 255 255 255 255 255 255 255 101 101 101 97 33 32 33 61 125 255 255 255 255 255 255 255 255 255 255 255 255 255 255 255 255 255 255 255 255 255 255 255 255 255 255 255 255 255 255 255 255 239 205 204 204 204 204 204 0 4 0 4 0 4 0 4 0 4 0 4 0 4 236 255 255 255 255 255 237 136 136 136 136 136 136 136 136 136 136 136 136 136 202 202 74 72 72 72 109 109 109 109 109 109 109 109 108 108 76 76 76 76 76 76 76 76 76 76 76 76 204 220 220 204 8 8 168 232 255 255 255 255 255 255 255 255 255 255 255 255 255 255 73 73 73 255 255 255 255 255 255 255 255 255 255 255 255 255 255 255 255 255 255 107 0 0 0 0 0 0 0 0 0 0 217 223 255 223 255 223 255 0 0 0 0 0 0 0 0 0 0 0 0 0 0 0 0 0 0 8 8 73 111 111 111 111 111 111 105 105 233 255 255 255 255 255 255 255 255 255 255 238 8 8 8 8 8 8 9 73 201 201 201 193 193 193 193 193 64 0 0 0
8 255 255 255 255 255 255 255 101 101 101 97 32 33 32 61 125 255 255 255 255 255 255 255 255 255 255 255 255 255 255 255 255 255 255 255 255 255 255 255 255 255 255 255 255 255 255 255 255 239 205 204 204 204 204 204 4 0 4 0 4 0 4 0 4 0 4 0 4 0 236 255 255 255 255 255 237 136 136 136 136 136 136 136 136 136 136 136 136 136 202 202 74 72 72 72 109 109 109 109 109 109 109 109 108 108 76 76 76 76 76 76 76 76 76 76 76 76 204 220 220 204 8 8 168 232 255 255 255 255 255 255 255 255 255 255 255 255 255 255 73 73 73 255 255 255 255 255 255 255 255 255 255 255 255 255 255 255 255 255 255 107 0 0 0 0 0 0 0 0 0 0 217 255 223 255 223 255 223 0 0 0 0 0 0 0 0 0 0 0 0 0 0 0 0 0 0 8 8 73 111 111 111 111 111 111 105 105 233 255 255 255 255 255 255 255 255 255 255 238 8 8 8 8 8 8 9 73 201 201 201 193 193 193 193 193 64 0 0 0
8 255 255 255 255 255 255 255 101 101 101 97 33 32 33 61 125 255 255 255 255 255 255 255 255 255 255 255 255 255 255 255 255 255 255 255 255 255 255 255 255 255 255 255 255 255 255 255 255 239 205 204 204 204 204 204 0 4 0 4 0 4 0 4 0 4 0 4 0 4 236 255 255 255 255 255 237 136 136 136 136 136 136 136 136 136 136 136 136 136 202 202 74 72 72 72 109 109 109 109 109 109 109 109 108 108 76 76 76 76 76 76 76 76 76 76 76 76 204 220 220 204 8 8 168 232 255 255 255 255 255 255 255 255 255 255 255 255 255 255 73 73 73 255 255 255 255 255 255 255 255 255 255 255 255 255 255 255 255 255 255 107 0 0 0 0 0 0 0 0 0 0 217 223 255 223 255 223 255 0 0 0 0 0 0 0 0 0 0 0 0 0 0 0 0 0 0 8 8 73 111 111 111 111 111 111 105 105 233 255 255 255 255 255 255 255 255 255 255 238 8 8 8 8 8 8 9 73 201 201 201 193 193 193 193 193 64 0 0 0
8 255 255 255 255 255 255 255 101 101 101 97 32 33 32 61 125 255 255 255 255 255 255 255 255 255 255 255 255 255 255 255 255 255 255 255 255 255 255 255 255 255 255 255 255 255 255 255 255 239 205 204 204 204 204 204 4 0 4 0 4 0 4 0 4 0 4 0 4 0 236 255 255 255 255 255 237 136 136 136 136 136 136 136 136 136 136 136 136 136 202 202 74 72 72 72 109 109 109 109 109 109 109 109 108 108 76 76 76 76 76 76 76 76 76 76 76 76 204 220 220 204 8 8 168 232 255 255 255 255 255 255 255 255 255 255 255 255 255 255 73 73 73 255 255 255 255 255 255 255 255 255 255 255 255 255 255 255 255 255 255 107 0 0 0 0 0 0 0 0 0 0 217 255 223 255 223 255 223 0 0 0 0 0 0 0 0 0 0 0 0 0 0 0 0 0 0 8 8 73 111 111 111 111 111 111 105 105 233 255 255 255 255 255 255 255 255 255 255 238 8 8 8 8 8 8 9 73 201 201 201 193 193 193 193 193 64 0 0 0
8 255 255 255 255 255 255 255 101 101 101 97 33 32 33 61 125 255 255 255 255 255 255 255 255 255 255 255 255 255 255 255 255 255 255 255 255 255 255 255 255 255 255 255 255 255 255 255 255 239 205 204 204 204 204 204 0 4 0 4 0 4 0 4 0 4 0 4 0 4 236 255 255 255 255 255 237 136 136 136 136 136 136 136 136 136 136 136 136 136 202 202 74 72 72 72 109 109 109 109 109 109 109 109 108 108 76 76 76 76 76 76 76 76 76 76 76 76 204 220 220 204 8 8 168 232 255 255 255 255 255 255 255 255 255 255 255 255 255 255 73 73 73 255 255 255 255 255 255 255 255 255 255 255 255 255 255 255 255 255 255 107 0 0 0 0 0 0 0 0 0 0 217 223 255 223 255 223 255 0 0 0 0 0 0 0 0 0 0 0 0 0 0 0 0 0 0 8 8 73 111 111 111 111 111 111 105 105 233 255 255 255 255 255 255 255 255 255 255 238 8 8 8 8 8 8 9 73 201 201 201 193 193 193 193 193 64 0 0 0
8 255 255 255 255 255 255 255 101 101 101 97 32 33 32 61 125 255 255 255 255 255 255 255 255 255 255 255 255 255 255 255 255 255 255 255 255 255 255 255 255 255 255 255 255 255 255 255 255 239 205 204 204 204 204 204 4 0 4 0 4 0 4 0 4 0 4 0 4 0 236 255 255 255 255 255 237 136 136 136 136 136 136 136 136 136 136 136 136 136 202 202 74 72 72 72 109 109 109 109 109 109 109 109 108 108 76 76 76 76 76 76 76 76 76 76 76 76 204 220 220 204 8 8 168 232 255 255 255 255 255 255 255 255 255 255 255 255 255 255 73 73 73 255 255 255 255 255 255 255 255 255 255 255 255 255 255 255 255 255 255 107 0 0 0 0 0 0 0 0 0 0 217 255 223 255 223 255 223 0 0 0 0 0 0 0 0 0 0 0 0 0 0 0 0 0 0 8 8 73 111 111 111 111 111 111 105 105 233 255 255 255 255 255 255 255 255 255 255 238 8 8 8 8 8 8 9 73 201 201 201 193 193 193 193 193 64 0 0 0
8 255 255 255 255 255 255 255 101 101 101 97 33 32 33 61 125 255 255 255 255 255 255 255 255 255 255 255 255 255 255 255 255 255 255 255 255 255 255 255 255 255 255 255 255 255 255 255 255 239 205 204 204 204 204 204 0 4 0 4 0 4 0 4 0 4 0 4 0 4 236 255 255 255 255 255 237 136 136 136 136 136 136 136 136 136 136 136 136 136 202 202 74 72 72 72 109 109 109 109 109 109 109 109 108 108 76 76 76 76 76 76 76 76 76 76 76 76 204 220 220 204 8 8 168 232 255 255 255 255 255 255 255 255 255 255 255 255 255 255 73 73 73 255 255 255 255 255 255 255 255 255 255 255 255 255 255 255 255 255 255 107 0 0 0 0 0 0 0 0 0 0 217 223 255 223 255 223 255 0 0 0 0 0 0 0 0 0 0 0 0 0 0 0 0 0 0 8 8 73 111 111 111 111 111 111 105 105 233 255 255 255 255 255 255 255 255 255 255 238 8 8 8 8 8 8 9 73 201 201 201 193 193 193 193 193 64 0 0 0
8 255 255 255 255 255 255 255 101 101 101 97 32 33 32 61 125 255 255 255 255 255 255 255 255 255 255 255 255 255 255 255 255 255 255 255 255 255 255 255 255 255 255 255 255 255 255 255 255 239 205 204 204 204 204 204 4 0 4 0 4 0 4 0 4 0 4 0 4 0 236 255 255 255 255 255 237 136 136 136 136 136 136 136 136 136 136 136 136 136 202 202 74 72 72 72 109 109 109 109 109 109 109 109 108 108 76 76 76 76 76 76 76 76 76 76 76 76 204 220 220 204 8 8 168 232 255 255 255 255 255 255 255 255 255 255 255 255 255 255 73 73 73 255 255 255 255 255 255 255 255 255 255 255 255 255 255 255 255 255 255 107 0 0 0 0 0 0 0 0 0 0 217 255 223 255 223 255 223 0 0 0 0 0 0 0 0 0 0 0 0 0 0 0 0 0 0 8 8 73 111 111 111 111 111 111 105 105 233 255 255 255 255 255 255 255 255 255 255 238 8 8 8 8 8 8 9 73 201 201 201 193 193 193 193 193 64 0 0 0
8 255 255 255 255 255 255 255 101 101 101 97 33 32 33 61 125 255 255 255 255 255 255 255 255 255 255 255 255 255 255 255 255 255 255 255 255 255 255 255 255 255 255 255 255 255 255 255 255 239 205 204 204 204 204 204 0 4 0 4 0 4 0 4 0 4 0 4 0 4 236 255 255 255 255 255 237 136 136 136 136 136 136 136 136 136 136 136 136 136 202 202 74 72 72 72 109 109 109 109 109 109 109 109 108 108 76 76 76 76 76 76 76 76 76 76 76 76 204 220 220 204 8 8 168 232 255 255 255 255 255 255 255 255 255 255 255 255 255 255 73 73 73 255 255 255 255 255 255 255 255 255 255 255 255 255 255 255 255 255 255 107 0 0 0 0 0 0 0 0 0 0 217 223 255 223 255 223 255 0 0 0 0 0 0 0 0 0 0 0 0 0 0 0 0 0 0 8 8 73 111 111 111 111 111 111 105 105 233 255 255 255 255 255 255 255 255 255 255 238 8 8 8 8 8 8 9 73 201 201 201 193 193 193 193 193 64 0 0 0
8 255 255 255 255 255 255 255 101 101 101 97 32 33 32 61 125 255 255 255 255 255 255 255 255 255 255 255 255 255 255 255 255 255 255 255 255 255 255 255 255 255 255 255 255 255 255 255 255 239 205 204 204 204 204 204 4 0 4 0 4 0 4 0 4 0 4 0 4 0 236 255 255 255 255 255 237 136 136 136 136 136 136 136 136 136 136 136 136 136 202 202 74 72 72 72 109 109 109 109 109 109 109 109 108 108 76 76 76 76 76 76 76 76 76 76 76 76 204 220 220 204 8 8 168 232 255 255 255 255 255 255 255 255 255 255 255 255 255 255 73 73 73 255 255 255 255 255 255 255 255 255 255 255 255 255 255 255 255 255 255 107 0 0 0 0 0 0 0 0 0 0 217 255 223 255 223 255 223 0 0 0 0 0 0 0 0 0 0 0 0 0 0 0 0 0 0 8 8 73 111 111 111 111 111 111 105 105 233 255 255 255 255 255 255 255 255 255 255 238 8 8 8 8 8 8 9 73 201 201 201 193 193 193 193 193 64 0 0 0
8 255 255 255 255 255 255 255 101 101 101 97 33 32 33 61 125 255 255 255 255 255 255 255 255 255 255 255 255 255 255 255 255 255 255 255 255 255 255 255 255 255 255 255 255 255 255 255 255 239 205 204 204 204 204 204 0 4 0 4 0 4 0 4 0 4 0 4 0 4 236 255 255 255 255 255 237 136 136 136 136 136 136 136 136 136 136 136 136 136 202 202 74 72 72 72 109 109 109 109 109 109 109 109 108 108 76 76 76 76 76 76 76 76 76 76 76 76 204 220 220 204 8 8 168 232 255 255 255 255 255 255 255 255 255 255 255 255 255 255 73 73 73 255 255 255 255 255 255 255 255 255 255 255 255 255 255 255 255 255 255 107 0 0 0 0 0 0 0 0 0 0 217 223 255 223 255 223 255 0 0 0 0 0 0 0 0 0 0 0 0 0 0 0 0 0 0 8 8 73 111 111 111 111 111 111 105 105 233 255 255 255 255 255 255 255 255 255 255 238 8 8 8 8 8 8 9 73 201 201 201 193 193 193 193 193 64 0 0 0
8 255 255 255 255 255 255 255 101 101 101 97 32 33 32 61 125 255 255 255 255 255 255 255 255 255 255 255 255 255 255 255 255 255 255 255 255 255 255 255 255 255 255 255 255 255 255 255 255 239 205 204 204 204 204 204 4 0 4 0 4 0 4 0 4 0 4 0 4 0 236 255 255 255 255 255 237 136 136 136 136 136 136 136 136 136 136 136 136 136 202 202 74 72 72 72 109 109 109 109 109 109 109 109 108 108 76 76 76 76 76 76 76 76 76 76 76 76 204 220 220 204 8 8 168 232 255 255 255 255 255 255 255 255 255 255 255 255 255 255 73 73 73 255 255 255 255 255 255 255 255 255 255 255 255 255 255 255 255 255 255 107 0 0 0 0 0 0 0 0 0 0 217 255 223 255 223 255 223 0 0 0 0 0 0 0 0 0 0 0 0 0 0 0 0 0 0 8 8 73 111 111 111 111 111 111 105 105 233 255 255 255 255 255 255 255 255 255 255 238 8 8 8 8 8 8 9 73 201 201 201 193 193 193 193 193 64 0 0 0
8 255 255 255 255 255 255 255 101 101 101 97 33 32 33 61 125 255 255 255 255 255 255 255 255 255 255 255 255 255 255 255 255 255 255 255 255 255 255 255 255 255 255 255 255 255 255 255 255 239 205 204 204 204 204 204 0 4 0 4 0 4 0 4 0 4 0 4 0 4 236 255 255 255 255 255 237 136 136 136 136 136 136 136 136 136 136 136 136 136 202 202 74 72 72 72 109 109 109 109 109 109 109 109 108 108 76 76 76 76 76 76 76 76 76 76 76 76 204 220 220 204 8 8 168 232 255 255 255 255 255 255 255 255 255 255 255 255 255 255 73 73 73 255 255 255 255 255 255 255 255 255 255 255 255 255 255 255 255 255 255 107 0 0 0 0 0 0 0 0 0 0 217 223 255 223 255 223 255 0 0 0 0 0 0 0 0 0 0 0 0 0 0 0 0 0 0 8 8 73 111 111 111 111 111 111 105 105 233 255 255 255 255 255 255 255 255 255 255 238 8 8 8 8 8 8 9 73 201 201 201 193 193 193 193 193 64 0 0 0
8 255 255 255 255 255 255 255 101 101 101 97 32 33 32 61 125 255 255 255 255 255 255 255 255 255 255 255 255 255 255 255 255 255 255 255 255 255 255 255 255 255 255 255 255 255 255 255 255 239 205 204 204 204 204 204 4 0 4 0 4 0 4 0 4 0 4 0 4 0 236 255 255 255 255 255 237 136 136 136 136 136 136 136 136 136 136 136 136 136 202 202 74 72 72 72 109 109 109 109 109 109 109 109 108 108 76 76 76 76 76 76 76 76 76 76 76 76 204 220 220 204 8 8 168 232 255 255 255 255 255 255 255 255 255 255 255 255 255 255 73 73 73 255 255 255 255 255 255 255 255 255 255 255 255 255 255 255 255 255 255 107 0 0 0 0 0 0 0 0 0 0 217 255 223 255 223 255 223 0 0 0 0 0 0 0 0 0 0 0 0 0 0 0 0 0 0 8 8 73 111 111 111 111 111 111 105 105 233 255 255 255 255 255 255 255 255 255 255 238 8 8 8 8 8 8 9 73 201 201 201 193 193 193 193 193 64 0 0 0
8 255 255 255 255 255 255 255 101 101 101 97 33 32 33 61 125 255 255 255 255 255 255 255 255 255 255 255 255 255 255 255 255 255 255 255 255 255 255 255 255 255 255 255 255 255 255 255 255 239 205 204 204 204 204 204 0 4 0 4 0 4 0 4 0 4 0 4 0 4 236 255 255 255 255 255 237 136 136 136 136 136 136 136 136 136 136 136 136 136 202 202 74 72 72 72 109 109 109 109 109 109 109 109 108 108 76 76 76 76 76 76 76 76 76 76 76 76 204 220 220 204 8 8 168 232 255 255 255 255 255 255 255 255 255 255 255 255 255 255 73 73 73 255 255 255 255 255 255 255 255 255 255 255 255 255 255 255 255 255 255 107 0 0 0 0 0 0 0 0 0 0 217 223 255 223 255 223 255 0 0 0 0 0 0 0 0 0 0 0 0 0 0 0 0 0 0 8 8 73 111 111 111 111 111 111 105 105 233 255 255 255 255 255 255 255 255 255 255 238 8 8 8 8 8 8 9 73 201 201 201 193 193 193 193 193 64 0 0 0
8 255 255 255 255 255 255 255 101 101 101 97 32 33 32 61 125 255 255 255 255 255 255 255 255 255 255 255 255 255 255 255 255 255 255 255 255 255 255 255 255 255 255 255 255 255 255 255 255 239 205 204 204 204 204 204 4 0 4 0 4 0 4 0 4 0 4 0 4 0 236 255 255 255 255 255 237 136 136 136 136 136 136 136 136 136 136 136 136 136 202 202 74 72 72 72 109 109 109 109 109 109 109 109 108 108 76 76 76 76 76 76 76 76 76 76 76 76 204 220 220 204 8 8 168 232 255 255 255 255 255 255 255 255 255 255 255 255 255 255 73 73 73 255 255 255 255 255 255 255 255 255 255 255 255 255 255 255 255 255 255 107 0 0 0 0 0 0 0 0 0 0 217 255 223 255 223 255 223 0 0 0 0 0 0 0 0 0 0 0 0 0 0 0 0 0 0 8 8 73 111 111 111 111 111 111 105 105 233 255 255 255 255 255 255 255 255 255 255 238 8 8 8 8 8 8 9 73 201 201 201 193 193 193 193 193 64 0 0 0
8 255 255 255 255 255 255 255 101 101 101 97 33 32 33 61 125 255 255 255 255 255 255 255 255 255 255 255 255 255 255 255 255 255 255 255 255 255 255 255 255 255 255 255 255 255 255 255 255 239 205 204 204 204 204 204 0 4 0 4 0 4 0 4 0 4 0 4 0 4 236 255 255 255 255 255 237 136 136 136 136 136 136 136 136 136 136 136 136 136 202 202 74 72 72 72 109 109 109 109 109 109 109 109 108 108 76 76 76 76 76 76 76 76 76 76 76 76 204 220 220 204 8 8 168 232 255 255 255 255 255 255 255 255 255 255 255 255 255 255 73 73 73 255 255 255 255 255 255 255 255 255 255 255 255 255 255 255 255 255 255 107 0 0 0 0 0 0 0 0 0 0 217 223 255 223 255 223 255 0 0 0 0 0 0 0 0 0 0 0 0 0 0 0 0 0 0 8 8 73 111 111 111 111 111 111 105 105 233 255 255 255 255 255 255 255 255 255 255 238 8 8 8 8 8 8 9 73 201 201 201 193 193 193 193 193 64 0 0 0
8 255 255 255 255 255 255 255 101 101 101 97 32 33 32 61 125 255 255 255 255 255 255 255 255 255 255 255 255 255 255 255 255 255 255 255 255 255 255 255 255 255 255 255 255 255 255 255 255 239 205 204 204 204 204 204 4 0 4 0 4 0 4 0 4 0 4 0 4 0 236 255 255 255 255 255 237 136 136 136 136 136 136 136 136 136 136 136 136 136 202 202 74 72 72 72 109 109 109 109 109 109 109 109 108 108 76 76 76 76 76 76 76 76 76 76 76 76 204 220 220 204 8 8 168 232 255 255 255 255 255 255 255 255 255 255 255 255 255 255 73 73 73 255 255 255 255 255 255 255 255 255 255 255 255 255 255 255 255 255 255 107 0 0 0 0 0 0 0 0 0 0 217 255 223 255 223 255 223 0 0 0 0 0 0 0 0 0 0 0 0 0 0 0 0 0 0 8 8 73 111 111 111 111 111 111 105 105 233 255 255 255 255 255 255 255 255 255 255 238 8 8 8 8 8 8 9 73 201 201 201 193 193 193 193 193 64 0 0 0
8 255 255 255 255 255 255 255 101 101 101 97 33 32 33 61 125 255 255 255 255 255 255 255 255 255 255 255 255 255 255 255 255 255 255 255 255 255 255 255 255 255 255 255 255 255 255 255 255 239 205 204 204 204 204 204 0 4 0 4 0 4 0 4 0 4 0 4 0 4 236 255 255 255 255 255 237 136 136 136 136 136 136 136 136 136 136 136 136 136 202 202 74 72 72 72 109 109 109 109 109 109 109 109 108 108 76 76 76 76 76 76 76 76 76 76 76 76 204 220 220 204 8 8 168 232 255 255 255 255 255 255 255 255 255 255 255 255 255 255 73 73 73 255 255 255 255 255 255 255 255 255 255 255 255 255 255 255 255 255 255 107 0 0 0 0 0 0 0 0 0 0 217 223 255 223 255 223 255 0 0 0 0 0 0 0 0 0 0 0 0 0 0 0 0 0 0 8 8 73 111 111 111 111 111 111 105 105 233 255 255 255 255 255 255 255 255 255 255 238 8 8 8 8 8 8 9 73 201 201 201 193 193 193 193 193 64 0 0 0
8 255 255 255 255 255 255 255 101 101 101 97 32 33 32 61 125 255 255 255 255 255 255 255 255 255 255 255 255 255 255 255 255 255 255 255 255 255 255 255 255 255 255 255 255 255 255 255 255 239 205 204 204 204 204 204 4 0 4 0 4 0 4 0 4 0 4 0 4 0 236 255 255 255 255 255 237 136 136 136 136 136 136 136 136 136 136 136 136 136 202 202 74 72 72 72 109 109 109 109 109 109 109 109 108 108 76 76 76 76 76 76 76 76 76 76 76 76 204 220 220 204 8 8 168 232 255 255 255 255 255 255 255 255 255 255 255 255 255 255 73 73 73 255 255 255 255 255 255 255 255 255 255 255 255 255 255 255 255 255 255 107 0 0 0 0 0 0 0 0 0 0 217 255 223 255 223 255 223 0 0 0 0 0 0 0 0 0 0 0 0 0 0 0 0 0 0 8 8 73 111 111 111 111 111 111 105 105 233 255 255 255 255 255 255 255 255 255 255 238 8 8 8 8 8 8 9 73 201 201 201 193 193 193 193 193 64 0 0 0
8 255 255 255 255 255 255 255 101 101 101 97 33 32 33 61 125 255 255 255 255 255 255 255 255 255 255 255 255 255 255 255 255 255 255 255 255 255 255 255 255 255 255 255 255 255 255 255 255 239 205 204 204 204 204 204 0 4 0 4 0 4 0 4 0 4 0 4 0 4 236 255 255 255 255 255 237 136 136 136 136 136 136 136 136 136 136 136 136 136 202 202 74 72 72 72 109 109 109 109 109 109 109 109 108 108 76 76 76 76 76 76 76 76 76 76 76 76 204 220 220 204 8 8 168 232 255 255 255 255 255 255 255 255 255 255 255 255 255 255 73 73 73 255 255 255 255 255 255 255 255 255 255 255 255 255 255 255 255 255 255 107 0 0 0 0 0 0 0 0 0 0 217 223 255 223 255 223 255 0 0 0 0 0 0 0 0 0 0 0 0 0 0 0 0 0 0 8 8 73 111 111 111 111 111 111 105 105 233 255 255 255 255 255 255 255 255 255 255 238 8 8 8 8 8 8 9 73 201 201 201 193 193 193 193 193 64 0 0 0
8 255 255 255 255 255 255 255 101 101 101 97 32 33 32 61 125 255 255 255 255 255 255 255 255 255 255 255 255 255 255 255 255 255 255 255 255 255 255 255 255 255 255 255 255 255 255 255 255 239 205 204 204 204 204 204 4 0 4 0 4 0 4 0 4 0 4 0 4 0 236 255 255 255 255 255 237 136 136 136 136 136 136 136 136 136 136 136 136 136 202 202 74 72 72 72 109 109 109 109 109 109 109 109 108 108 76 76 76 76 76 76 76 76 76 76 76 76 204 220 220 204 8 8 168 232 255 255 255 255 255 255 255 255 255 255 255 255 255 255 73 73 73 255 255 255 255 255 255 255 255 255 255 255 255 255 255 255 255 255 255 107 0 0 0 0 0 0 0 0 0 0 217 255 223 255 223 255 223 0 0 0 0 0 0 0 0 0 0 0 0 0 0 0 0 0 0 8 8 73 111 111 111 111 111 111 105 105 233 255 255 255 255 255 255 255 255 255 255 238 8 8 8 8 8 8 9 73 201 201 201 193 193 193 193 193 64 0 0 0
8 255 255 255 255 255 255 255 101 101 101 97 33 32 33 61 125 255 255 255 255 255 255 255 255 255 255 255 255 255 255 255 255 255 255 255 255 255 255 255 255 255 255 255 255 255 255 255 255 239 205 204 204 204 204 204 0 4 0 4 0 4 0 4 0 4 0 4 0 4 236 255 255 255 255 255 237 136 136 136 136 136 136 136 136 136 136 136 136 136 202 202 74 72 72 72 109 109 109 109 109 109 109 109 108 108 76 76 76 76 76 76 76 76 76 76 76 76 204 220 220 204 8 8 168 232 255 255 255 255 255 255 255 255 255 255 255 255 255 255 73 73 73 255 255 255 255 255 255 255 255 255 255 255 255 255 255 255 255 255 255 107 0 0 0 0 0 0 0 0 0 0 217 223 255 223 255 223 255 0 0 0 0 0 0 0 0 0 0 0 0 0 0 0 0 0 0 8 8 73 111 111 111 111 111 111 105 105 233 255 255 255 255 255 255 255 255 255 255 238 8 8 8 8 8 8 9 73 201 201 201 193 193 193 193 193 64 0 0 0
8 255 255 255 255 255 255 255 101 101 101 97 32 33 32 61 125 255 255 255 255 255 255 255 255 255 255 255 255 255 255 255 255 255 255 255 255 255 255 255 255 255 255 255 255 255 255 255 255 239 205 204 204 204 204 204 4 0 4 0 4 0 4 0 4 0 4 0 4 0 236 255 255 255 255 255 237 136 136 136 136 136 136 136 136 136 136 136 136 136 202 202 74 72 72 72 109 109 109 109 109 109 109 109 108 108 76 76 76 76 76 76 76 76 76 76 76 76 204 220 220 204 8 8 168 232 255 255 255 255 255 255 255 255 255 255 255 255 255 255 73 73 73 255 255 255 255 255 255 255 255 255 255 255 255 255 255 255 255 255 255 107 0 0 0 0 0 0 0 0 0 0 217 255 223 255 223 255 223 0 0 0 0 0 0 0 0 0 0 0 0 0 0 0 0 0 0 8 8 73 111 111 111 111 111 111 105 105 233 255 255 255 255 255 255 255 255 255 255 238 8 8 8 8 8 8 9 73 201 201 201 193 193 193 193 193 64 0 0 0
8 255 255 255 255 255 255 255 101 101 101 97 33 32 33 61 125 255 255 255 255 255 255 255 255 255 255 255 255 255 255 255 255 255 255 255 255 255 255 255 255 255 255 255 255 255 255 255 255 239 205 204 204 204 204 204 0 4 0 4 0 4 0 4 0 4 0 4 0 4 236 255 255 255 255 255 237 136 136 136 136 136 136 136 136 136 136 136 136 136 202 202 74 72 72 72 109 109 109 109 109 109 109 109 108 108 76 76 76 76 76 76 76 76 76 76 76 76 204 220 220 204 8 8 168 232 255 255 255 255 255 255 255 255 255 255 255 255 255 255 73 73 73 255 255 255 255 255 255 255 255 255 255 255 255 255 255 255 255 255 255 107 0 0 0 0 0 0 0 0 0 0 217 223 255 223 255 223 255 0 0 0 0 0 0 0 0 0 0 0 0 0 0 0 0 0 0 8 8 73 111 111 111 111 111 111 105 105 233 255 255 255 255 255 255 255 255 255 255 238 8 8 8 8 8 8 9 73 201 201 201 193 193 193 193 193 64 0 0 0
8 255 255 255 255 255 255 255 101 101 101 97 32 33 32 61 125 255 255 255 255 255 255 255 255 255 255 255 255 255 255 255 255 255 255 255 255 255 255 255 255 255 255 255 255 255 255 255 255 239 205 204 204 204 204 204 4 0 4 0 4 0 4 0 4 0 4 0 4 0 236 255 255 255 255 255 237 136 136 136 136 136 136 136 136 136 136 136 136 136 202 202 74 72 72 72 109 109 109 109 109 109 109 109 108 108 76 76 76 76 76 76 76 76 76 76 76 76 204 220 220 204 8 8 168 232 255 255 255 255 255 255 255 255 255 255 255 255 255 255 73 73 73 255 255 255 255 255 255 255 255 255 255 255 255 255 255 255 255 255 255 107 0 0 0 0 0 0 0 0 0 0 217 255 223 255 223 255 223 0 0 0 0 0 0 0 0 0 0 0 0 0 0 0 0 0 0 8 8 73 111 111 111 111 111 111 105 105 233 255 255 255 255 255 255 255 255 255 255 238 8 8 8 8 8 8 9 73 201 201 201 193 193 193 193 193 64 0 0 0
8 255 255 255 255 255 255 255 101 101 101 97 33 32 33 61 125 255 255 255 255 255 255 255 255 255 255 255 255 255 255 255 255 255 255 255 255 255 255 255 255 255 255 255 255 255 255 255 255 239 205 204 204 204 204 204 0 4 0 4 0 4 0 4 0 4 0 4 0 4 236 255 255 255 255 255 237 136 136 136 136 136 136 136 136 136 136 136 136 136 202 202 74 72 72 72 109 109 109 109 109 109 109 109 108 108 76 76 76 76 76 76 76 76 76 76 76 76 204 220 220 204 8 8 168 232 255 255 255 255 255 255 255 255 255 255 255 255 255 255 73 73 73 255 255 255 255 255 255 255 255 255 255 255 255 255 255 255 255 255 255 107 0 0 0 0 0 0 0 0 0 0 217 223 255 223 255 223 255 0 0 0 0 0 0 0 0 0 0 0 0 0 0 0 0 0 0 8 8 73 111 111 111 111 111 111 105 105 233 255 255 255 255 255 255 255 255 255 255 238 8 8 8 8 8 8 9 73 201 201 201 193 193 193 193 193 64 0 0 0
8 255 255 255 255 255 255 255 101 101 101 97 32 33 32 61 125 255 255 255 255 255 255 255 255 255 255 255 255 255 255 255 255 255 255 255 255 255 255 255 255 255 255 255 255 255 255 255 255 239 205 204 204 204 204 204 4 0 4 0 4 0 4 0 4 0 4 0 4 0 236 255 255 255 255 255 237 136 136 136 136 136 136 136 136 136 136 136 136 136 202 202 74 72 72 72 109 109 109 109 109 109 109 109 108 108 76 76 76 76 76 76 76 76 76 76 76 76 204 220 220 204 8 8 168 232 255 255 255 255 255 255 255 255 255 255 255 255 255 255 73 73 73 255 255 255 255 255 255 255 255 255 255 255 255 255 255 255 255 255 255 107 0 0 0 0 0 0 0 0 0 0 217 255 223 255 223 255 223 0 0 0 0 0 0 0 0 0 0 0 0 0 0 0 0 0 0 8 8 73 111 111 111 111 111 111 105 105 233 255 255 255 255 255 255 255 255 255 255 238 8 8 8 8 8 8 9 73 201 201 201 193 193 193 193 193 64 0 0 0
8 255 255 255 255 255 255 255 101 101 101 97 33 32 33 61 125 255 255 255 255 255 255 255 255 255 255 255 255 255 255 255 255 255 255 255 255 255 255 255 255 255 255 255 255 255 255 255 255 239 205 204 204 204 204 204 0 4 0 4 0 4 0 4 0 4 0 4 0 4 236 255 255 255 255 255 237 136 136 136 136 136 136 136 136 136 136 136 136 136 202 202 74 72 72 72 109 109 109 109 109 109 109 109 108 108 76 76 76 76 76 76 76 76 76 76 76 76 204 220 220 204 8 8 168 232 255 255 255 255 255 255 255 255 255 255 255 255 255 255 73 73 73 255 255 255 255 255 255 255 255 255 255 255 255 255 255 255 255 255 255 107 0 0 0 0 0 0 0 0 0 0 217 223 255 223 255 223 255 0 0 0 0 0 0 0 0 0 0 0 0 0 0 0 0 0 0 8 8 73 111 111 111 111 111 111 105 105 233 255 255 255 255 255 255 255 255 255 255 238 8 8 8 8 8 8 9 73 201 201 201 193 193 193 193 193 64 0 0 0
8 255 255 255 255 255 255 255 101 101 101 97 32 33 32 61 125 255 255 255 255 255 255 255 255 255 255 255 255 255 255 255 255 255 255 255 255 255 255 255 255 255 255 255 255 255 255 255 255 239 205 204 204 204 204 204 4 0 4 0 4 0 4 0 4 0 4 0 4 0 236 255 255 255 255 255 237 136 136 136 136 136 136 136 136 136 136 136 136 136 202 202 74 72 72 72 109 109 109 109 109 109 109 109 108 108 76 76 76 76 76 76 76 76 76 76 76 76 204 220 220 204 8 8 168 232 255 255 255 255 255 255 255 255 255 255 255 255 255 255 73 73 73 255 255 255 255 255 255 255 255 255 255 255 255 255 255 255 255 255 255 107 0 0 0 0 0 0 0 0 0 0 217 255 223 255 223 255 223 0 0 0 0 0 0 0 0 0 0 0 0 0 0 0 0 0 0 8 8 73 111 111 111 111 111 111 105 105 233 255 255 255 255 255 255 255 255 255 255 238 8 8 8 8 8 8 9 73 201 201 201 193 193 193 193 193 64 0 0 0
8 255 255 255 255 255 255 255 101 101 101 97 33 32 33 61 125 255 255 255 255 255 255 255 255 255 255 255 255 255 255 255 255 255 255 255 255 255 255 255 255 255 255 255 255 255 255 255 255 239 205 204 204 204 204 204 0 4 0 4 0 4 0 4 0 4 0 4 0 4 236 255 255 255 255 255 237 136 136 136 136 136 136 136 136 136 136 136 136 136 202 202 74 72 72 72 109 109 109 109 109 109 109 109 108 108 76 76 76 76 76 76 76 76 76 76 76 76 204 220 220 204 8 8 168 232 255 255 255 255 255 255 255 255 255 255 255 255 255 255 73 73 73 255 255 255 255 255 255 255 255 255 255 255 255 255 255 255 255 255 255 107 0 0 0 0 0 0 0 0 0 0 217 223 255 223 255 223 255 0 0 0 0 0 0 0 0 0 0 0 0 0 0 0 0 0 0 8 8 73 111 111 111 111 111 111 105 105 233 255 255 255 255 255 255 255 255 255 255 238 8 8 8 8 8 8 9 73 201 201 201 193 193 193 193 193 64 0 0 0
8 255 255 255 255 255 255 255 101 101 101 97 32 33 32 61 125 255 255 255 255 255 255 255 255 255 255 255 255 255 255 255 255 255 255 255 255 255 255 255 255 255 255 255 255 255 255 255 255 239 205 204 204 204 204 204 4 0 4 0 4 0 4 0 4 0 4 0 4 0 236 255 255 255 255 255 237 136 136 136 136 136 136 136 136 136 136 136 136 136 202 202 74 72 72 72 109 109 109 109 109 109 109 109 108 108 76 76 76 76 76 76 76 76 76 76 76 76 204 220 220 204 8 8 168 232 255 255 255 255 255 255 255 255 255 255 255 255 255 255 73 73 73 255 255 255 255 255 255 255 255 255 255 255 255 255 255 255 255 255 255 107 0 0 0 0 0 0 0 0 0 0 217 255 223 255 223 255 223 0 0 0 0 0 0 0 0 0 0 0 0 0 0 0 0 0 0 8 8 73 111 111 111 111 111 111 105 105 233 255 255 255 255 255 255 255 255 255 255 238 8 8 8 8 8 8 9 73 201 201 201 193 193 193 193 193 64 0 0 0
8 255 255 255 255 255 255 255 101 101 101 97 33 32 33 61 125 255 255 255 255 255 255 255 255 255 255 255 255 255 255 255 255 255 255 255 255 255 255 255 255 255 255 255 255 255 255 255 255 239 205 204 204 204 204 204 0 4 0 4 0 4 0 4 0 4 0 4 0 4 236 255 255 255 255 255 237 136 136 136 136 136 136 136 136 136 136 136 136 136 202 202 74 72 72 72 109 109 109 109 109 109 109 109 108 108 76 76 76 76 76 76 76 76 76 76 76 76 204 220 220 204 8 8 168 232 255 255 255 255 255 255 255 255 255 255 255 255 255 255 73 73 73 255 255 255 255 255 255 255 255 255 255 255 255 255 255 255 255 255 255 107 0 0 0 0 0 0 0 0 0 0 217 223 255 223 255 223 255 0 0 0 0 0 0 0 0 0 0 0 0 0 0 0 0 0 0 8 8 73 111 111 111 111 111 111 105 105 233 255 255 255 255 255 255 255 255 255 255 238 8 8 8 8 8 8 9 73 201 201 201 193 193 193 193 193 64 0 0 0
8 255 255 255 255 255 255 255 101 101 101 97 32 33 32 61 125 255 255 255 255 255 255 255 255 255 255 255 255 255 255 255 255 255 255 255 255 255 255 255 255 255 255 255 255 255 255 255 255 239 205 204 204 204 204 204 4 0 4 0 4 0 4 0 4 0 4 0 4 0 236 255 255 255 255 255 237 136 136 136 136 136 136 136 136 136 136 136 136 136 202 202 74 72 72 72 109 109 109 109 109 109 109 109 108 108 76 76 76 76 76 76 76 76 76 76 76 76 204 220 220 204 8 8 168 232 255 255 255 255 255 255 255 255 255 255 255 255 255 255 73 73 73 255 255 255 255 255 255 255 255 255 255 255 255 255 255 255 255 255 255 107 0 0 0 0 0 0 0 0 0 0 217 255 223 255 223 255 223 0 0 0 0 0 0 0 0 0 0 0 0 0 0 0 0 0 0 8 8 73 111 111 111 111 111 111 105 105 233 255 255 255 255 255 255 255 255 255 255 238 8 8 8 8 8 8 9 73 201 201 201 193 193 193 193 193 64 0 0 0
8 255 255 255 255 255 255 255 101 101 101 97 33 32 33 61 125 255 255 255 255 255 255 255 255 255 255 255 255 255 255 255 255 255 255 255 255 255 255 255 255 255 255 255 255 255 255 255 255 239 205 204 204 204 204 204 0 4 0 4 0 4 0 4 0 4 0 4 0 4 236 255 255 255 255 255 237 136 136 136 136 136 136 136 136 136 136 136 136 136 202 202 74 72 72 72 109 109 109 109 109 109 109 109 108 108 76 76 76 76 76 76 76 76 76 76 76 76 204 220 220 204 8 8 168 232 255 255 255 255 255 255 255 255 255 255 255 255 255 255 73 73 73 255 255 255 255 255 255 255 255 255 255 255 255 255 255 255 255 255 255 107 0 0 0 0 0 0 0 0 0 0 217 223 255 223 255 223 255 0 0 0 0 0 0 0 0 0 0 0 0 0 0 0 0 0 0 8 8 73 111 111 111 111 111 111 105 105 233 255 255 255 255 255 255 255 255 255 255 238 8 8 8 8 8 8 9 73 201 201 201 193 193 193 193 193 64 0 0 0
8 255 255 255 255 255 255 255 101 101 101 97 32 33 32 61 125 255 255 255 255 255 255 255 255 255 255 255 255 255 255 255 255 255 255 255 255 255 255 255 255 255 255 255 255 255 255 255 255 239 205 204 204 204 204 204 4 0 4 0 4 0 4 0 4 0 4 0 4 0 236 255 255 255 255 255 237 136 136 136 136 136 136 136 136 136 136 136 136 136 202 202 74 72 72 72 109 109 109 109 109 109 109 109 108 108 76 76 76 76 76 76 76 76 76 76 76 76 204 220 220 204 8 8 168 232 255 255 255 255 255 255 255 255 255 255 255 255 255 255 73 73 73 255 255 255 255 255 255 255 255 255 255 255 255 255 255 255 255 255 255 107 0 0 0 0 0 0 0 0 0 0 217 255 223 255 223 255 223 0 0 0 0 0 0 0 0 0 0 0 0 0 0 0 0 0 0 8 8 73 111 111 111 111 111 111 105 105 233 255 255 255 255 255 255 255 255 255 255 238 8 8 8 8 8 8 9 73 201 201 201 193 193 193 193 193 64 0 0 0
8 255 255 255 255 255 255 255 101 101 101 97 33 32 33 61 125 255 255 255 255 255 255 255 255 255 255 255 255 255 255 255 255 255 255 255 255 255 255 255 255 255 255 255 255 255 255 255 255 239 205 204 204 204 204 204 0 4 0 4 0 4 0 4 0 4 0 4 0 4 236 255 255 255 255 255 237 136 136 136 136 136 136 136 136 136 136 136 136 136 202 202 74 72 72 72 109 109 109 109 109 109 109 109 108 108 76 76 76 76 76 76 76 76 76 76 76 76 204 220 220 204 8 8 168 232 255 255 255 255 255 255 255 255 255 255 255 255 255 255 73 73 73 255 255 255 255 255 255 255 255 255 255 255 255 255 255 255 255 255 255 107 0 0 0 0 0 0 0 0 0 0 217 223 255 223 255 223 255 0 0 0 0 0 0 0 0 0 0 0 0 0 0 0 0 0 0 8 8 73 111 111 111 111 111 111 105 105 233 255 255 255 255 255 255 255 255 255 255 238 8 8 8 8 8 8 9 73 201 201 201 193 193 193 193 193 64 0 0 0
8 255 255 255 255 255 255 255 101 101 101 97 32 33 32 61 125 255 255 255 255 255 255 255 255 255 255 255 255 255 255 255 255 255 255 255 255 255 255 255 255 255 255 255 255 255 255 255 255 239 205 204 204 204 204 204 4 0 4 0 4 0 4 0 4 0 4 0 4 0 236 255 255 255 255 255 237 136 136 136 136 136 136 136 136 136 136 136 136 136 202 202 74 72 72 72 109 109 109 109 109 109 109 109 108 108 76 76 76 76 76 76 76 76 76 76 76 76 204 220 220 204 8 8 168 232 255 255 255 255 255 255 255 255 255 255 255 255 255 255 73 73 73 255 255 255 255 255 255 255 255 255 255 255 255 255 255 255 255 255 255 107 0 0 0 0 0 0 0 0 0 0 217 255 223 255 223 255 223 0 0 0 0 0 0 0 0 0 0 0 0 0 0 0 0 0 0 8 8 73 111 111 111 111 111 111 105 105 233 255 255 255 255 255 255 255 255 255 255 238 8 8 8 8 8 8 9 73 201 201 201 193 193 193 193 193 64 0 0 0
8 255 255 255 255 255 255 255 101 101 101 97 33 32 33 61 125 255 255 255 255 255 255 255 255 255 255 255 255 255 255 255 255 255 255 255 255 255 255 255 255 255 255 255 255 255 255 255 255 239 205 204 204 204 204 204 0 4 0 4 0 4 0 4 0 4 0 4 0 4 236 255 255 255 255 255 237 136 136 136 136 136 136 136 136 136 136 136 136 136 202 202 74 72 72 72 109 109 109 109 109 109 109 109 108 108 76 76 76 76 76 76 76 76 76 76 76 76 204 220 220 204 8 8 168 232 255 255 255 255 255 255 255 255 255 255 255 255 255 255 73 73 73 255 255 255 255 255 255 255 255 255 255 255 255 255 255 255 255 255 255 107 0 0 0 0 0 0 0 0 0 0 217 223 255 223 255 223 255 0 0 0 0 0 0 0 0 0 0 0 0 0 0 0 0 0 0 8 8 73 111 111 111 111 111 111 105 105 233 255 255 255 255 255 255 255 255 255 255 238 8 8 8 8 8 8 9 73 201 201 201 193 193 193 193 193 64 0 0 0
8 255 255 255 255 255 255 255 101 101 101 97 32 33 32 61 125 255 255 255 255 255 255 255 255 255 255 255 255 255 255 255 255 255 255 255 255 255 255 255 255 255 255 255 255 255 255 255 255 239 205 204 204 204 204 204 4 0 4 0 4 0 4 0 4 0 4 0 4 0 236 255 255 255 255 255 237 136 136 136 136 136 136 136 136 136 136 136 136 136 202 202 74 72 72 72 109 109 109 109 109 109 109 109 108 108 76 76 76 76 76 76 76 76 76 76 76 76 204 220 220 204 8 8 168 232 255 255 255 255 255 255 255 255 255 255 255 255 255 255 73 73 73 255 255 255 255 255 255 255 255 255 255 255 255 255 255 255 255 255 255 107 0 0 0 0 0 0 0 0 0 0 217 255 223 255 223 255 223 0 0 0 0 0 0 0 0 0 0 0 0 0 0 0 0 0 0 8 8 73 111 111 111 111 111 111 105 105 233 255 255 255 255 255 255 255 255 255 255 238 8 8 8 8 8 8 9 73 201 201 201 193 193 193 193 193 64 0 0 0
8 255 255 255 255 255 255 255 101 101 101 97 33 32 33 61 125 255 255 255 255 255 255 255 255 255 255 255 255 255 255 255 255 255 255 255 255 255 255 255 255 255 255 255 255 255 255 255 255 239 205 204 204 204 204 204 0 4 0 4 0 4 0 4 0 4 0 4 0 4 236 255 255 255 255 255 237 136 136 136 136 136 136 136 136 136 136 136 136 136 202 202 74 72 72 72 109 109 109 109 109 109 109 109 108 108 76 76 76 76 76 76 76 76 76 76 76 76 204 220 220 204 8 8 168 232 255 255 255 255 255 255 255 255 255 255 255 255 255 255 73 73 73 255 255 255 255 255 255 255 255 255 255 255 255 255 255 255 255 255 255 107 0 0 0 0 0 0 0 0 0 0 217 223 255 223 255 223 255 0 0 0 0 0 0 0 0 0 0 0 0 0 0 0 0 0 0 8 8 73 111 111 111 111 111 111 105 105 233 255 255 255 255 255 255 255 255 255 255 238 8 8 8 8 8 8 9 73 201 201 201 193 193 193 193 193 64 0 0 0
8 255 255 255 255 255 255 255 101 101 101 97 32 33 32 61 125 255 255 255 255 255 255 255 255 255 255 255 255 255 255 255 255 255 255 255 255 255 255 255 255 255 255 255 255 255 255 255 255 239 205 204 204 204 204 204 4 0 4 0 4 0 4 0 4 0 4 0 4 0 236 255 255 255 255 255 237 136 136 136 136 136 136 136 136 136 136 136 136 136 202 202 74 72 72 72 109 109 109 109 109 109 109 109 108 108 76 76 76 76 76 76 76 76 76 76 76 76 204 220 220 204 8 8 168 232 255 255 255 255 255 255 255 255 255 255 255 255 255 255 73 73 73 255 255 255 255 255 255 255 255 255 255 255 255 255 255 255 255 255 255 107 0 0 0 0 0 0 0 0 0 0 217 255 223 255 223 255 223 0 0 0 0 0 0 0 0 0 0 0 0 0 0 0 0 0 0 8 8 73 111 111 111 111 111 111 105 105 233 255 255 255 255 255 255 255 255 255 255 238 8 8 8 8 8 8 9 73 201 201 201 193 193 193 193 193 64 0 0 0
8 255 255 255 255 255 255 255 101 101 101 97 33 32 33 61 125 255 255 255 255 255 255 255 255 255 255 255 255 255 255 255 255 255 255 255 255 255 255 255 255 255 255 255 255 255 255 255 255 239 205 204 204 204 204 204 0 4 0 4 0 4 0 4 0 4 0 4 0 4 236 255 255 255 255 255 237 136 136 136 136 136 136 136 136 136 136 136 136 136 202 202 74 72 72 72 109 109 109 109 109 109 109 109 108 108 76 76 76 76 76 76 76 76 76 76 76 76 204 220 220 204 8 8 168 232 255 255 255 255 255 255 255 255 255 255 255 255 255 255 73 73 73 255 255 255 255 255 255 255 255 255 255 255 255 255 255 255 255 255 255 107 0 0 0 0 0 0 0 0 0 0 217 223 255 223 255 223 255 0 0 0 0 0 0 0 0 0 0 0 0 0 0 0 0 0 0 8 8 73 111 111 111 111 111 111 105 105 233 255 255 255 255 255 255 255 255 255 255 238 8 8 8 8 8 8 9 73 201 201 201 193 193 193 193 193 64 0 0 0
8 255 255 255 255 255 255 255 101 101 101 97 32 33 32 61 125 255 255 255 255 255 255 255 255 255 255 255 255 255 255 255 255 255 255 255 255 255 255 255 255 255 255 255 255 255 255 255 255 239 205 204 204 204 204 204 4 0 4 0 4 0 4 0 4 0 4 0 4 0 236 255 255 255 255 255 237 136 136 136 136 136 136 136 136 136 136 136 136 136 202 202 74 72 72 72 109 109 109 109 109 109 109 109 108 108 76 76 76 76 76 76 76 76 76 76 76 76 204 220 220 204 8 8 168 232 255 255 255 255 255 255 255 255 255 255 255 255 255 255 73 73 73 255 255 255 255 255 255 255 255 255 255 255 255 255 255 255 255 255 255 107 0 0 0 0 0 0 0 0 0 0 217 255 223 255 223 255 223 0 0 0 0 0 0 0 0 0 0 0 0 0 0 0 0 0 0 8 8 73 111 111 111 111 111 111 105 105 233 255 255 255 255 255 255 255 255 255 255 238 8 8 8 8 8 8 9 73 201 201 201 193 193 193 193 193 64 0 0 0
8 255 255 255 255 255 255 255 101 101 101 97 33 32 33 61 125 255 255 255 255 255 255 255 255 255 255 255 255 255 255 255 255 255 255 255 255 255 255 255 255 255 255 255 255 255 255 255 255 239 205 204 204 204 204 204 0 4 0 4 0 4 0 4 0 4 0 4 0 4 236 255 255 255 255 255 237 136 136 136 136 136 136 136 136 136 136 136 136 136 202 202 74 72 72 72 109 109 109 109 109 109 109 109 108 108 76 76 76 76 76 76 76 76 76 76 76 76 204 220 220 204 8 8 168 232 255 255 255 255 255 255 255 255 255 255 255 255 255 255 73 73 73 255 255 255 255 255 255 255 255 255 255 255 255 255 255 255 255 255 255 107 0 0 0 0 0 0 0 0 0 0 217 223 255 223 255 223 255 0 0 0 0 0 0 0 0 0 0 0 0 0 0 0 0 0 0 8 8 73 111 111 111 111 111 111 105 105 233 255 255 255 255 255 255 255 255 255 255 238 8 8 8 8 8 8 9 73 201 201 201 193 193 193 193 193 64 0 0 0
8 255 255 255 255 255 255 255 101 101 101 97 32 33 32 61 125 255 255 255 255 255 255 255 255 255 255 255 255 255 255 255 255 255 255 255 255 255 255 255 255 255 255 255 255 255 255 255 255 239 205 204 204 204 204 204 4 0 4 0 4 0 4 0 4 0 4 0 4 0 236 255 255 255 255 255 237 136 136 136 136 136 136 136 136 136 136 136 136 136 202 202 74 72 72 72 109 109 109 109 109 109 109 109 108 108 76 76 76 76 76 76 76 76 76 76 76 76 204 220 220 204 8 8 168 232 255 255 255 255 255 255 255 255 255 255 255 255 255 255 73 73 73 255 255 255 255 255 255 255 255 255 255 255 255 255 255 255 255 255 255 107 0 0 0 0 0 0 0 0 0 0 217 255 223 255 223 255 223 0 0 0 0 0 0 0 0 0 0 0 0 0 0 0 0 0 0 8 8 73 111 111 111 111 111 111 105 105 233 255 255 255 255 255 255 255 255 255 255 238 8 8 8 8 8 8 9 73 201 201 201 193 193 193 193 193 64 0 0 0
8 255 255 255 255 255 255 255 101 101 101 97 33 32 33 61 125 255 255 255 255 255 255 255 255 255 255 255 255 255 255 255 255 255 255 255 255 255 255 255 255 255 255 255 255 255 255 255 255 239 205 204 204 204 204 204 0 4 0 4 0 4 0 4 0 4 0 4 0 4 236 255 255 255 255 255 237 136 136 136 136 136 136 136 136 136 136 136 136 136 202 202 74 72 72 72 109 109 109 109 109 109 109 109 108 108 76 76 76 76 76 76 76 76 76 76 76 76 204 220 220 204 8 8 168 232 255 255 255 255 255 255 255 255 255 255 255 255 255 255 73 73 73 255 255 255 255 255 255 255 255 255 255 255 255 255 255 255 255 255 255 107 0 0 0 0 0 0 0 0 0 0 217 223 255 223 255 223 255 0 0 0 0 0 0 0 0 0 0 0 0 0 0 0 0 0 0 8 8 73 111 111 111 111 111 111 105 105 233 255 255 255 255 255 255 255 255 255 255 238 8 8 8 8 8 8 9 73 201 201 201 193 193 193 193 193 64 0 0 0
8 255 255 255 255 255 255 255 101 101 101 97 32 33 32 61 125 255 255 255 255 255 255 255 255 255 255 255 255 255 255 255 255 255 255 255 255 255 255 255 255 255 255 255 255 255 255 255 255 239 205 204 204 204 204 204 4 0 4 0 4 0 4 0 4 0 4 0 4 0 236 255 255 255 255 255 237 136 136 136 136 136 136 136 136 136 136 136 136 136 202 202 74 72 72 72 109 109 109 109 109 109 109 109 108 108 76 76 76 76 76 76 76 76 76 76 76 76 204 220 220 204 8 8 168 232 255 255 255 255 255 255 255 255 255 255 255 255 255 255 73 73 73 255 255 255 255 255 255 255 255 255 255 255 255 255 255 255 255 255 255 107 0 0 0 0 0 0 0 0 0 0 217 255 223 255 223 255 223 0 0 0 0 0 0 0 0 0 0 0 0 0 0 0 0 0 0 8 8 73 111 111 111 111 111 111 105 105 233 255 255 255 255 255 255 255 255 255 255 238 8 8 8 8 8 8 9 73 201 201 201 193 193 193 193 193 64 0 0 0
8 255 255 255 255 255 255 255 101 101 101 97 33 32 33 61 125 255 255 255 255 255 255 255 255 255 255 255 255 255 255 255 255 255 255 255 255 255 255 255 255 255 255 255 255 255 255 255 255 239 205 204 204 204 204 204 0 4 0 4 0 4 0 4 0 4 0 4 0 4 236 255 255 255 255 255 237 136 136 136 136 136 136 136 136 136 136 136 136 136 202 202 74 72 72 72 109 109 109 109 109 109 109 109 108 108 76 76 76 76 76 76 76 76 76 76 76 76 204 220 220 204 8 8 168 232 255 255 255 255 255 255 255 255 255 255 255 255 255 255 73 73 73 255 255 255 255 255 255 255 255 255 255 255 255 255 255 255 255 255 255 107 0 0 0 0 0 0 0 0 0 0 217 223 255 223 255 223 255 0 0 0 0 0 0 0 0 0 0 0 0 0 0 0 0 0 0 8 8 73 111 111 111 111 111 111 105 105 233 255 255 255 255 255 255 255 255 255 255 238 8 8 8 8 8 8 9 73 201 201 201 193 193 193 193 193 64 0 0 0
8 255 255 255 255 255 255 255 101 101 101 97 32 33 32 61 125 255 255 255 255 255 255 255 255 255 255 255 255 255 255 255 255 255 255 255 255 255 255 255 255 255 255 255 255 255 255 255 255 239 205 204 204 204 204 204 4 0 4 0 4 0 4 0 4 0 4 0 4 0 236 255 255 255 255 255 237 136 136 136 136 136 136 136 136 136 136 136 136 136 202 202 74 72 72 72 109 109 109 109 109 109 109 109 108 108 76 76 76 76 76 76 76 76 76 76 76 76 204 220 220 204 8 8 168 232 255 255 255 255 255 255 255 255 255 255 255 255 255 255 73 73 73 255 255 255 255 255 255 255 255 255 255 255 255 255 255 255 255 255 255 107 0 0 0 0 0 0 0 0 0 0 217 255 223 255 223 255 223 0 0 0 0 0 0 0 0 0 0 0 0 0 0 0 0 0 0 8 8 73 111 111 111 111 111 111 105 105 233 255 255 255 255 255 255 255 255 255 255 238 8 8 8 8 8 8 9 73 201 201 201 193 193 193 193 193 64 0 0 0
8 255 255 255 255 255 255 255 101 101 101 97 33 32 33 61 125 255 255 255 255 255 255 255 255 255 255 255 255 255 255 255 255 255 255 255 255 255 255 255 255 255 255 255 255 255 255 255 255 239 205 204 204 204 204 204 0 4 0 4 0 4 0 4 0 4 0 4 0 4 236 255 255 255 255 255 237 136 136 136 136 136 136 136 136 136 136 136 136 136 202 202 74 72 72 72 109 109 109 109 109 109 109 109 108 108 76 76 76 76 76 76 76 76 76 76 76 76 204 220 220 204 8 8 168 232 255 255 255 255 255 255 255 255 255 255 255 255 255 255 73 73 73 255 255 255 255 255 255 255 255 255 255 255 255 255 255 255 255 255 255 107 0 0 0 0 0 0 0 0 0 0 217 223 255 223 255 223 255 0 0 0 0 0 0 0 0 0 0 0 0 0 0 0 0 0 0 8 8 73 111 111 111 111 111 111 105 105 233 255 255 255 255 255 255 255 255 255 255 238 8 8 8 8 8 8 9 73 201 201 201 193 193 193 193 193 64 0 0 0
8 255 255 255 255 255 255 255 101 101 101 97 32 33 32 61 125 255 255 255 255 255 255 255 255 255 255 255 255 255 255 255 255 255 255 255 255 255 255 255 255 255 255 255 255 255 255 255 255 239 205 204 204 204 204 204 4 0 4 0 4 0 4 0 4 0 4 0 4 0 236 255 255 255 255 255 237 136 136 136 136 136 136 136 136 136 136 136 136 136 202 202 74 72 72 72 109 109 109 109 109 109 109 109 108 108 76 76 76 76 76 76 76 76 76 76 76 76 204 220 220 204 8 8 168 232 255 255 255 255 255 255 255 255 255 255 255 255 255 255 73 73 73 255 255 255 255 255 255 255 255 255 255 255 255 255 255 255 255 255 255 107 0 0 0 0 0 0 0 0 0 0 217 255 223 255 223 255 223 0 0 0 0 0 0 0 0 0 0 0 0 0 0 0 0 0 0 8 8 73 111 111 111 111 111 111 105 105 233 255 255 255 255 255 255 255 255 255 255 238 8 8 8 8 8 8 9 73 201 201 201 193 193 193 193 193 64 0 0 0
8 255 255 255 255 255 255 255 101 101 101 97 33 32 33 61 125 255 255 255 255 255 255 255 255 255 255 255 255 255 255 255 255 255 255 255 255 255 255 255 255 255 255 255 255 255 255 255 255 239 205 204 204 204 204 204 0 4 0 4 0 4 0 4 0 4 0 4 0 4 236 255 255 255 255 255 237 136 136 136 136 136 136 136 136 136 136 136 136 136 202 202 74 72 72 72 109 109 109 109 109 109 109 109 108 108 76 76 76 76 76 76 76 76 76 76 76 76 204 220 220 204 8 8 168 232 255 255 255 255 255 255 255 255 255 255 255 255 255 255 73 73 73 255 255 255 255 255 255 255 255 255 255 255 255 255 255 255 255 255 255 107 0 0 0 0 0 0 0 0 0 0 217 223 255 223 255 223 255 0 0 0 0 0 0 0 0 0 0 0 0 0 0 0 0 0 0 8 8 73 111 111 111 111 111 111 105 105 233 255 255 255 255 255 255 255 255 255 255 238 8 8 8 8 8 8 9 73 201 201 201 193 193 193 193 193 64 0 0 0
8 255 255 255 255 255 255 255 101 101 101 97 32 33 32 61 125 255 255 255 255 255 255 255 255 255 255 255 255 255 255 255 255 255 255 255 255 255 255 255 255 255 255 255 255 255 255 255 255 239 205 204 204 204 204 204 4 0 4 0 4 0 4 0 4 0 4 0 4 0 236 255 255 255 255 255 237 136 136 136 136 136 136 136 136 136 136 136 136 136 202 202 74 72 72 72 109 109 109 109 109 109 109 109 108 108 76 76 76 76 76 76 76 76 76 76 76 76 204 220 220 204 8 8 168 232 255 255 255 255 255 255 255 255 255 255 255 255 255 255 73 73 73 255 255 255 255 255 255 255 255 255 255 255 255 255 255 255 255 255 255 107 0 0 0 0 0 0 0 0 0 0 217 255 223 255 223 255 223 0 0 0 0 0 0 0 0 0 0 0 0 0 0 0 0 0 0 8 8 73 111 111 111 111 111 111 105 105 233 255 255 255 255 255 255 255 255 255 255 238 8 8 8 8 8 8 9 73 201 201 201 193 193 193 193 193 64 0 0 0
8 255 255 255 255 255 255 255 101 101 101 97 33 32 33 61 125 255 255 255 255 255 255 255 255 255 255 255 255 255 255 255 255 255 255 255 255 255 255 255 255 255 255 255 255 255 255 255 255 239 205 204 204 204 204 204 0 4 0 4 0 4 0 4 0 4 0 4 0 4 236 255 255 255 255 255 237 136 136 136 136 136 136 136 136 136 136 136 136 136 202 202 74 72 72 72 109 109 109 109 109 109 109 109 108 108 76 76 76 76 76 76 76 76 76 76 76 76 204 220 220 204 8 8 168 232 255 255 255 255 255 255 255 255 255 255 255 255 255 255 73 73 73 255 255 255 255 255 255 255 255 255 255 255 255 255 255 255 255 255 255 107 0 0 0 0 0 0 0 0 0 0 217 223 255 223 255 223 255 0 0 0 0 0 0 0 0 0 0 0 0 0 0 0 0 0 0 8 8 73 111 111 111 111 111 111 105 105 233 255 255 255 255 255 255 255 255 255 255 238 8 8 8 8 8 8 9 73 201 201 201 193 193 193 193 193 64 0 0 0
8 255 255 255 255 255 255 255 101 101 101 97 32 33 32 61 125 255 255 255 255 255 255 255 255 255 255 255 255 255 255 255 255 255 255 255 255 255 255 255 255 255 255 255 255 255 255 255 255 239 205 204 204 204 204 204 4 0 4 0 4 0 4 0 4 0 4 0 4 0 236 255 255 255 255 255 237 136 136 136 136 136 136 136 136 136 136 136 136 136 202 202 74 72 72 72 109 109 109 109 109 109 109 109 108 108 76 76 76 76 76 76 76 76 76 76 76 76 204 220 220 204 8 8 168 232 255 255 255 255 255 255 255 255 255 255 255 255 255 255 73 73 73 255 255 255 255 255 255 255 255 255 255 255 255 255 255 255 255 255 255 107 0 0 0 0 0 0 0 0 0 0 217 255 223 255 223 255 223 0 0 0 0 0 0 0 0 0 0 0 0 0 0 0 0 0 0 8 8 73 111 111 111 111 111 111 105 105 233 255 255 255 255 255 255 255 255 255 255 238 8 8 8 8 8 8 9 73 201 201 201 193 193 193 193 193 64 0 0 0
8 255 255 255 255 255 255 255 101 101 101 97 33 32 33 61 125 255 255 255 255 255 255 255 255 255 255 255 255 255 255 255 255 255 255 255 255 255 255 255 255 255 255 255 255 255 255 255 255 239 205 204 204 204 204 204 0 4 0 4 0 4 0 4 0 4 0 4 0 4 236 255 255 255 255 255 237 136 136 136 136 136 136 136 136 136 136 136 136 136 202 202 74 72 72 72 109 109 109 109 109 109 109 109 108 108 76 76 76 76 76 76 76 76 76 76 76 76 204 220 220 204 8 8 168 232 255 255 255 255 255 255 255 255 255 255 255 255 255 255 73 73 73 255 255 255 255 255 255 255 255 255 255 255 255 255 255 255 255 255 255 107 0 0 0 0 0 0 0 0 0 0 217 223 255 223 255 223 255 0 0 0 0 0 0 0 0 0 0 0 0 0 0 0 0 0 0 8 8 73 111 111 111 111 111 111 105 105 233 255 255 255 255 255 255 255 255 255 255 238 8 8 8 8 8 8 9 73 201 201 201 193 193 193 193 193 64 0 0 0
8 255 255 255 255 255 255 255 101 101 101 97 32 33 32 61 125 255 255 255 255 255 255 255 255 255 255 255 255 255 255 255 255 255 255 255 255 255 255 255 255 255 255 255 255 255 255 255 255 239 205 204 204 204 204 204 4 0 4 0 4 0 4 0 4 0 4 0 4 0 236 255 255 255 255 255 237 136 136 136 136 136 136 136 136 136 136 136 136 136 202 202 74 72 72 72 109 109 109 109 109 109 109 109 108 108 76 76 76 76 76 76 76 76 76 76 76 76 204 220 220 204 8 8 168 232 255 255 255 255 255 255 255 255 255 255 255 255 255 255 73 73 73 255 255 255 255 255 255 255 255 255 255 255 255 255 255 255 255 255 255 107 0 0 0 0 0 0 0 0 0 0 217 255 223 255 223 255 223 0 0 0 0 0 0 0 0 0 0 0 0 0 0 0 0 0 0 8 8 73 111 111 111 111 111 111 105 105 233 255 255 255 255 255 255 255 255 255 255 238 8 8 8 8 8 8 9 73 201 201 201 193 193 193 193 193 64 0 0 0
8 255 255 255 255 255 255 255 101 101 101 97 33 32 33 61 125 255 255 255 255 255 255 255 255 255 255 255 255 255 255 255 255 255 255 255 255 255 255 255 255 255 255 255 255 255 255 255 255 239 205 204 204 204 204 204 0 4 0 4 0 4 0 4 0 4 0 4 0 4 236 255 255 255 255 255 237 136 136 136 136 136 136 136 136 136 136 136 136 136 202 202 74 72 72 72 109 109 109 109 109 109 109 109 108 108 76 76 76 76 76 76 76 76 76 76 76 76 204 220 220 204 8 8 168 232 255 255 255 255 255 255 255 255 255 255 255 255 255 255 73 73 73 255 255 255 255 255 255 255 255 255 255 255 255 255 255 255 255 255 255 107 0 0 0 0 0 0 0 0 0 0 217 223 255 223 255 223 255 0 0 0 0 0 0 0 0 0 0 0 0 0 0 0 0 0 0 8 8 73 111 111 111 111 111 111 105 105 233 255 255 255 255 255 255 255 255 255 255 238 8 8 8 8 8 8 9 73 201 201 201 193 193 193 193 193 64 0 0 0
