67 42 203 255 31 27 126 190 23 237 113 97 109 38 173 99 116 28 221 26 94 195 27 82 122 241 80 27 17 236 90 150 55 216 18 213 184 164 248 151 111 124 21 19 99 108 66 107 253 50 135 99 140 76 202 183 56 163 44 53 101 166 208 77 141 243 224 81 130 110 86 251 84 223 216 26 245 79 164 57 186 9 191 171 51 188 149 136 203 10 194 24 211 72 200 3 26 109 109 214 112 130 93 10 45 30 48 91 63 61 134 106 59 196 39 76 29 52 205 206 26 84 183 226 135 46 168 238 104 187 95 125 168 180 83 89 54 216 125 3 18 68 54 7 194 139 43 171 250 114 84 205 87 242 249 99 216 71 202 60 217 183 40 214 47 97 134 176 113 164 48 80 29 75 218 215 99 127 245 164 164 147 171 230 170 93 58 209 166 106 48 229 130 180 32 113 144 56 111 140 14 73 251 3 111 111 15 97 152 234 110 110 145 96 249 92 252 155 174 166 14 83 125 130 40 21 195 79 137 80 14 197 159 233 24 34 84 89 56 147
40 203 255 223 251 126 191 87 236 117 237 97 101 173 35 53 98 124 28 223 219 90 210 59 243 122 249 81 10 88 254 123 216 119 221 18 229 184 180 104 95 127 120 101 15 98 105 255 123 205 98 175 12 140 255 76 167 44 37 60 37 80 166 205 193 141 249 96 108 70 239 86 251 220 223 245 26 229 25 188 9 187 171 51 172 149 168 137 138 194 26 210 24 200 72 24 109 109 109 109 214 29 138 45 14 49 30 63 125 6 104 59 196 35 76 13 84 15 204 222 212 26 64 167 42 168 174 232 234 95 255 127 180 8 188 67 217 126 217 144 69 26 69 194 43 43 43 250 251 252 114 85 237 95 115 249 99 200 126 218 189 72 150 41 97 39 48 134 176 48 132 48 73 203 223 250 95 231 127 164 128 44 230 170 93 186 213 58 72 54 106 32 180 2 48 32 113 168 172 14 73 75 75 111 111 111 105 25 233 238 110 255 110 145 120 252 220 238 166 14 83 46 83 42 0 40 15 203 64 137 197 15 233 153 225 84 34 92 81 40
9 255 223 223 255 255 87 175 119 236 101 101 97 35 21 34 60 126 124 223 159 219 123 243 59 251 123 249 88 26 91 254 123 216 119 237 16 245 40 124 127 127 127 104 98 11 107 123 255 107 205 28 140 140 204 239 12 37 44 37 16 37 73 197 205 201 229 104 100 237 86 239 222 255 245 223 229 24 252 137 185 171 51 172 149 168 137 136 194 154 210 26 202 72 72 72 109 109 109 109 109 202 37 142 49 14 63 125 63 40 43 196 35 76 13 68 9 204 206 220 222 196 2 8 168 170 232 234 255 255 127 255 75 180 0 152 91 217 254 73 16 69 2 105 43 43 250 251 254 251 252 114 93 255 223 115 233 106 218 255 74 156 105 97 33 52 7 48 6 128 48 132 73 223 251 215 255 95 231 0 36 164 46 93 186 213 186 205 58 72 34 32 0 48 2 48 32 168 12 73 75 75 111 111 111 47 105 105 233 238 255 110 255 110 249 252 252 238 14 83 46 83 46 0 40 8 203 75 201 193 137 233 137 225 145 225 92 114 92 0
9 223 255 223 255 255 191 119 175 101 100 101 97 21 34 28 62 124 62 253 203 255 251 123 187 91 251 122 249 91 190 123 254 123 216 117 236 16 124 124 127 127 126 106 105 107 123 255 122 238 77 205 140 140 204 204 37 12 37 4 37 2 69 73 205 205 201 100 104 100 237 222 255 223 191 245 217 245 152 185 41 51 172 149 168 137 168 132 152 210 154 200 74 72 72 72 109 109 109 109 109 109 138 49 142 63 121 59 104 43 196 35 78 13 68 13 76 204 220 222 220 198 8 8 168 232 234 255 239 255 255 127 255 75 144 24 217 219 217 88 73 0 105 43 43 250 251 238 123 254 251 125 127 223 255 221 107 248 251 218 222 74 105 97 96 1 48 7 128 0 192 16 205 251 223 251 215 127 71 36 0 36 93 62 213 186 205 170 205 42 0 0 32 0 48 2 36 8 9 73 75 111 111 103 47 105 105 105 233 255 238 254 110 255 254 253 252 238 83 46 83 46 4 40 8 8 203 203 201 201 201 137 225 129 225 145 241 92 122 0
9 255 223 255 255 255 119 191 101 37 101 100 101 96 28 62 124 62 253 255 255 251 255 251 91 251 123 251 123 254 123 254 123 254 123 216 116 236 124 124 127 127 127 107 107 107 255 123 255 111 205 205 132 140 196 204 12 37 20 37 0 69 0 77 205 205 205 72 100 104 236 255 223 255 245 191 245 217 253 41 49 172 149 168 137 168 128 136 148 152 136 202 72 8 200 72 109 109 109 109 109 109 49 138 63 249 63 104 43 228 99 76 15 196 13 76 92 204 220 220 222 204 8 8 169 232 191 239 255 255 255 255 119 219 75 152 217 217 219 217 72 73 41 43 250 251 254 251 254 250 255 255 255 255 223 255 249 123 250 255 218 107 105 97 97 34 1 128 0 128 4 192 217 223 251 221 251 215 103 128 36 2 60 213 30 237 168 205 170 0 0 0 0 32 2 37 128 8 41 105 47 111 111 111 104 105 105 105 233 239 254 238 253 126 254 254 253 223 238 83 46 4 42 8 8 8 203 203 201 201 201 193 129 225 129 225 145 249 92 0
9 223 251 255 255 255 255 101 37 101 37 101 100 100 126 124 62 253 255 255 255 255 251 255 251 123 251 123 255 123 254 123 254 123 254 123 216 124 252 124 127 127 123 107 107 127 123 255 95 239 205 201 140 132 140 204 36 4 37 0 133 0 69 205 205 205 205 108 72 44 236 255 255 255 191 245 191 221 249 49 40 149 168 137 168 192 136 128 136 140 136 200 72 72 72 72 109 109 109 109 109 109 76 63 249 63 248 43 228 35 108 79 196 13 76 76 76 220 220 220 220 204 8 40 168 169 239 255 255 255 255 253 255 127 219 219 217 217 217 203 9 72 41 250 251 254 251 254 251 255 255 251 255 255 255 255 223 251 255 250 255 107 105 97 97 1 64 8 128 0 128 1 217 251 223 251 223 251 199 36 0 60 22 60 237 172 205 168 0 0 0 0 0 16 37 0 0 8 41 41 111 111 111 111 121 105 105 105 233 255 235 255 246 255 254 255 255 255 223 230 4 42 8 8 8 8 202 201 201 201 137 193 193 129 225 129 225 217 249 2
9 251 239 247 127 239 255 101 101 37 101 37 100 100 60 126 253 255 251 255 223 223 255 251 255 123 59 255 123 223 59 254 123 254 123 252 123 252 92 252 119 127 127 107 123 123 255 127 255 207 205 205 164 140 140 140 4 36 0 5 0 5 0 197 205 205 205 76 108 108 228 255 239 239 245 63 221 255 253 232 17 40 169 168 128 136 144 136 136 136 136 200 72 72 72 72 109 109 109 109 109 109 109 249 63 248 63 100 35 108 111 204 77 76 76 76 76 220 212 220 220 204 8 40 168 169 255 255 255 251 255 255 255 255 255 219 219 217 217 201 72 11 104 187 254 251 254 251 255 255 255 191 253 255 255 255 255 254 251 255 251 107 105 97 97 68 0 0 0 128 1 128 217 223 251 223 251 221 227 4 36 20 60 46 172 197 172 64 0 2 0 2 64 0 0 0 0 8 41 41 111 111 111 127 107 107 105 105 233 235 255 191 255 254 255 255 191 255 255 198 34 8 8 8 10 8 201 201 201 201 193 129 193 193 129 225 161 249 217 0
9 239 253 239 255 239 239 101 101 101 37 102 36 100 124 253 255 254 255 255 191 223 255 255 249 255 239 123 255 123 254 123 254 91 254 123 252 127 252 124 252 127 127 123 123 255 127 255 255 207 205 205 132 140 140 4 4 0 20 0 5 0 5 0 205 221 201 76 108 108 108 239 239 255 239 221 255 253 255 249 232 41 168 160 136 128 136 136 136 136 136 216 72 72 72 74 109 109 109 109 109 109 101 125 248 63 228 39 108 110 236 77 92 76 92 76 76 220 220 220 220 204 8 40 168 169 255 255 191 255 255 255 255 255 251 255 219 203 217 201 73 108 43 254 251 254 251 255 255 255 255 189 255 255 255 255 239 255 255 251 255 107 121 97 97 64 0 0 0 0 128 1 217 251 222 251 223 251 197 32 4 36 44 172 132 172 64 64 0 0 2 64 0 0 128 2 8 8 41 41 111 111 127 111 107 107 105 105 233 255 255 239 255 255 247 254 255 127 255 230 136 12 40 8 8 8 201 201 201 201 193 193 129 193 193 129 225 249 249 0
9 245 239 247 239 239 239 97 101 101 100 36 100 36 124 253 255 191 255 255 223 255 255 255 254 255 255 255 123 255 123 254 123 254 59 254 123 252 127 220 124 253 127 127 255 127 255 255 255 206 205 205 140 140 4 4 0 4 0 4 16 5 128 5 205 205 205 76 124 108 108 239 247 239 255 255 189 255 253 255 233 168 160 136 136 136 136 136 136 136 136 200 72 72 72 109 109 109 45 109 109 109 109 125 125 228 39 108 110 236 108 76 77 92 76 76 78 220 220 212 220 204 8 40 168 169 255 191 223 127 255 255 255 253 255 251 253 219 203 201 73 105 254 251 254 219 255 255 239 255 255 255 253 255 255 239 255 255 255 255 251 123 107 97 97 64 1 0 0 0 64 128 217 223 123 223 251 223 225 4 40 6 44 132 172 16 32 96 0 0 64 4 0 0 0 8 8 8 41 41 111 127 111 111 107 107 104 105 233 255 255 251 255 255 255 255 255 255 254 238 12 8 8 8 8 8 201 201 201 201 193 193 193 129 193 193 129 249 249 32
1 9 247 239 239 238 239 101 97 101 100 100 36 100 124 253 255 247 127 255 255 255 255 255 255 255 191 253 255 123 255 123 190 123 126 123 254 127 252 127 252 61 255 255 123 255 255 251 255 207 205 237 140 4 4 0 4 0 4 0 4 1 5 128 205 205 205 76 100 108 108 127 239 255 255 255 255 253 255 249 233 160 136 136 136 136 136 136 136 136 136 200 200 104 72 109 109 125 109 109 109 109 108 125 125 101 108 110 236 108 108 76 76 77 76 76 220 222 220 220 220 204 8 40 168 169 191 223 255 247 255 255 255 191 255 255 251 255 203 201 73 105 251 254 251 253 255 255 255 255 255 255 255 255 255 251 255 255 255 255 255 251 107 97 97 65 0 0 4 64 0 64 217 251 223 251 223 251 197 32 4 44 36 44 1 172 0 32 0 0 0 16 0 0 1 8 8 8 41 41 127 111 111 111 43 107 105 105 233 127 255 254 251 255 191 255 255 255 255 238 8 8 8 8 8 9 201 201 201 201 193 193 193 201 129 193 193 249 249 32
8 1 41 239 237 231 239 97 101 97 102 100 100 52 124 253 247 255 255 223 255 254 255 255 127 255 253 255 255 255 123 255 123 254 123 222 127 254 127 252 127 253 247 255 255 255 255 255 191 207 205 205 4 6 0 68 0 4 0 4 4 36 0 5 205 205 205 76 76 108 108 239 255 255 255 127 255 255 189 255 233 136 152 136 136 136 136 140 136 136 136 200 200 72 104 109 109 109 109 109 109 45 109 125 125 109 108 236 108 108 44 76 92 92 76 78 220 220 222 220 220 204 8 56 168 41 223 255 254 255 255 255 255 239 251 255 255 251 203 217 73 105 239 251 255 247 255 255 255 255 255 255 247 254 255 255 255 255 255 255 255 254 107 97 97 65 2 0 0 0 64 0 217 223 235 223 251 159 225 4 32 36 44 0 44 0 32 0 0 16 64 64 0 0 0 8 8 8 41 41 111 47 111 111 107 106 105 107 105 255 223 255 255 255 251 255 255 127 191 238 8 10 8 8 8 9 201 137 201 201 209 192 193 193 193 137 193 249 249 2
0 8 41 173 239 237 103 101 97 101 96 100 100 100 124 253 253 255 255 255 255 251 247 127 251 255 251 255 127 255 255 123 223 123 246 127 254 127 254 127 253 255 253 247 255 255 191 255 207 207 205 205 4 0 20 64 4 32 4 0 4 0 4 0 141 205 205 76 76 108 108 223 255 255 255 255 255 255 239 253 233 136 136 136 136 136 136 136 136 168 136 200 200 72 104 109 109 109 109 109 109 105 109 121 125 109 108 108 108 108 12 108 92 92 68 156 222 220 220 220 220 204 8 40 40 137 255 127 255 255 255 255 255 247 255 255 255 251 219 203 73 105 251 255 255 255 255 223 127 255 255 255 255 251 251 255 255 255 255 255 239 255 107 97 96 65 0 0 0 0 0 64 217 251 223 251 223 225 133 32 4 32 0 44 0 32 0 0 128 0 0 64 0 64 0 8 8 8 41 41 47 47 107 111 107 107 107 105 107 127 191 255 255 247 255 239 255 255 236 172 10 8 136 8 8 9 137 201 201 201 201 193 192 193 193 192 137 249 249 0
0 8 41 173 237 239 101 101 101 97 100 112 100 116 124 253 253 255 255 239 255 255 251 255 247 251 253 239 251 255 239 255 107 255 123 254 127 254 127 255 255 253 255 125 255 191 191 255 207 206 221 205 16 4 0 4 0 6 0 4 16 4 0 4 141 205 205 76 76 108 108 255 255 255 255 255 255 247 255 239 233 136 136 140 136 137 168 136 136 136 136 200 200 72 104 109 109 109 109 109 109 109 105 125 125 111 108 108 108 108 108 76 124 92 92 212 220 158 220 220 220 196 8 40 8 169 255 127 255 255 255 127 255 255 254 247 251 255 251 203 73 105 255 255 223 255 127 255 255 255 255 251 251 255 255 255 255 255 254 255 255 239 107 99 97 64 0 0 0 0 0 8 217 223 251 223 251 197 96 4 36 0 32 0 40 16 0 0 0 16 0 32 64 0 0 8 8 8 41 41 47 107 110 107 107 107 107 107 127 255 255 255 255 255 255 254 255 255 236 8 8 8 8 8 8 9 137 201 201 201 201 192 193 224 193 193 233 249 185 0
0 136 41 173 237 237 101 101 101 101 96 100 112 100 124 253 221 255 255 255 255 255 255 255 255 255 255 255 239 255 255 239 255 123 255 119 254 127 255 255 255 255 253 239 255 255 251 253 207 219 207 221 205 4 4 0 4 0 4 0 4 0 4 0 141 205 204 12 76 108 108 255 127 255 251 255 255 251 223 239 233 136 136 136 136 136 136 136 136 136 136 200 200 72 104 109 109 109 109 109 108 109 109 125 125 109 108 108 110 108 108 108 92 124 220 92 220 220 222 220 220 204 8 8 40 169 255 255 255 255 255 255 255 127 255 254 255 235 255 203 105 121 255 255 255 255 255 255 255 251 255 255 255 255 255 255 255 255 255 255 255 239 107 99 97 64 0 0 0 0 0 8 217 251 223 251 159 225 68 32 0 34 0 32 16 40 0 2 0 0 0 4 0 8 0 8 24 8 41 41 107 111 106 107 107 107 107 127 255 255 255 255 255 255 255 255 255 255 236 8 136 9 8 8 8 9 137 201 201 201 201 193 192 193 192 193 233 249 64 1
0 8 169 173 109 237 101 101 101 101 100 96 100 112 124 252 125 255 191 239 255 255 255 253 255 255 239 255 255 255 255 255 255 127 127 255 127 255 255 255 255 255 255 255 255 255 255 239 223 143 159 207 201 4 0 4 0 4 0 4 0 4 0 4 133 205 204 76 76 108 108 127 255 255 255 127 255 253 255 239 233 136 136 136 136 136 136 136 136 136 136 200 200 72 104 109 109 109 109 45 108 108 111 125 125 109 108 108 100 108 108 108 124 92 124 220 220 220 220 222 220 204 8 8 42 41 223 255 239 239 255 255 255 255 127 253 255 127 235 235 105 57 255 255 255 255 255 239 255 255 255 255 255 255 239 255 255 255 255 255 255 175 107 99 97 64 0 64 0 0 0 8 217 223 251 223 225 133 96 0 32 1 32 0 32 0 0 0 0 0 0 0 0 2 24 8 8 8 41 41 111 107 107 107 107 107 127 255 255 255 255 255 255 255 255 254 255 223 236 136 136 8 8 8 12 11 137 201 201 201 201 193 193 192 193 192 233 233 65 1
0 12 169 45 237 109 101 101 101 101 100 100 96 100 126 124 221 254 239 251 127 255 127 255 255 255 255 191 255 255 127 255 127 255 255 127 255 255 255 255 255 255 253 255 255 223 255 127 238 159 207 207 205 16 4 0 4 16 4 0 4 0 4 1 4 205 204 108 76 108 108 255 255 255 255 255 255 251 255 231 233 136 136 136 136 136 136 136 136 136 136 200 200 72 104 109 109 109 109 108 108 108 125 127 125 111 108 108 108 108 108 110 124 124 92 124 220 220 220 220 222 204 8 8 41 11 255 255 239 255 255 255 255 255 255 255 255 255 235 235 105 57 255 255 239 255 255 223 253 255 247 255 255 255 191 254 239 255 255 255 254 107 107 99 97 64 64 0 8 0 0 8 217 251 222 235 197 96 0 34 0 48 0 32 0 0 0 0 0 0 0 0 0 152 10 9 8 8 41 41 107 106 107 107 106 127 255 255 255 255 255 191 251 223 255 239 255 255 204 136 12 8 10 8 24 137 137 201 201 200 201 193 225 193 196 193 233 249 65 0
0 8 45 173 109 109 101 101 101 101 100 100 100 96 124 118 252 255 255 255 255 111 127 223 247 253 191 255 255 255 255 127 255 255 255 254 255 255 255 255 255 255 255 255 255 255 255 255 255 111 207 207 205 205 4 4 0 5 0 4 0 4 2 4 1 204 140 76 108 100 108 247 255 255 255 255 191 239 255 239 233 137 136 136 136 136 168 136 136 136 168 200 200 72 104 109 109 109 109 108 108 108 127 125 127 109 108 108 108 108 108 124 126 126 124 92 252 220 220 220 220 204 12 8 9 255 191 255 255 255 255 255 255 254 255 255 255 255 235 235 105 121 254 255 255 255 255 255 255 247 255 191 255 255 254 255 253 255 255 251 255 107 107 99 97 64 192 0 16 0 32 8 217 223 251 207 225 64 32 0 32 0 96 0 0 0 0 0 0 0 64 0 16 8 9 8 136 8 41 41 107 107 107 107 127 255 255 255 253 223 255 251 251 255 255 247 255 223 204 12 8 8 8 8 8 137 137 201 201 201 201 193 193 192 193 192 233 233 65 2
0 8 45 45 109 109 103 101 101 101 100 100 100 100 116 252 254 255 254 127 255 127 255 251 223 255 255 191 255 247 255 254 255 255 255 255 251 255 255 255 251 254 255 255 255 255 255 253 255 239 207 207 205 221 4 0 4 0 4 0 4 0 4 0 4 140 76 76 110 108 100 108 191 127 251 255 239 255 239 239 233 137 152 137 136 136 136 136 136 136 136 200 200 72 104 109 105 125 109 108 108 108 125 95 61 109 108 108 108 108 108 124 126 126 126 124 220 252 220 156 220 204 8 8 9 183 255 255 191 255 253 255 255 253 255 251 255 255 235 235 105 57 255 255 255 255 255 255 254 255 255 255 255 255 255 127 255 255 255 255 251 107 107 99 97 72 66 0 0 0 16 8 217 249 223 235 193 96 0 32 0 32 128 32 0 0 0 0 0 0 16 0 0 8 8 8 8 8 41 41 107 107 107 95 251 255 255 255 255 255 255 255 223 255 247 255 239 255 204 12 8 8 8 8 8 137 137 201 200 201 201 193 192 193 192 193 233 233 65 0
128 8 45 45 109 109 101 101 101 101 100 100 100 100 100 252 255 254 255 255 127 247 254 223 255 255 255 255 255 255 255 255 255 255 255 255 255 255 251 255 255 255 255 239 255 254 127 239 255 239 207 203 205 205 0 4 0 4 0 4 0 4 4 4 0 140 12 76 108 108 108 108 127 127 127 127 255 239 239 239 233 152 137 136 136 136 136 136 136 136 136 200 200 72 104 104 109 109 109 108 108 108 125 125 111 109 108 108 108 108 108 124 126 126 126 126 252 220 244 220 220 204 8 8 1 73 255 255 255 255 255 247 247 255 239 255 253 255 233 233 105 121 255 255 255 247 255 255 239 191 254 255 255 255 255 255 255 255 255 255 255 107 107 99 97 68 66 0 0 0 0 24 217 217 251 203 97 64 32 0 32 0 32 0 0 0 0 0 32 0 0 0 4 8 8 8 8 12 41 41 107 107 111 251 255 127 255 247 255 255 255 255 191 255 191 255 255 239 196 8 9 8 10 8 8 137 137 201 201 201 201 225 201 192 193 192 233 233 65 0
0 8 45 45 109 109 117 101 101 101 100 116 100 116 100 252 254 255 255 254 255 123 239 251 255 255 255 255 255 255 191 255 223 191 127 255 255 223 254 127 255 255 255 223 191 255 255 255 239 239 207 207 205 205 4 0 4 0 4 0 68 2 4 128 5 12 12 76 108 108 108 108 127 127 63 255 255 239 239 239 249 233 152 136 136 136 136 136 136 136 136 232 200 72 104 104 109 109 109 108 108 108 125 125 109 109 108 108 108 108 108 124 126 126 126 246 254 252 220 252 212 204 8 0 8 73 223 255 255 255 255 255 255 239 253 255 255 249 233 233 105 121 251 255 251 255 255 255 255 254 239 255 223 255 255 255 255 255 255 255 255 107 107 99 97 96 64 1 32 128 0 24 217 217 217 235 65 96 0 48 0 32 0 0 0 0 0 0 0 0 0 2 0 8 8 136 8 8 41 41 107 107 251 255 255 255 254 255 191 255 255 255 255 191 255 255 247 239 204 8 136 136 8 8 8 137 153 201 201 201 201 201 193 193 192 193 233 233 193 0
0 8 45 45 109 109 45 101 101 101 100 100 116 100 116 252 255 255 247 254 255 254 251 253 255 255 255 223 255 251 255 255 253 111 255 255 255 255 191 255 255 255 255 255 255 255 255 255 239 239 207 207 204 205 0 4 0 36 0 4 0 4 0 4 2 12 13 78 108 108 108 108 127 127 255 223 255 239 239 247 239 249 233 168 136 136 140 136 136 136 136 200 200 72 108 104 101 109 109 108 108 124 125 125 109 109 108 110 108 108 108 124 126 126 254 110 126 254 252 220 252 204 0 8 8 73 255 223 255 255 127 255 254 255 255 247 255 255 233 233 105 121 255 187 255 254 127 127 255 255 191 253 127 253 255 255 255 255 255 223 223 107 107 99 97 96 72 64 0 0 8 24 153 153 217 201 99 64 32 8 32 0 2 0 0 0 4 64 0 0 128 128 0 24 8 8 8 8 41 43 107 251 255 223 255 255 254 255 255 255 255 255 255 254 255 255 255 239 204 136 136 8 8 10 8 137 137 201 137 201 233 201 193 193 193 192 169 105 193 0
0 8 45 45 109 45 101 37 101 101 116 100 100 116 100 252 255 255 255 255 126 247 255 255 127 255 255 255 191 223 255 254 255 255 255 255 254 255 255 255 255 254 255 251 255 255 255 255 239 111 207 205 205 204 4 16 4 0 4 0 4 0 4 0 12 12 12 108 108 44 108 110 127 255 255 255 223 239 255 239 255 235 233 136 168 136 136 168 136 136 136 200 200 72 104 108 104 109 105 108 108 116 61 125 125 109 108 108 108 108 108 124 126 254 126 126 254 222 252 244 220 204 8 8 8 73 159 255 254 223 255 127 251 255 254 255 255 191 233 105 105 121 251 191 255 255 255 255 247 253 253 255 253 255 255 247 255 255 255 255 191 107 107 99 97 96 64 192 0 64 8 28 153 153 217 201 64 96 1 32 32 0 0 0 0 0 2 0 0 0 0 0 0 8 8 10 8 8 41 107 251 255 254 255 255 255 247 255 255 255 223 255 255 251 223 255 255 239 204 136 8 8 8 10 8 137 137 137 201 200 201 201 193 193 193 193 107 233 65 0
16 8 45 45 45 101 53 101 37 103 101 100 100 100 116 252 255 255 255 255 255 126 255 253 255 255 255 251 223 255 251 255 223 255 255 255 255 255 255 255 255 255 239 255 251 255 255 255 238 239 207 205 221 204 0 4 0 4 0 20 0 4 0 4 12 12 12 108 108 108 108 127 255 255 255 255 255 255 239 255 231 235 233 168 136 136 136 136 136 137 136 200 200 104 106 104 108 105 109 108 108 108 125 125 125 109 108 108 108 108 100 126 254 126 254 254 254 254 254 252 252 204 8 8 8 9 255 255 255 255 255 191 255 255 255 255 255 233 233 105 105 121 255 255 191 255 255 255 255 223 253 253 191 255 255 255 255 239 255 247 107 107 107 99 97 96 64 64 64 0 8 24 157 153 217 201 64 64 32 0 0 0 0 1 0 0 0 0 0 0 0 128 8 8 8 8 8 40 41 251 247 255 253 127 255 255 255 255 255 255 223 255 254 255 255 251 255 239 204 8 8 8 10 8 40 137 169 137 201 201 201 201 193 193 193 193 169 105 65 0
32 24 37 45 37 37 101 37 101 37 101 100 100 100 100 252 247 127 191 254 127 255 255 255 255 255 251 255 255 254 255 255 251 223 251 255 191 255 255 254 255 255 255 255 251 255 255 255 239 239 207 141 205 236 4 0 4 4 4 0 4 0 4 0 12 12 12 108 108 108 108 127 255 255 255 255 255 255 191 239 239 171 169 137 136 136 136 136 136 136 136 136 200 104 104 108 104 101 109 108 108 108 121 117 125 109 108 108 108 108 108 254 126 222 254 246 222 254 246 254 220 204 8 8 9 9 255 255 255 255 255 255 127 253 255 255 247 233 233 107 105 121 255 254 255 255 255 239 255 255 255 253 255 255 255 127 251 254 255 255 107 107 107 99 97 96 64 64 80 8 8 24 153 157 217 201 68 64 8 0 0 0 0 0 0 0 0 8 0 1 1 32 8 10 8 8 8 40 41 255 251 251 255 255 191 255 254 255 255 255 255 254 247 255 255 223 255 238 204 8 40 8 8 40 12 169 137 137 201 201 201 201 193 193 193 193 105 105 65 0
0 32 8 37 37 37 37 101 37 101 37 100 100 100 100 244 252 255 254 255 255 255 255 223 255 247 255 251 255 255 255 255 255 251 255 255 253 223 255 255 255 247 191 255 255 239 255 255 239 239 207 205 205 204 0 4 0 4 0 4 0 4 0 6 12 12 12 108 108 108 108 253 255 255 255 223 255 255 239 231 239 169 137 136 136 136 152 168 136 136 137 152 200 104 104 104 108 104 111 108 44 108 125 121 125 109 110 108 108 108 108 126 190 254 254 254 252 254 238 254 254 204 8 8 9 9 255 255 255 255 239 253 255 191 255 255 191 233 233 105 105 121 223 255 255 253 255 255 255 255 255 255 255 255 255 255 239 255 255 239 107 107 107 99 113 96 64 64 192 8 10 24 153 153 221 201 64 64 0 128 32 64 0 0 0 0 0 0 2 0 2 0 8 8 8 8 8 40 57 251 255 255 255 255 255 247 239 255 255 255 255 255 254 191 255 255 247 238 220 8 8 8 8 8 40 137 137 137 201 201 201 201 193 193 209 193 105 105 97 0
0 32 32 0 37 37 37 37 101 37 100 36 100 100 100 100 252 254 223 247 251 255 255 255 255 255 255 255 255 255 127 255 255 255 255 255 255 255 255 255 253 255 255 255 255 255 255 255 239 239 207 205 205 204 4 0 4 0 4 0 4 4 4 8 4 12 12 108 108 108 108 253 223 255 255 255 223 255 239 239 239 137 136 136 136 136 136 136 136 136 136 137 200 106 104 104 104 108 44 108 108 108 125 124 61 101 108 108 108 108 44 254 254 254 254 254 254 254 254 190 254 204 8 8 9 9 255 255 239 255 254 255 255 127 255 255 233 233 233 105 105 121 255 255 191 255 255 255 255 255 239 255 255 255 255 255 255 255 255 235 107 107 107 115 99 100 64 80 64 8 24 26 153 153 217 201 64 64 0 0 0 0 64 0 64 0 1 0 0 2 0 0 8 40 8 8 8 40 57 255 255 255 255 255 255 255 255 255 255 255 255 255 255 253 255 255 255 254 238 8 8 8 8 8 8 137 137 137 233 201 201 201 193 193 193 193 41 105 97 4
1 32 0 32 0 37 37 37 37 100 36 100 36 100 100 100 252 223 254 159 255 255 254 255 191 254 191 251 255 255 255 255 127 255 251 251 191 253 255 247 255 254 255 255 255 255 255 255 175 239 207 197 221 204 0 6 32 132 0 4 4 4 0 4 8 12 12 108 108 108 108 253 255 255 255 255 255 255 239 239 239 136 136 136 136 136 136 136 168 136 136 136 200 104 104 106 104 108 108 108 108 108 124 125 101 45 108 108 108 108 108 222 254 254 254 246 254 254 254 254 254 204 12 8 9 9 254 255 255 253 127 223 255 255 255 191 233 233 233 105 105 121 255 253 255 255 255 239 255 247 223 253 255 255 254 255 255 223 255 235 107 107 123 107 103 96 64 64 64 8 24 153 155 153 217 201 64 80 0 0 0 0 0 64 8 0 0 0 0 0 0 0 8 8 8 10 8 40 57 255 223 255 127 255 253 255 191 255 255 251 255 255 191 255 255 255 255 251 238 8 8 8 8 8 8 137 153 137 233 201 201 200 193 201 193 193 105 105 97 0
0 0 32 0 32 0 37 37 36 36 100 36 100 36 100 100 252 254 223 127 254 255 255 255 254 191 123 255 255 255 191 255 255 255 239 255 253 255 255 255 191 127 255 255 127 255 255 255 239 239 207 205 205 204 4 32 5 0 4 8 4 0 4 2 12 12 12 108 108 100 108 253 255 255 223 223 191 127 239 239 239 136 136 136 136 136 136 136 136 136 136 136 200 104 104 104 104 108 108 108 108 108 124 125 109 108 108 108 108 108 108 222 126 254 254 238 254 254 252 238 254 204 8 8 9 8 255 255 255 255 255 253 255 254 247 233 233 233 233 105 104 121 245 255 251 255 255 255 255 255 255 251 255 223 255 255 255 255 255 235 107 123 107 111 99 96 64 68 64 8 24 153 153 155 217 201 64 64 32 0 0 0 1 0 0 0 0 0 0 0 0 0 8 24 8 8 8 40 57 255 255 251 255 253 239 255 255 255 127 255 255 255 255 255 251 255 223 253 170 8 8 8 8 8 8 137 137 137 201 201 201 201 200 193 193 193 105 105 97 0
0 0 0 32 0 32 0 36 37 36 36 100 36 100 36 100 220 247 255 255 255 223 255 254 255 123 253 251 255 255 255 255 223 247 255 223 223 247 255 255 127 255 251 255 255 255 255 255 239 239 203 221 205 204 64 4 0 4 0 4 0 4 0 12 12 12 12 108 108 108 124 253 255 191 255 127 127 255 239 239 239 136 136 136 136 136 136 136 136 136 136 136 200 104 104 104 104 108 108 108 44 108 124 125 109 108 108 100 108 108 108 118 190 254 254 252 254 254 254 254 238 204 8 8 8 9 239 247 127 255 255 255 255 255 254 233 233 169 233 105 105 121 121 254 255 255 223 255 255 255 255 255 251 191 255 239 255 255 254 235 123 107 111 107 99 96 64 64 64 8 24 153 153 217 219 217 64 66 0 8 64 0 0 0 0 1 0 128 0 8 0 4 24 8 8 10 136 56 57 255 191 255 255 255 255 255 255 254 255 251 255 255 254 191 255 255 255 255 8 8 8 8 136 8 8 137 137 137 201 233 201 201 201 192 193 193 105 121 113 0
0 0 0 0 32 0 32 0 37 36 36 52 102 37 100 36 244 220 255 255 255 255 255 255 255 127 251 255 255 255 255 255 255 223 255 255 255 223 191 255 251 255 253 255 239 253 127 251 239 239 223 207 205 204 68 64 4 0 4 0 4 128 4 12 12 12 4 108 108 108 124 253 223 255 255 254 255 255 238 239 239 136 136 136 136 136 136 136 136 136 136 136 200 104 104 104 104 108 108 108 108 108 60 125 109 108 108 108 108 108 108 236 254 246 254 254 254 254 254 254 238 236 8 8 8 11 255 239 247 255 255 255 251 255 255 233 233 249 233 105 105 121 121 255 255 255 255 255 255 255 255 223 255 223 255 255 239 255 127 251 235 111 107 107 99 96 64 64 64 8 24 153 153 217 217 219 64 64 0 64 0 8 0 0 0 0 64 16 32 0 128 64 12 8 8 136 8 184 57 191 255 127 254 255 255 255 255 223 255 255 223 255 255 255 253 255 255 255 8 12 8 8 8 8 8 137 137 137 201 201 201 201 201 193 192 193 105 121 121 0
0 16 0 0 64 32 32 32 0 37 36 100 37 100 36 100 100 252 253 255 255 127 223 255 127 223 255 255 254 247 255 255 255 255 255 253 255 255 255 255 255 255 255 255 255 255 255 255 235 255 239 207 205 204 68 68 0 4 2 4 0 4 1 12 12 4 12 108 108 108 124 253 255 127 255 255 254 191 239 239 175 137 136 136 136 136 136 136 136 136 136 136 200 104 104 104 40 108 100 108 108 108 124 125 109 108 108 108 108 108 108 236 254 254 254 254 126 254 254 254 238 228 8 8 8 255 239 255 239 255 253 255 255 255 253 232 233 233 233 105 105 121 120 254 255 255 255 255 255 239 255 253 223 255 255 255 255 255 255 255 239 107 107 107 99 96 64 192 96 8 25 153 153 217 217 217 64 64 64 0 1 0 0 0 0 0 0 66 1 0 0 8 8 12 8 8 136 56 185 254 255 255 255 255 255 255 255 255 255 255 255 255 255 255 255 255 255 253 12 12 9 8 8 8 8 137 137 137 201 201 201 201 201 201 193 192 105 121 121 1
0 0 0 0 0 0 32 0 32 0 36 36 102 36 100 38 100 252 253 255 255 191 255 255 255 255 255 251 255 254 254 255 255 255 127 255 255 255 251 255 127 255 253 255 255 255 255 255 255 239 239 207 237 204 68 68 4 0 4 0 4 0 4 12 4 12 4 108 108 108 124 253 255 255 255 255 253 239 239 239 137 136 136 140 136 136 136 136 136 136 136 136 200 104 104 104 40 108 108 108 108 108 124 117 109 108 108 100 108 108 108 236 254 254 190 238 254 254 254 254 238 236 8 8 136 239 255 239 255 255 255 255 255 255 255 233 233 233 233 105 107 121 121 255 255 255 255 255 255 255 255 255 255 255 255 253 255 247 255 255 231 107 107 107 99 96 96 80 64 8 25 153 153 217 217 217 64 64 64 128 0 0 0 0 2 0 0 1 0 0 64 8 8 8 8 8 8 184 184 255 255 255 255 251 255 239 247 255 127 253 251 255 255 255 255 251 255 239 12 8 8 8 8 8 8 137 137 137 201 201 201 201 201 201 193 193 41 121 121 0
0 0 2 0 0 128 0 40 0 32 0 36 100 100 36 100 36 252 189 255 255 251 127 191 255 255 239 255 255 255 255 251 255 247 255 255 247 255 255 255 255 223 255 255 254 255 191 255 255 239 239 239 205 204 68 68 16 5 1 4 0 4 32 4 12 4 12 108 100 108 124 253 255 255 255 127 255 239 235 175 136 140 136 136 136 136 136 136 136 136 136 152 200 40 104 104 104 108 108 108 108 108 124 124 109 108 108 108 108 108 108 236 254 254 230 254 254 254 254 238 238 236 8 8 136 255 239 127 251 255 255 247 239 247 255 233 232 233 233 105 121 123 121 255 255 255 255 255 223 255 253 247 255 255 255 255 255 254 255 255 238 107 107 107 99 96 96 96 64 10 25 153 153 217 217 217 64 64 64 0 0 0 1 0 32 0 0 128 8 8 0 8 8 8 24 8 8 184 184 255 255 255 223 253 255 247 111 255 239 223 254 255 255 255 255 255 255 239 9 8 8 136 24 8 10 137 137 137 201 201 201 201 201 201 209 192 105 121 121 0
0 128 0 0 2 0 0 0 32 0 34 0 36 100 100 36 100 188 253 255 255 255 255 254 255 255 255 255 255 255 255 247 191 255 255 255 255 255 255 191 255 127 255 255 255 255 255 247 255 239 239 239 205 204 68 68 68 4 4 0 4 32 4 0 4 12 12 108 108 108 124 253 223 223 255 255 255 238 239 136 140 136 136 136 152 136 136 140 136 136 136 140 136 104 104 104 104 108 108 108 108 108 124 124 108 108 100 108 108 108 108 236 252 254 254 254 254 254 254 238 238 172 8 8 136 239 255 255 255 255 255 223 119 239 191 233 233 233 233 105 121 121 123 255 255 255 255 255 255 255 255 253 247 191 255 255 255 255 253 255 239 107 107 107 99 96 96 96 64 25 27 153 153 217 217 217 64 64 64 4 0 0 2 0 0 0 0 0 8 0 8 12 8 8 8 8 8 184 184 255 255 255 255 255 251 255 255 239 255 255 255 239 255 255 247 255 223 239 8 8 8 40 136 8 137 137 137 137 201 201 201 201 201 201 201 193 104 121 121 0
0 0 0 0 0 0 0 32 0 32 0 32 0 36 100 100 100 252 253 127 255 255 255 255 251 255 255 255 255 255 255 255 255 255 255 255 255 255 255 191 247 255 255 255 255 255 255 255 239 239 239 237 141 196 68 68 70 4 0 4 0 20 0 5 0 12 12 108 108 108 92 252 255 255 255 247 255 238 238 140 136 136 136 136 136 136 136 136 168 136 136 136 8 104 104 40 104 108 108 108 108 108 124 124 108 124 108 124 108 108 108 236 252 254 254 254 190 254 254 238 238 8 8 8 136 223 255 127 255 191 255 253 223 255 233 233 233 233 233 105 121 121 255 255 255 254 255 255 255 255 255 251 253 255 251 254 255 255 247 255 239 107 107 107 99 96 96 96 64 89 153 155 153 217 153 217 64 64 64 0 0 64 0 0 4 0 16 0 0 12 8 8 8 8 8 8 8 184 184 255 255 254 191 191 255 127 127 255 255 255 255 255 223 255 255 255 255 207 8 8 8 8 8 136 137 153 137 137 201 201 201 233 201 217 201 201 105 121 121 0
2 0 0 0 4 0 0 0 32 0 32 2 32 0 38 100 100 252 253 255 253 255 255 255 255 255 255 255 255 255 255 255 255 255 255 255 255 191 255 245 191 255 239 191 255 255 255 255 239 238 239 237 196 132 68 68 68 4 4 0 68 0 36 4 4 12 12 108 108 108 124 252 255 255 255 255 255 238 238 168 136 136 140 136 136 136 136 136 137 136 136 136 136 104 104 104 40 124 108 108 108 108 124 124 124 108 124 108 108 108 108 236 252 254 254 254 254 254 254 238 238 8 8 8 136 255 247 255 253 254 255 255 255 255 233 233 233 233 233 105 121 89 255 255 247 247 255 255 255 255 127 255 255 255 255 255 255 255 255 254 239 107 107 107 99 96 96 96 64 89 217 153 155 153 217 217 64 64 72 0 0 0 0 0 0 16 64 0 0 8 8 8 8 8 8 8 8 184 184 255 255 255 255 255 255 255 255 127 255 255 251 255 253 255 223 254 255 207 8 8 8 8 8 136 137 169 169 137 201 201 201 201 201 201 201 201 105 121 121 0
1 0 0 0 16 0 0 4 0 32 0 32 0 32 64 36 100 252 252 253 255 255 255 255 255 127 255 255 255 255 255 255 255 127 255 255 255 223 255 239 251 239 255 255 255 255 254 255 237 231 239 237 196 100 4 68 68 5 0 4 0 4 0 36 4 140 12 108 108 108 124 252 255 255 255 255 255 236 238 136 140 136 136 168 136 136 136 136 136 136 136 136 12 104 104 120 104 108 110 108 110 108 124 124 124 124 108 124 100 108 108 236 252 222 254 254 254 246 254 238 236 8 8 8 137 255 251 247 239 251 255 255 255 255 233 233 233 233 233 105 121 121 255 255 255 255 255 255 127 253 255 255 255 255 255 255 255 255 255 255 235 107 107 107 99 96 100 98 64 89 217 216 153 155 217 217 64 64 64 0 1 0 0 0 0 0 128 0 64 10 9 8 8 8 10 10 8 184 184 255 255 255 255 255 251 255 255 239 255 255 255 255 255 255 255 253 253 207 8 8 12 8 8 136 153 169 137 137 201 201 201 201 201 201 201 201 105 121 121 0
128 2 0 0 0 0 0 64 0 0 32 4 32 0 32 68 36 252 252 253 247 255 255 255 223 255 255 255 255 255 255 255 255 255 247 255 255 255 255 255 239 255 255 255 255 251 255 255 239 237 238 237 228 68 68 36 196 0 4 0 132 0 4 0 4 12 12 108 108 108 116 252 255 255 255 247 255 238 236 140 136 136 136 136 136 168 136 136 136 137 140 8 8 104 104 104 104 108 108 110 108 108 124 92 92 116 126 108 108 108 108 236 252 254 126 254 254 254 254 238 236 8 8 24 169 251 255 249 255 255 255 223 255 255 233 233 233 233 233 105 121 123 255 255 255 255 255 251 255 255 255 255 255 255 255 255 255 255 239 239 235 107 107 107 99 96 96 96 64 89 217 217 217 217 219 217 64 64 96 0 0 1 0 16 0 1 0 0 0 9 8 10 8 8 10 8 9 184 184 255 255 255 255 127 255 255 255 255 255 255 255 255 255 254 255 255 253 205 8 8 8 8 8 136 137 137 137 137 201 201 201 201 201 201 200 201 105 121 57 128
0 0 0 0 0 0 0 0 0 0 0 32 0 36 0 32 68 252 244 253 221 255 191 253 255 127 255 255 255 255 255 255 247 255 255 255 255 253 255 253 255 255 255 255 255 255 247 253 239 239 237 236 228 68 68 68 4 20 8 4 0 4 2 132 64 12 4 108 108 108 108 252 255 255 239 255 255 238 236 136 140 136 136 136 136 136 136 168 136 136 8 8 40 104 104 104 104 108 108 108 108 108 124 124 92 94 124 108 108 108 108 236 252 254 254 190 254 254 254 238 236 8 8 8 185 255 251 255 255 255 255 255 255 191 233 233 169 233 233 121 89 255 255 247 255 255 255 253 255 255 255 255 255 253 253 255 255 239 239 239 234 107 107 107 99 96 96 96 64 89 217 217 217 217 153 219 64 72 64 32 2 0 2 0 0 0 0 0 2 8 8 8 12 8 8 8 8 185 184 239 251 255 191 223 255 255 255 255 247 255 255 255 255 255 255 255 255 205 8 136 8 8 8 136 137 137 137 137 217 233 201 201 201 201 137 201 105 121 64 0
0 0 16 0 32 0 0 0 0 0 16 0 32 0 32 32 32 244 252 253 253 255 252 255 255 255 255 255 255 255 255 255 247 255 255 254 255 255 253 255 191 254 255 255 255 253 255 255 239 239 237 236 228 70 196 100 132 0 68 0 4 0 132 0 4 4 13 108 108 108 108 252 255 127 127 255 255 174 236 140 136 140 136 136 136 136 136 136 136 8 8 8 56 104 104 104 104 108 108 124 108 108 124 124 124 124 126 108 124 124 108 236 252 254 254 254 254 254 254 238 236 8 8 8 185 250 255 255 255 255 255 255 191 233 233 232 233 233 233 249 121 255 239 255 255 255 255 191 255 255 255 255 223 255 253 255 255 111 239 239 235 107 107 107 99 96 96 96 64 88 217 217 217 217 217 217 72 192 80 0 0 2 0 0 0 8 0 4 8 8 8 8 10 12 8 8 10 185 169 123 255 255 222 255 255 255 255 255 255 255 255 255 255 223 255 255 255 205 137 8 8 8 8 136 137 137 137 137 201 201 201 201 201 201 201 201 105 104 64 0
0 0 0 8 16 1 0 0 64 0 2 0 32 32 16 40 32 96 252 253 253 253 191 255 255 255 255 239 255 255 255 255 255 255 255 255 255 255 255 191 246 255 251 255 247 223 255 253 239 239 236 236 228 228 68 196 0 4 0 4 0 4 16 4 0 4 12 108 108 108 108 252 255 255 255 255 239 236 172 136 140 136 152 136 136 136 137 136 8 8 8 8 40 106 104 104 104 108 108 108 108 108 124 124 124 124 126 124 124 124 108 236 252 254 254 254 254 254 126 238 236 8 8 8 56 251 223 255 255 253 255 255 233 233 233 233 105 233 233 249 249 254 255 239 251 255 255 255 255 255 255 255 253 255 255 255 255 239 239 239 235 107 107 107 99 96 96 96 192 88 217 217 217 217 217 217 200 64 192 0 0 0 2 0 0 0 0 1 8 8 24 8 12 24 8 8 185 171 57 255 255 253 127 255 255 255 255 255 255 253 191 255 255 223 255 255 255 237 8 8 8 8 8 136 137 137 137 137 233 201 201 201 201 201 201 201 105 104 64 0
0 1 0 128 8 0 0 0 16 8 0 0 0 0 32 33 96 32 252 253 253 253 255 253 127 255 223 239 253 223 251 239 255 255 127 255 127 255 254 118 191 255 253 223 255 255 255 255 237 239 236 236 228 228 196 100 4 0 4 0 4 8 4 0 4 0 12 108 108 108 108 124 255 255 255 255 239 236 136 140 140 136 136 136 136 136 136 8 8 8 8 8 40 40 104 104 104 124 108 124 108 108 124 124 124 124 124 126 124 124 108 236 252 238 254 254 254 190 254 238 236 9 12 8 56 255 255 255 255 255 127 253 232 233 233 233 233 233 233 249 249 255 255 255 255 255 255 255 223 255 251 251 255 255 255 247 255 239 239 239 235 107 107 107 99 96 96 96 192 216 217 217 217 217 217 153 200 192 64 0 16 0 0 1 0 0 0 0 8 8 8 24 12 12 8 8 169 57 187 255 255 253 255 255 239 255 127 255 255 247 255 255 255 255 191 255 255 253 10 8 8 8 8 136 137 137 137 137 200 201 233 200 201 201 201 201 105 104 64 0
0 0 0 64 0 0 0 0 0 8 128 1 0 16 0 32 32 96 252 253 253 221 253 255 255 255 251 255 251 255 255 255 255 191 255 127 251 247 255 247 255 255 223 251 255 255 255 251 239 237 236 236 228 228 228 68 0 4 128 4 128 4 0 4 0 5 12 108 108 108 108 124 255 254 255 247 239 236 141 140 140 136 136 136 136 136 8 8 8 8 8 8 40 40 104 108 104 108 124 108 108 108 124 124 124 124 124 92 126 124 108 236 236 254 254 254 254 254 254 238 236 13 8 8 56 255 254 223 255 255 255 255 233 233 169 233 233 233 233 249 249 255 255 255 255 191 255 255 255 255 191 255 255 255 255 255 255 239 239 239 235 107 107 107 99 96 96 96 64 216 216 217 216 217 217 200 200 192 64 0 16 0 0 0 128 0 1 0 8 24 8 8 12 10 8 8 41 185 239 255 255 255 255 251 127 255 251 255 255 255 255 255 255 255 255 247 255 255 8 8 8 9 8 136 137 137 137 136 201 201 200 233 201 201 201 201 105 104 72 0
0 0 64 2 1 0 4 0 0 0 0 1 0 0 0 0 32 32 244 253 253 253 253 255 255 255 191 251 254 255 255 255 255 255 255 255 255 123 247 255 255 255 255 255 127 255 255 255 239 237 236 236 228 228 228 68 4 0 68 132 4 0 4 128 4 0 12 108 108 108 44 124 238 255 255 255 239 237 140 140 136 136 136 136 136 8 8 8 8 8 8 8 40 40 104 104 108 108 108 108 108 108 124 124 124 124 124 124 124 126 108 236 236 126 254 254 254 254 254 238 236 8 8 8 56 254 255 239 255 255 251 255 233 233 233 233 233 233 233 249 249 255 255 255 255 251 127 255 255 255 255 253 253 255 255 255 239 231 239 239 235 107 107 107 99 96 96 98 64 216 216 216 217 217 217 200 200 192 64 0 0 0 0 0 4 0 0 0 12 8 8 8 8 8 40 8 41 169 255 239 255 255 255 247 255 255 255 255 255 191 255 255 255 255 251 255 255 255 8 8 8 8 8 137 137 137 136 137 201 201 201 201 201 201 201 201 105 108 72 16
0 4 16 1 0 0 0 4 0 0 16 0 0 0 1 0 2 40 32 253 252 253 253 255 255 255 251 255 255 255 253 255 223 255 239 255 255 255 123 255 255 255 255 255 255 254 127 255 239 237 236 236 228 228 228 68 1 4 0 68 0 4 0 4 0 4 13 108 108 108 108 108 255 255 255 255 235 237 141 136 136 136 152 136 8 8 8 24 8 8 8 8 40 42 40 104 108 108 108 100 108 100 124 124 124 124 60 124 124 124 108 236 236 254 222 254 254 190 254 238 236 8 8 8 56 255 255 255 255 255 255 235 233 233 233 233 233 233 233 249 249 255 255 254 255 255 255 191 255 253 254 127 253 255 255 253 239 239 239 239 171 107 107 107 107 96 96 96 64 216 216 216 217 217 217 200 200 192 64 0 0 32 0 2 0 32 2 0 8 8 8 8 8 8 8 40 41 169 239 255 255 255 255 255 255 223 255 254 255 255 127 255 255 223 255 255 255 254 8 40 8 8 40 137 137 136 137 137 201 201 201 233 201 201 201 201 105 104 72 72
0 0 6 0 8 0 0 0 0 0 0 0 8 0 0 8 40 32 40 252 253 249 253 251 255 255 255 255 255 255 247 255 255 255 255 255 255 255 255 255 255 255 254 255 255 255 255 253 239 229 236 236 228 228 228 68 4 0 4 0 4 0 4 32 20 0 28 108 108 108 108 108 255 255 255 255 239 237 136 136 136 137 136 8 8 8 8 8 8 8 8 10 40 40 40 104 124 124 108 108 100 124 124 124 124 124 124 124 124 124 108 236 236 190 238 126 254 252 254 238 236 8 8 8 56 255 253 255 255 127 255 235 233 233 169 169 249 169 233 249 249 255 255 223 247 255 253 255 255 255 255 255 255 255 255 253 239 239 239 239 107 107 107 106 107 96 96 96 64 216 216 216 217 153 217 200 200 192 64 0 0 4 0 1 128 0 0 0 24 8 8 136 8 8 8 40 41 169 255 127 255 223 255 254 255 127 255 223 255 255 255 255 255 255 255 255 255 255 40 12 8 8 8 137 136 137 137 137 201 217 201 201 201 201 201 201 105 104 72 72
0 0 0 64 0 128 64 0 64 0 0 128 0 0 64 8 32 44 40 252 253 249 248 255 255 255 255 255 255 247 191 255 239 253 251 253 255 191 255 254 255 255 255 255 255 255 255 254 253 237 236 236 228 228 228 68 2 4 0 4 0 4 16 4 32 21 12 124 124 108 108 108 255 191 223 255 239 229 136 136 136 136 12 8 8 8 8 8 8 8 8 40 40 40 40 104 124 124 108 108 108 124 124 92 126 124 124 124 124 124 108 236 172 238 254 254 254 254 254 238 236 8 8 8 56 253 255 255 255 255 255 235 233 233 169 169 169 232 233 249 249 251 254 255 223 255 255 191 255 255 191 255 255 254 247 255 239 239 239 239 107 107 107 107 42 96 96 112 64 216 216 216 217 216 217 232 200 192 64 0 64 1 1 16 8 0 0 0 8 8 8 8 8 24 136 40 41 169 239 223 255 254 255 255 255 255 255 255 223 191 254 255 223 239 255 255 255 255 4 8 8 8 8 136 137 137 137 137 201 201 201 201 201 201 201 201 105 104 72 72
1 0 128 0 0 0 0 64 0 4 32 0 0 0 4 0 8 40 44 252 253 245 249 127 247 255 255 255 255 255 255 255 255 255 253 255 255 255 255 255 255 255 255 247 255 255 255 247 255 237 236 108 228 228 228 68 4 64 68 0 4 0 4 0 4 32 28 124 124 108 108 108 191 219 255 254 239 237 136 136 136 8 9 8 24 8 136 8 12 8 8 40 40 40 56 108 124 124 108 108 108 124 124 124 124 126 124 124 126 124 108 236 236 254 254 254 254 254 238 238 236 12 8 9 58 253 255 253 255 255 255 235 233 233 169 169 168 169 233 249 249 255 251 255 255 255 191 255 255 254 255 255 255 255 254 255 239 175 239 239 107 107 107 107 96 32 96 96 84 216 216 216 216 217 216 200 200 192 64 64 0 0 0 129 0 0 16 0 8 8 8 8 8 8 8 40 41 169 255 255 255 255 255 255 255 255 255 255 255 254 255 255 255 255 255 254 255 255 10 9 8 8 8 136 137 137 137 137 201 201 201 201 217 201 201 201 105 104 72 72
0 0 64 2 0 0 0 0 0 0 0 2 0 2 8 0 8 40 44 252 253 253 253 223 127 239 223 255 255 255 255 253 223 255 255 255 223 255 255 255 255 255 127 255 239 255 255 251 223 229 236 252 100 228 228 100 64 4 64 4 0 4 0 4 0 4 60 124 124 108 110 108 219 223 127 255 231 237 136 136 9 8 8 12 8 8 8 8 8 8 8 44 40 42 40 124 124 124 108 108 108 124 124 124 124 124 126 124 124 126 108 236 236 252 254 254 254 254 238 238 236 8 10 40 253 253 253 255 127 255 255 107 233 233 169 168 169 169 233 249 249 251 255 255 255 255 191 247 254 255 255 255 239 247 255 255 239 235 238 239 107 107 107 107 112 96 32 96 96 220 216 216 216 216 217 200 200 224 64 64 0 0 0 0 4 1 0 0 8 8 8 12 8 8 8 41 41 169 255 255 251 251 223 255 255 255 255 255 255 255 239 251 255 255 255 255 255 255 9 8 8 8 8 136 137 137 137 137 201 201 201 201 201 201 201 201 105 104 72 72
0 0 0 32 16 0 64 0 8 0 1 128 2 8 0 8 8 44 44 252 253 253 253 255 255 255 255 255 254 255 255 253 255 255 255 223 255 255 255 255 254 251 254 255 255 255 255 255 255 205 236 236 228 100 228 100 68 64 4 32 4 0 4 0 4 64 62 124 124 108 108 102 255 255 239 253 239 237 136 8 8 8 8 8 8 8 8 8 8 8 8 40 40 40 40 124 92 126 108 108 108 124 124 124 124 124 124 126 124 124 108 236 236 252 254 254 254 254 238 238 236 40 40 40 253 253 253 254 255 191 255 235 105 233 168 169 169 169 233 249 249 255 255 255 255 255 247 191 255 247 223 255 223 111 255 255 239 239 239 238 43 107 107 123 107 96 96 32 96 248 220 216 216 216 216 200 200 192 64 64 2 0 64 0 0 0 128 0 8 8 8 8 8 8 8 41 41 169 239 239 127 251 255 255 255 255 255 191 255 255 255 255 255 255 255 255 255 255 8 8 8 8 8 152 137 137 137 137 201 137 201 201 201 201 201 201 105 104 72 72
0 0 0 0 34 0 0 0 0 0 0 128 8 16 8 8 8 44 44 252 253 253 253 255 255 255 255 251 255 255 255 255 255 255 251 255 253 254 255 255 251 254 255 255 253 255 255 255 255 237 236 236 228 100 100 100 196 68 2 4 0 4 0 4 0 4 124 94 124 108 108 253 255 254 255 239 237 109 8 8 8 8 8 8 8 8 8 136 8 8 136 40 40 40 40 124 126 124 108 108 108 124 124 124 124 124 124 124 126 124 108 236 236 252 254 254 254 254 238 238 236 40 40 40 253 253 245 255 255 255 255 235 233 233 169 169 169 169 105 249 249 255 223 255 255 255 255 255 255 255 255 223 255 255 251 255 239 239 239 239 107 107 123 107 107 96 100 96 32 248 248 220 216 216 216 200 204 192 64 64 0 0 0 0 0 0 4 0 8 8 8 8 10 8 8 41 41 169 239 255 255 255 191 255 255 255 239 255 247 254 255 255 254 255 255 223 255 255 8 8 8 8 8 136 137 137 137 137 137 201 201 201 201 233 201 201 105 104 8 72
16 8 0 0 0 16 0 0 0 0 0 0 32 8 8 40 8 44 44 252 253 125 253 255 255 255 255 255 255 255 255 247 255 255 255 255 255 255 255 255 255 127 255 255 127 255 255 223 255 237 236 236 228 100 100 100 68 68 4 0 4 0 4 0 4 0 220 126 126 108 110 221 255 255 255 239 109 109 8 9 40 8 136 136 8 40 8 8 8 8 8 40 40 40 40 124 124 126 108 108 108 60 124 124 124 116 124 126 124 126 108 236 236 188 254 254 254 252 238 238 236 40 40 40 253 253 253 223 127 255 255 235 233 233 185 169 41 41 169 121 249 255 253 255 255 255 255 255 127 255 247 251 254 255 255 223 175 239 239 239 107 123 107 107 107 98 96 96 96 248 248 248 220 216 216 136 200 192 64 72 0 0 0 0 64 0 0 0 8 8 8 8 24 40 8 41 41 169 255 255 191 253 255 255 255 255 255 255 255 255 255 255 255 255 223 255 255 255 8 8 8 8 8 136 137 137 137 137 137 201 201 201 201 201 201 201 105 104 8 10
0 0 0 0 0 0 0 0 0 8 0 0 0 8 8 8 40 44 45 252 253 253 125 251 247 255 255 255 255 255 255 255 255 255 255 251 191 255 255 255 255 255 255 255 253 255 255 255 255 229 236 236 228 100 100 116 68 196 0 4 8 4 0 4 128 4 92 254 126 110 253 255 127 255 255 238 111 109 9 8 10 8 136 8 8 8 8 136 10 136 8 40 40 40 40 124 124 124 108 108 108 124 124 124 124 124 124 124 126 124 108 236 236 252 254 246 254 254 238 238 236 40 40 40 253 253 253 255 191 255 191 235 233 233 233 41 41 41 41 249 249 253 255 255 255 255 255 255 255 255 255 251 255 255 223 255 239 239 239 239 123 107 107 107 107 102 96 96 96 248 248 248 248 220 216 200 200 192 68 64 128 0 0 2 0 8 0 32 8 12 8 8 8 8 40 41 41 169 255 255 253 255 255 255 255 239 255 253 251 255 239 251 255 191 255 255 247 239 10 8 9 8 8 136 137 137 137 137 169 201 201 201 201 201 201 201 105 104 8 64
32 0 4 0 0 0 128 0 0 0 0 0 0 8 8 8 40 44 44 253 253 253 253 255 251 255 254 255 239 255 255 255 223 255 191 255 255 223 255 255 255 254 251 255 255 223 255 127 255 237 236 236 228 100 100 100 68 68 4 16 4 0 4 0 4 0 92 126 254 223 223 255 255 223 255 239 111 109 8 8 8 8 8 8 8 8 8 8 140 8 8 40 40 40 40 124 124 124 108 108 108 124 124 124 124 124 124 124 124 126 108 236 172 252 254 254 222 126 238 238 236 40 40 40 252 253 253 251 255 191 235 235 233 233 233 41 41 41 41 249 249 253 255 191 255 253 255 255 255 255 255 255 255 255 255 255 239 239 239 255 239 107 107 107 111 98 96 96 96 248 248 248 248 248 220 200 200 192 64 64 0 0 8 8 0 0 0 0 8 8 8 8 8 8 40 57 41 169 255 255 255 251 239 255 255 255 255 255 251 255 255 255 239 254 255 255 255 239 12 10 8 8 8 137 137 137 169 137 137 201 201 201 201 201 201 201 105 104 64 64
0 0 0 0 0 128 64 0 0 0 0 128 0 8 8 8 40 44 44 253 253 245 253 255 255 255 255 255 255 223 191 255 255 255 255 255 255 247 255 191 255 255 255 255 254 255 253 255 251 237 236 236 228 100 100 100 68 100 0 4 0 132 0 4 0 4 92 254 255 255 255 254 251 191 255 235 111 109 8 40 8 8 24 8 24 8 8 8 8 10 8 40 40 40 40 124 124 124 108 108 108 124 124 124 124 124 124 116 124 124 108 236 236 252 254 126 254 254 238 238 236 40 40 40 188 253 253 255 251 235 235 235 233 169 233 41 57 41 41 249 249 252 191 255 255 255 223 255 255 255 255 247 253 191 255 255 239 238 255 239 239 107 107 111 107 98 96 96 96 248 248 248 248 248 248 200 200 192 96 64 0 0 8 0 0 0 0 0 8 8 8 8 8 8 40 41 41 169 255 247 255 255 255 255 255 255 239 223 255 254 255 255 255 255 255 255 255 239 10 8 10 8 24 137 137 137 137 137 137 201 201 201 201 201 201 233 104 104 64 192
4 2 64 0 0 0 16 16 4 0 0 1 0 136 40 10 40 44 44 253 253 252 253 255 255 255 254 255 255 255 254 255 223 255 255 255 255 253 251 255 255 255 255 247 255 239 255 255 255 237 236 236 228 100 100 100 100 68 6 4 4 128 4 0 4 32 92 255 255 255 255 254 254 253 255 239 111 109 40 8 8 8 8 152 8 10 8 8 8 8 8 40 40 40 40 124 124 124 108 108 108 124 124 124 124 124 124 124 124 124 108 236 236 252 254 246 246 254 238 238 236 40 40 40 188 253 253 255 191 235 235 235 233 233 169 41 57 41 41 249 249 253 255 255 255 191 255 255 255 255 251 255 255 255 191 223 239 255 239 239 238 107 111 107 107 102 96 96 96 248 248 248 248 248 248 200 200 192 64 192 0 0 0 0 16 0 0 0 136 8 8 24 8 8 41 41 41 169 255 255 255 251 127 255 255 255 239 239 255 255 254 247 255 255 255 255 223 239 8 10 8 8 8 137 153 137 137 137 137 217 201 201 201 217 201 233 104 40 64 64
0 64 0 128 0 0 0 0 4 4 0 0 0 9 8 41 40 46 44 253 253 125 253 251 255 255 255 253 255 255 255 255 255 239 255 255 255 255 253 255 255 255 255 255 255 255 255 255 255 233 236 236 228 100 100 100 100 68 4 4 0 4 0 4 0 4 124 223 255 255 255 255 255 127 191 239 111 109 8 12 8 8 8 8 8 8 8 8 136 8 8 40 40 40 40 124 124 124 108 110 108 124 124 124 124 124 124 126 124 124 108 236 236 252 254 254 254 254 238 238 236 41 40 40 189 253 253 255 235 235 235 235 233 233 41 41 41 41 43 249 249 245 255 255 255 127 255 255 255 255 255 239 255 255 223 254 127 239 239 239 237 111 107 107 111 98 98 96 96 248 248 248 248 248 248 200 200 192 192 64 0 0 128 0 0 0 8 16 8 12 8 8 8 8 41 41 41 169 255 255 253 255 255 239 255 255 239 223 255 255 191 254 255 255 255 255 239 207 138 8 8 8 8 153 137 137 137 137 137 201 201 201 201 201 201 233 104 64 0 64
64 0 64 0 0 0 0 0 0 0 0 4 0 8 9 41 40 44 60 253 125 253 253 255 255 255 255 254 191 255 255 255 127 255 255 255 255 251 255 255 254 255 254 255 255 247 255 255 255 237 236 236 228 100 100 100 100 68 4 0 68 0 4 0 20 0 92 255 191 247 255 255 255 223 239 239 111 109 12 8 8 8 8 8 8 8 8 8 8 136 8 44 40 40 40 124 124 124 108 108 108 124 124 124 124 124 124 124 94 124 110 236 236 252 254 254 254 254 238 238 236 40 40 40 189 253 253 251 235 235 235 107 233 233 41 41 41 41 249 251 249 249 255 255 253 255 223 127 251 253 255 255 255 239 255 255 223 239 239 238 239 111 107 111 107 98 98 96 96 248 248 248 120 184 248 200 200 192 192 64 0 0 0 0 0 0 0 8 8 40 8 24 9 8 41 41 41 169 255 255 247 255 255 255 239 255 255 255 255 255 254 255 255 247 255 255 239 207 8 8 8 136 10 137 137 137 137 153 137 217 201 201 201 201 201 233 104 64 192 0
1 64 0 0 0 0 0 0 0 0 0 0 0 8 9 40 56 44 60 125 253 253 253 255 255 255 255 127 255 255 223 255 255 255 255 255 255 255 255 191 255 254 255 255 255 251 255 255 255 237 236 228 228 100 100 100 100 84 0 4 0 4 0 4 0 20 92 254 247 191 253 255 255 247 239 239 111 105 8 24 8 8 40 40 8 8 8 8 8 12 8 40 40 40 40 124 124 124 108 44 108 116 124 124 124 124 124 124 116 126 236 236 236 252 254 246 254 254 238 238 236 40 40 40 189 253 253 255 235 235 235 235 233 233 41 41 41 41 249 249 251 121 255 255 251 255 255 255 191 255 255 255 255 251 255 255 255 239 239 237 239 111 111 107 107 98 98 96 96 248 248 248 248 248 248 200 200 192 192 64 0 8 0 0 0 0 8 8 8 8 8 12 8 9 41 41 41 169 127 255 255 255 239 255 255 255 255 255 255 255 255 255 255 255 255 255 239 207 8 8 8 10 137 137 137 137 137 137 153 201 201 201 201 201 201 233 40 64 64 0
0 2 0 0 0 0 0 0 0 0 0 0 0 8 8 40 40 60 60 125 253 125 253 255 255 255 255 255 255 255 255 255 255 255 255 239 255 255 255 255 255 255 191 255 247 255 254 255 255 237 236 228 228 100 100 100 100 100 4 0 4 0 4 0 4 0 92 255 254 125 255 255 247 255 239 239 111 105 8 8 8 8 40 8 8 8 8 8 12 8 8 40 40 40 40 124 124 124 108 108 108 108 124 124 124 124 124 124 124 252 236 236 236 252 254 254 254 254 238 238 236 40 40 40 189 253 253 255 171 235 235 235 233 232 41 41 41 41 249 249 249 251 255 255 223 255 255 255 255 255 255 255 255 255 255 255 255 239 239 239 239 111 111 107 107 98 98 98 96 248 248 248 248 248 248 200 200 192 192 64 4 0 0 0 0 0 24 8 8 8 8 8 8 9 41 41 41 41 255 255 255 255 255 255 255 255 255 254 255 255 255 255 255 255 255 255 111 239 8 24 8 137 137 137 137 137 137 137 137 201 201 201 201 201 201 233 64 128 64 0
0 64 0 4 2 0 0 0 0 0 0 0 4 8 8 40 42 60 52 125 125 253 253 127 255 251 255 247 255 255 255 127 255 255 239 255 255 255 255 255 255 191 255 255 239 255 255 255 255 237 236 228 228 100 100 100 100 100 0 4 1 4 0 4 128 4 92 254 255 255 255 255 255 255 239 239 111 105 8 8 8 8 40 8 40 8 8 8 8 8 8 40 40 40 40 124 124 124 108 108 110 108 124 124 124 116 116 92 124 252 236 236 236 252 254 254 254 254 238 238 236 40 40 40 189 253 253 255 235 235 235 235 169 232 41 41 41 41 249 249 248 127 255 255 247 254 247 255 255 255 255 191 255 247 255 247 255 239 239 239 175 111 111 107 107 98 98 98 96 248 248 248 248 248 248 200 200 192 192 64 0 32 0 0 0 0 8 8 8 8 9 40 8 25 57 41 41 41 255 255 239 255 255 255 255 255 255 251 255 255 254 255 255 255 255 127 239 111 8 8 8 137 137 137 137 137 137 137 137 201 201 201 201 201 201 201 192 64 0 0
128 0 0 0 0 0 2 2 0 0 0 0 32 8 8 40 60 54 52 125 93 253 253 255 254 223 254 239 255 255 251 191 255 247 255 255 253 255 127 239 255 253 255 255 255 255 127 255 191 236 236 100 228 100 100 100 100 100 4 0 4 8 5 0 36 16 92 247 255 223 255 255 255 255 239 239 111 105 40 8 12 8 8 40 40 8 24 8 8 8 12 40 44 40 40 124 124 124 108 108 108 108 124 124 124 124 116 124 124 252 236 236 236 252 254 254 254 254 230 238 236 40 40 40 185 253 125 255 235 234 233 235 232 169 41 41 41 41 249 249 249 254 255 247 253 247 254 255 255 255 255 255 253 255 247 255 255 239 239 239 111 111 111 107 107 102 98 98 96 248 252 248 248 248 248 200 200 192 200 64 0 0 0 0 0 0 8 8 8 8 8 8 8 25 41 41 41 41 255 191 223 255 247 255 251 255 255 254 255 255 255 255 255 255 255 255 110 111 8 8 8 137 137 137 137 137 137 137 137 217 201 201 137 201 201 201 192 64 0 0
64 0 0 1 32 0 128 0 0 0 2 0 0 8 8 56 52 60 118 125 125 253 253 255 191 254 255 255 127 255 255 255 255 191 255 255 255 255 251 255 253 255 255 239 255 255 255 255 236 236 236 228 100 100 100 100 100 100 0 4 0 4 0 4 0 52 212 92 255 255 247 255 191 255 239 231 111 105 8 8 8 8 8 40 8 8 8 8 8 8 8 36 40 40 40 124 124 124 108 108 108 108 124 124 124 124 124 124 124 252 236 236 236 252 254 254 254 254 238 238 236 40 40 40 185 253 253 255 235 235 235 233 233 41 41 41 41 41 249 249 249 255 255 223 247 125 255 223 255 255 255 223 255 255 255 253 255 239 239 239 111 111 111 107 111 106 98 98 96 216 252 244 248 248 248 200 200 200 192 64 0 0 0 0 4 64 8 8 8 136 8 8 8 9 41 41 41 41 191 223 255 255 239 255 255 251 255 255 255 255 255 255 255 255 255 251 111 110 12 8 8 137 137 137 137 137 137 137 137 201 201 201 201 201 217 201 192 64 1 0
0 0 64 1 0 0 0 2 0 64 0 0 0 40 8 48 56 52 53 127 125 253 253 239 254 255 255 255 255 255 255 255 255 255 255 255 255 255 255 255 255 255 255 255 251 255 255 127 252 236 236 228 100 116 100 100 100 100 4 0 4 0 6 0 4 4 52 220 255 239 251 239 255 255 111 239 111 105 8 24 8 40 8 8 10 8 24 8 8 8 0 8 40 40 40 126 124 124 108 108 108 108 124 124 124 124 124 124 124 252 236 236 236 252 254 252 254 254 238 238 236 40 40 40 185 253 245 127 235 235 235 233 232 41 41 41 41 41 249 249 249 255 255 255 223 255 239 255 255 255 255 255 255 255 255 247 255 239 239 231 111 111 111 111 107 106 98 98 96 248 252 252 252 248 248 216 200 200 192 64 0 0 0 0 64 0 9 9 8 8 8 8 10 9 41 41 41 41 223 254 255 223 251 255 254 254 255 255 239 255 254 255 255 223 255 255 103 110 8 8 8 137 137 137 137 137 137 137 137 201 201 201 201 201 201 201 192 64 8 0
0 0 0 0 0 0 0 2 0 0 0 0 0 8 33 8 48 56 52 125 127 249 253 255 255 255 255 255 247 255 255 255 255 239 247 255 255 255 255 255 255 255 255 223 255 255 254 255 255 236 236 228 100 100 100 100 100 100 0 4 0 5 0 4 16 4 4 252 255 255 239 255 255 255 111 111 111 105 24 8 8 8 8 8 40 8 8 8 8 0 8 8 40 40 40 124 126 124 108 108 108 108 124 126 116 60 124 124 124 252 236 236 236 220 252 254 254 254 238 238 236 40 41 40 185 253 189 255 107 235 235 233 233 57 41 41 41 41 249 249 249 255 255 255 255 255 254 255 255 255 255 255 255 239 255 255 253 239 239 239 111 111 47 111 107 106 98 98 96 248 252 252 252 252 248 252 200 200 192 64 0 2 0 0 0 0 9 12 8 8 8 8 9 9 41 41 41 9 255 255 255 255 255 255 251 251 255 255 255 255 253 255 255 255 127 251 111 110 136 8 8 137 137 137 137 137 137 137 137 200 201 201 201 201 137 201 192 64 0 0
0 4 4 0 0 32 0 0 0 0 0 0 64 0 8 32 8 48 56 125 253 255 253 253 255 255 255 255 254 255 239 255 127 255 239 255 255 255 255 127 255 255 255 239 255 191 191 251 255 236 236 228 100 100 100 100 100 100 4 64 4 64 4 0 4 4 4 124 255 127 127 255 255 255 111 110 111 105 105 8 8 136 8 8 8 8 8 40 128 8 8 8 42 40 40 124 124 126 108 108 124 108 116 124 126 126 124 124 124 252 236 236 236 252 252 254 254 254 238 238 236 40 40 41 185 189 253 255 235 235 235 233 233 233 41 43 41 41 249 249 249 247 255 255 255 255 255 255 255 255 255 255 255 255 255 255 251 239 239 239 111 111 110 111 107 106 98 98 96 248 252 252 252 252 252 248 200 200 192 64 0 64 0 0 0 0 8 8 8 8 8 8 9 41 41 41 9 41 191 255 255 255 254 255 255 255 223 223 255 255 255 255 191 255 254 127 111 238 9 8 24 137 137 137 169 137 153 137 136 201 201 201 201 201 201 201 192 64 0 32
0 0 0 0 0 0 0 0 0 0 0 0 64 64 8 9 32 8 56 125 253 253 255 253 255 255 127 255 255 255 255 255 253 255 255 251 255 255 255 255 255 255 255 255 255 255 251 251 255 236 236 228 100 100 100 100 100 100 64 5 64 5 0 4 32 4 4 124 127 251 255 127 127 255 111 47 111 105 105 8 8 8 8 8 24 8 24 128 40 12 8 24 40 42 40 92 124 124 108 108 108 124 108 124 126 62 126 124 124 252 236 236 236 252 252 254 254 254 174 238 236 40 40 41 185 181 253 255 235 235 235 233 233 233 41 41 41 41 249 249 249 249 255 247 251 255 255 255 255 255 254 191 255 255 255 255 255 239 239 239 111 111 111 111 107 106 98 98 96 248 252 252 252 252 188 252 200 216 192 72 64 0 0 8 0 4 8 12 8 8 8 8 9 41 41 9 41 41 255 127 247 255 255 255 255 191 255 255 255 255 255 254 255 255 255 255 239 111 8 8 8 137 137 137 137 137 137 136 153 201 201 201 201 201 201 201 192 66 4 32
0 0 0 128 0 0 0 0 0 0 0 1 2 64 8 0 8 40 56 125 253 245 253 251 255 247 255 255 255 255 223 255 255 255 127 255 255 255 223 255 255 255 253 255 255 255 255 255 255 236 236 228 100 100 100 100 100 100 68 64 5 0 132 1 4 0 4 124 255 255 191 255 255 127 111 107 111 105 105 8 8 8 8 8 8 24 0 8 8 8 8 8 40 40 8 124 124 126 44 108 108 108 124 124 126 126 62 126 124 252 236 172 236 252 252 254 246 254 238 238 236 42 40 41 177 185 253 255 234 235 235 233 233 233 41 41 41 41 249 249 249 249 191 255 255 255 254 191 255 255 254 255 247 255 255 255 239 239 239 239 111 111 111 111 107 106 98 98 112 248 252 252 252 252 252 252 216 200 200 64 96 0 0 0 4 0 12 8 8 8 8 8 25 41 9 41 41 43 127 191 127 255 251 255 255 247 255 255 255 255 255 255 255 255 255 255 239 47 8 8 8 137 137 137 137 137 136 137 137 137 201 201 201 201 201 201 192 68 0 0
0 0 0 2 8 64 0 0 1 0 32 0 64 0 0 136 8 40 56 125 253 253 252 255 255 223 255 255 255 255 127 255 255 253 127 255 255 255 253 255 251 255 255 255 239 255 254 251 255 236 108 228 100 100 100 100 100 100 70 68 0 20 0 4 16 4 0 124 255 255 255 251 255 255 111 111 107 105 105 8 8 8 8 8 8 0 8 8 9 9 8 8 40 8 40 124 126 124 108 108 108 108 124 124 62 126 126 126 126 252 236 236 236 252 252 254 254 254 238 238 238 40 40 33 41 185 189 255 235 235 171 233 233 233 41 41 41 41 249 249 121 249 255 255 255 255 255 254 255 255 253 255 127 255 255 255 239 239 239 237 111 111 111 111 107 42 98 114 98 248 252 252 188 252 252 124 252 200 136 64 64 0 0 0 0 4 8 8 8 8 8 10 9 9 41 43 41 127 187 127 255 255 223 191 255 255 255 255 255 255 255 255 255 255 127 253 175 8 8 24 8 137 137 137 137 136 137 137 137 153 201 201 201 201 201 201 192 64 0 64
0 8 1 8 0 0 0 8 0 0 4 0 0 128 0 8 40 40 56 125 253 221 253 255 255 255 127 255 255 255 255 255 255 191 255 255 255 253 191 255 251 255 255 255 255 255 255 255 127 236 236 100 100 100 100 100 100 100 100 100 4 0 5 0 4 2 4 124 255 255 255 247 247 255 111 107 107 105 105 24 8 8 8 8 0 10 8 8 9 8 8 8 8 42 40 124 124 126 108 108 110 108 124 124 126 126 94 126 254 254 236 236 236 252 252 254 254 254 238 238 174 40 34 40 41 185 189 255 235 235 233 232 233 233 41 41 41 41 249 249 249 249 255 255 247 255 255 255 223 255 251 254 255 255 255 255 239 239 239 239 111 47 111 111 107 102 50 102 250 250 252 252 252 252 252 252 252 200 64 0 64 0 0 0 0 4 8 12 8 8 8 9 9 9 41 41 43 187 126 255 255 255 191 255 251 255 255 255 255 255 247 255 255 255 247 255 8 8 8 8 8 137 137 137 136 137 137 137 137 137 201 201 201 217 200 201 192 64 64 0
0 0 8 0 0 0 8 128 0 1 0 0 0 0 4 8 40 40 56 127 253 253 253 255 255 255 255 251 239 255 255 255 255 255 255 255 255 255 255 255 127 255 255 255 255 255 255 255 251 236 236 100 100 100 100 100 100 100 100 100 0 4 0 4 0 20 2 126 247 255 255 255 255 127 111 107 107 105 105 105 8 8 12 0 8 8 8 8 8 8 8 8 8 40 44 124 124 124 108 108 108 108 124 124 126 126 126 254 252 238 236 236 236 252 252 254 254 246 238 110 40 34 40 40 57 185 185 255 235 235 233 233 233 233 41 41 41 41 249 249 249 249 255 255 255 255 253 255 255 255 127 255 239 255 255 253 235 239 239 239 111 110 111 111 111 114 102 186 254 254 254 244 252 252 252 188 252 200 64 64 0 2 64 0 0 0 12 8 24 136 40 9 9 9 41 41 187 126 247 253 255 255 255 255 255 255 255 255 255 255 255 255 255 254 255 255 136 8 8 8 8 137 137 136 137 137 137 137 137 137 201 201 201 201 201 200 192 64 64 0
0 0 0 0 0 4 0 0 0 0 0 0 16 0 32 8 40 40 58 245 255 252 253 255 191 255 255 255 255 255 127 255 254 255 255 255 255 254 255 255 254 251 255 255 255 223 255 255 239 236 236 100 100 100 100 100 100 100 100 100 68 8 4 16 4 0 124 247 126 255 255 255 255 253 111 107 107 105 105 105 8 8 0 8 8 8 8 8 8 136 8 8 8 40 44 126 116 124 108 108 108 108 124 124 126 62 254 254 254 236 236 236 236 252 252 254 254 254 238 110 34 40 40 40 57 185 185 251 235 235 105 233 105 233 41 41 41 41 249 249 249 249 255 255 251 255 255 255 255 255 255 255 255 255 255 255 235 239 239 239 107 111 111 111 111 111 186 254 254 254 254 254 252 252 188 252 252 200 64 64 0 80 0 0 0 64 8 8 12 8 8 9 9 9 43 41 126 255 126 253 255 247 255 251 223 255 255 255 239 255 255 255 254 255 255 251 8 12 8 24 8 137 136 137 137 137 137 137 137 137 200 201 201 201 200 204 192 64 64 0
0 0 128 0 0 0 0 0 16 16 0 0 0 0 0 40 40 40 245 58 253 255 253 223 127 255 255 255 255 255 255 255 255 255 251 255 255 255 255 255 255 255 251 255 255 239 255 255 239 236 252 100 100 100 100 100 116 100 100 100 68 4 0 4 4 4 116 124 255 255 255 253 255 191 111 107 107 105 105 105 8 0 8 8 8 8 10 8 8 8 8 8 8 40 44 124 94 124 108 108 100 108 126 124 126 254 254 254 254 108 236 236 236 252 252 254 246 254 238 110 40 40 40 40 57 185 185 251 235 235 233 105 233 105 41 41 41 41 249 249 249 249 251 255 255 255 239 255 191 255 255 255 223 255 255 255 239 239 239 239 47 111 111 111 111 255 247 254 254 222 254 254 254 252 252 252 252 200 64 64 64 4 0 0 0 0 8 8 8 8 8 9 9 9 41 42 255 126 255 255 255 251 223 255 255 127 251 255 255 253 239 255 255 255 255 251 40 40 8 9 8 136 137 137 137 137 137 137 137 136 201 201 201 201 200 200 192 64 64 2
0 0 0 0 0 0 0 0 0 0 0 0 0 0 0 40 40 32 40 253 127 253 255 255 255 255 191 255 255 255 255 255 255 253 255 255 255 255 255 255 251 255 255 255 251 253 255 223 239 236 228 100 100 116 100 100 100 100 100 100 68 0 4 0 4 4 4 124 255 255 255 255 255 111 111 107 107 105 105 105 0 8 8 8 8 8 8 10 8 8 8 8 8 40 44 124 124 118 108 108 108 108 124 110 190 254 254 254 254 236 236 236 228 252 252 254 254 254 238 110 40 41 40 41 57 185 153 251 171 235 233 233 105 105 41 41 41 41 249 249 249 249 255 239 254 255 255 255 255 255 223 255 255 127 255 251 239 239 239 231 111 111 111 111 255 255 254 255 190 222 190 254 254 252 252 252 252 232 64 64 64 0 64 0 0 0 8 8 8 8 8 9 9 9 40 255 126 255 223 255 255 255 239 255 255 255 255 251 239 191 255 255 255 255 251 127 40 12 8 8 8 136 137 137 137 137 137 137 152 137 201 201 201 201 200 200 192 64 64 2
0 0 0 0 32 0 0 8 0 0 4 0 0 0 0 40 32 40 40 125 253 255 255 255 255 255 255 223 254 255 254 255 255 251 255 255 255 254 255 255 239 247 255 255 255 191 255 255 239 236 228 100 100 116 100 100 100 100 100 100 68 4 0 4 16 20 4 126 255 255 255 254 254 111 111 107 107 105 105 105 8 8 8 8 8 8 8 8 8 8 8 8 12 40 44 124 124 126 108 108 108 108 108 254 238 254 254 254 254 236 236 236 236 252 252 238 254 254 238 110 40 40 41 41 57 153 185 187 171 235 233 233 105 105 41 41 41 41 249 249 249 249 255 255 255 253 255 239 255 255 255 255 255 191 255 255 239 239 239 239 111 111 111 255 255 255 255 254 223 190 254 254 254 254 252 252 252 232 64 64 64 64 64 0 0 4 8 8 8 8 8 9 9 8 41 126 255 255 255 253 255 255 255 251 127 255 255 255 247 255 255 255 251 253 239 251 12 10 40 9 24 136 137 137 137 137 137 136 137 137 201 201 200 201 200 200 192 64 64 32
0 0 0 0 2 0 0 0 0 0 0 0 0 0 0 40 40 40 40 127 253 255 255 255 255 255 254 239 251 254 255 255 255 255 255 255 255 255 251 247 255 239 255 255 255 255 255 255 239 236 228 100 100 116 100 100 100 100 100 100 68 128 68 0 4 1 148 255 255 255 255 255 255 111 111 107 107 105 105 41 8 8 8 8 8 8 8 8 8 9 12 8 8 44 44 124 126 124 108 108 108 108 44 238 254 254 254 254 254 236 236 236 236 252 252 254 254 252 236 110 40 40 41 41 25 185 185 169 171 235 169 249 105 105 41 41 41 41 249 249 249 249 255 255 255 255 255 255 255 255 255 255 255 255 255 255 239 239 239 239 111 111 255 255 255 247 255 255 254 255 254 254 254 254 254 188 252 232 72 64 64 64 64 0 0 0 24 8 8 40 9 9 8 9 40 247 191 255 191 255 255 255 255 255 247 255 255 255 253 255 255 239 255 255 255 239 10 40 8 8 9 136 137 169 137 137 136 137 153 137 201 201 201 200 204 200 192 192 96 0
64 128 128 0 0 0 0 0 0 2 0 0 0 0 0 40 40 40 40 253 223 255 255 191 255 253 255 191 255 255 247 255 223 255 255 255 255 255 255 251 255 255 251 255 255 255 255 255 239 236 228 100 100 100 100 100 100 100 100 100 68 68 0 4 0 4 1 255 255 255 255 255 255 111 111 107 107 107 105 8 8 8 8 8 8 24 12 8 8 8 8 8 8 44 44 116 124 126 108 108 108 108 108 252 254 254 254 254 254 236 236 236 236 252 252 254 254 254 236 108 40 40 41 137 57 185 169 169 233 171 233 233 105 107 57 41 41 41 249 249 249 249 255 255 255 255 254 255 255 253 255 191 239 255 255 255 239 239 111 239 111 255 191 255 254 255 223 255 255 254 255 254 254 254 190 254 252 232 72 64 64 64 64 0 0 0 136 8 8 24 9 8 9 8 33 40 247 191 255 255 253 255 251 255 255 255 223 255 255 255 255 255 255 223 255 239 40 8 8 8 136 137 137 137 137 136 137 137 137 137 201 201 233 200 200 136 192 192 64 64
0 0 0 0 0 32 128 32 4 8 0 0 16 0 0 40 40 40 40 253 255 255 255 251 223 127 255 255 251 255 255 254 247 255 255 255 191 255 255 247 254 191 255 255 255 255 255 255 239 236 228 102 100 100 102 100 100 100 100 116 68 68 4 0 20 0 4 255 255 253 255 255 254 111 111 107 107 107 105 136 8 8 8 136 40 10 8 8 8 8 8 8 8 44 36 60 124 124 108 108 108 108 108 252 254 222 238 254 254 252 172 236 236 252 252 254 254 254 108 108 40 40 9 41 185 169 185 41 169 233 233 233 105 121 107 41 41 41 248 249 248 249 239 127 254 191 251 255 255 255 255 235 255 239 255 251 239 239 237 111 255 255 223 127 255 255 255 255 255 255 254 253 254 254 254 222 254 232 72 96 64 64 64 2 0 0 40 8 8 8 8 9 8 1 8 33 40 255 255 251 254 255 255 255 239 254 255 239 255 255 255 223 255 255 255 238 8 8 8 8 136 137 137 137 136 137 137 137 137 137 201 201 137 200 200 192 128 192 68 64
0 4 0 0 0 0 32 0 0 0 0 0 0 0 0 40 41 40 40 249 255 255 255 127 255 255 255 255 255 255 255 253 254 255 255 255 255 223 255 255 255 255 223 255 255 253 191 127 239 236 228 100 100 100 100 100 100 100 100 100 68 68 0 4 0 4 0 255 255 255 255 255 255 111 111 107 107 107 105 40 24 12 8 8 8 8 8 8 8 8 8 8 8 36 44 60 124 124 124 108 108 108 108 252 238 222 190 252 238 222 236 252 236 252 252 246 254 254 108 108 40 8 41 41 169 185 41 169 169 232 233 233 105 105 105 41 41 40 249 248 249 249 127 254 247 251 253 255 253 255 255 253 239 253 255 255 239 238 239 255 239 255 255 191 255 191 255 251 255 255 191 254 255 254 252 254 254 232 104 96 64 80 64 0 0 0 12 8 8 8 8 8 1 8 17 136 41 255 255 239 255 255 255 255 255 247 251 255 255 255 255 255 255 255 255 238 9 8 8 8 136 137 137 140 137 137 137 137 137 137 201 201 200 200 200 192 192 128 72 64
0 0 8 16 0 0 0 0 64 8 0 0 0 0 0 40 40 40 40 249 255 255 255 223 251 253 255 255 255 255 247 255 255 255 255 255 255 223 255 255 255 255 251 247 255 255 127 255 239 236 228 100 100 100 100 100 100 100 100 100 68 68 4 0 4 0 4 255 255 251 255 255 255 111 111 107 107 107 105 8 40 12 10 12 9 8 8 8 8 8 8 8 0 8 44 60 124 124 124 108 100 108 108 236 126 254 252 254 254 238 252 236 252 252 252 252 254 254 124 108 24 40 41 41 169 57 169 169 168 233 249 233 105 105 105 41 42 41 248 249 249 249 255 255 126 255 247 253 255 255 255 255 253 255 223 255 175 239 247 231 255 127 255 251 191 255 239 255 255 255 254 255 126 255 254 254 254 104 104 96 80 64 64 0 0 2 8 8 8 8 8 0 8 1 9 9 169 239 239 255 255 255 239 255 191 253 255 223 239 255 191 255 255 255 255 239 8 8 8 136 136 137 136 137 137 137 137 137 137 137 201 201 200 200 200 192 192 64 64 64
0 0 2 8 0 0 0 0 0 0 0 0 0 0 0 40 40 40 42 249 255 255 255 255 255 255 255 255 255 255 255 251 255 251 255 255 127 255 253 251 255 255 239 251 255 255 255 254 239 236 228 100 100 100 100 100 100 100 100 100 68 68 128 4 0 4 1 255 255 254 239 255 255 111 111 107 107 107 105 40 8 8 12 8 8 40 8 40 9 8 8 0 8 8 44 60 124 124 124 108 108 108 108 108 190 254 254 254 254 254 238 252 252 244 252 252 190 254 254 124 108 40 41 41 41 169 169 168 169 105 233 233 105 105 105 40 41 40 249 249 249 249 255 255 253 127 254 255 255 254 255 255 255 255 255 255 239 255 239 255 255 255 255 255 255 255 223 255 251 255 247 254 239 254 255 254 254 104 104 96 100 64 64 0 0 8 12 8 8 8 0 8 0 8 9 25 169 239 191 127 253 255 223 255 253 255 255 255 255 255 255 254 223 239 255 239 40 8 8 136 136 136 137 137 137 137 137 137 137 137 201 201 200 136 200 192 192 64 64 64
0 0 8 0 0 0 0 0 0 0 0 0 0 0 0 40 40 40 249 187 255 255 255 191 255 255 255 255 223 127 255 255 249 255 255 255 255 255 191 255 255 255 255 255 251 255 255 255 230 236 228 100 100 100 100 100 100 100 116 100 84 68 4 0 4 0 4 253 255 255 223 255 255 111 111 107 107 107 105 8 8 24 8 10 8 8 40 8 8 8 64 8 8 8 44 60 124 124 124 108 108 108 108 108 254 254 254 254 254 254 254 254 252 252 252 252 254 254 254 254 108 40 41 41 41 169 168 169 41 233 233 233 105 105 105 41 40 41 249 249 249 249 253 255 255 239 255 255 255 255 255 255 191 223 255 255 255 239 255 255 239 255 239 255 255 254 255 255 255 255 255 255 252 255 126 251 254 104 104 96 98 64 64 0 128 136 8 8 136 0 8 0 8 8 11 9 169 189 127 255 255 255 255 255 255 255 255 239 254 255 255 255 223 255 239 239 8 8 8 136 136 136 153 137 137 137 137 137 137 137 201 201 200 200 200 192 192 64 64 64
0 2 0 0 32 1 0 0 32 0 32 0 0 0 0 40 40 42 185 253 247 255 255 247 255 255 251 255 247 255 255 255 255 247 255 255 255 255 255 254 255 255 247 127 191 255 255 223 174 228 228 100 100 100 100 100 100 116 100 116 100 68 0 4 0 4 0 125 255 247 251 247 255 111 111 107 107 107 105 8 8 12 8 8 9 8 8 8 8 0 8 136 24 8 44 60 124 124 124 108 108 100 110 108 254 254 254 254 254 254 254 254 254 252 252 220 254 254 190 254 108 40 41 43 41 168 169 43 169 233 105 233 105 105 121 56 41 41 249 249 249 249 253 255 255 253 255 255 239 253 247 255 223 255 255 255 247 255 255 255 191 239 255 239 255 255 255 255 255 127 255 255 255 254 255 254 251 104 106 96 96 64 64 0 0 8 8 8 0 8 8 8 8 8 9 9 169 61 255 255 255 255 127 255 255 255 255 255 255 255 191 127 255 247 237 239 8 8 8 136 136 136 137 137 137 137 137 137 137 137 201 201 200 200 200 192 192 64 64 80
32 0 0 32 0 0 0 16 0 32 0 32 0 32 0 40 40 185 187 221 253 255 255 254 255 191 255 255 191 255 255 255 223 255 255 255 239 255 255 255 223 255 255 255 255 255 223 191 228 164 228 100 100 100 100 100 102 100 116 100 100 68 4 0 4 0 20 125 255 255 247 251 223 111 111 107 107 107 105 8 8 8 8 8 12 136 8 8 0 8 8 9 168 8 44 60 124 124 124 108 108 44 108 46 254 254 254 254 238 254 254 254 254 254 252 252 254 254 254 254 44 40 41 57 40 169 41 169 169 232 233 105 105 105 121 105 41 41 249 217 249 249 253 255 255 255 127 191 223 255 253 255 191 255 254 255 255 255 223 255 231 255 239 255 255 255 254 255 247 255 127 255 247 255 126 255 254 106 104 96 96 72 64 0 0 8 8 8 8 8 8 8 136 8 9 9 57 189 255 255 254 255 255 255 255 254 255 191 255 127 123 191 255 255 239 237 8 8 8 136 136 136 137 137 137 137 137 137 137 137 201 233 200 200 200 192 192 64 64 64
0 4 0 8 8 128 0 0 0 0 32 16 32 0 32 40 40 185 221 255 253 255 255 255 255 251 247 255 255 255 255 255 255 255 255 255 255 255 127 247 255 254 255 255 191 255 255 244 164 228 164 100 100 100 100 100 100 100 100 102 100 68 0 20 1 4 0 125 255 255 247 255 255 111 47 107 107 107 105 8 8 8 8 8 8 8 8 4 8 8 8 8 8 40 44 60 124 124 116 108 108 108 44 254 254 190 238 254 254 254 254 254 254 254 254 252 238 254 126 254 40 40 41 40 41 41 169 169 168 233 233 104 105 105 105 107 41 41 249 217 249 249 253 255 255 255 191 223 255 255 255 223 255 255 255 255 255 255 255 255 255 239 247 255 255 255 127 247 255 255 255 255 255 255 255 254 251 106 104 96 96 64 64 0 0 8 136 24 10 8 8 8 8 8 9 9 57 185 223 255 255 255 255 255 251 255 255 247 255 253 255 255 255 255 239 236 8 8 8 136 136 136 137 137 137 137 137 137 137 137 201 201 200 136 216 192 192 64 64 96
4 0 0 8 0 0 32 0 0 16 0 32 0 32 0 40 40 153 253 253 255 255 247 255 255 255 251 255 127 255 255 254 255 255 251 254 254 255 255 127 255 255 253 223 255 239 253 253 228 164 100 36 100 100 100 100 100 100 100 100 100 70 4 0 5 0 4 125 191 255 255 255 255 111 107 107 107 107 105 8 8 8 8 8 136 8 16 8 24 8 8 40 8 40 36 60 60 124 124 108 108 108 108 254 252 238 254 254 254 246 254 254 254 254 238 246 254 254 254 126 40 40 40 41 41 41 169 168 169 233 233 105 104 121 105 105 41 41 249 249 249 217 253 255 255 255 223 251 223 255 255 255 255 255 255 255 255 255 255 255 255 255 237 255 255 255 255 127 191 255 255 255 255 127 255 255 254 106 104 96 96 68 64 0 0 8 9 136 8 8 8 12 8 8 9 9 57 153 251 255 255 255 255 255 247 255 223 255 255 255 255 255 247 255 239 236 8 8 8 140 137 136 137 137 137 137 137 137 137 137 217 201 200 232 200 192 192 64 64 64
0 4 0 16 0 0 0 0 0 0 0 0 32 0 32 40 8 185 253 253 255 247 255 255 255 251 247 255 255 255 239 253 223 253 255 255 251 127 255 255 255 255 255 251 255 255 255 253 228 100 36 100 36 100 100 100 100 100 100 100 100 68 0 6 0 4 0 61 255 223 255 127 255 111 107 107 106 107 41 10 8 40 8 8 8 0 12 24 8 8 8 8 40 32 40 60 60 124 126 108 108 108 108 252 254 254 246 254 254 254 126 254 254 126 190 110 254 254 254 254 40 40 40 41 41 41 168 169 169 233 232 105 105 105 105 105 57 41 249 249 249 249 189 255 255 255 255 223 255 191 191 255 255 255 255 191 255 253 255 255 255 255 255 255 255 247 255 255 255 255 127 255 255 255 255 255 254 106 104 96 96 64 64 0 0 10 8 8 8 8 8 8 8 8 9 9 25 185 255 255 127 255 255 255 255 255 255 255 255 255 191 223 255 255 237 236 8 8 8 136 136 137 137 137 137 137 137 137 137 137 201 201 200 200 200 192 192 64 64 64
8 0 0 8 1 0 0 0 0 0 16 0 4 32 0 8 40 185 253 253 251 223 255 255 255 191 251 255 255 255 255 255 253 255 255 255 255 255 255 254 254 255 239 255 255 254 255 255 228 100 100 36 100 36 100 100 100 100 100 100 100 68 4 0 4 32 4 29 191 254 253 191 127 111 107 107 107 107 10 8 8 12 8 8 0 8 8 12 8 8 8 8 36 40 40 60 60 124 60 108 108 108 108 252 254 254 254 254 254 254 254 254 254 254 110 254 254 254 254 254 40 56 40 41 41 40 169 185 169 233 249 107 105 107 105 105 105 57 249 249 249 249 253 255 255 255 255 255 251 247 255 255 255 255 255 255 255 251 223 255 255 239 255 255 255 127 223 255 255 239 255 251 127 255 255 255 254 106 104 96 96 64 64 0 0 8 8 8 8 8 8 8 8 8 9 9 25 185 255 255 255 255 191 223 255 255 255 255 255 255 207 255 255 255 237 236 8 8 8 136 136 137 137 137 137 137 169 169 137 137 201 201 200 200 200 224 192 64 64 64
0 0 0 0 0 0 0 8 8 0 0 0 32 0 0 8 40 185 252 221 127 255 255 255 255 251 191 255 253 255 223 255 239 255 223 255 255 255 255 255 239 255 255 255 255 239 255 255 228 100 100 100 36 100 36 100 100 100 100 100 100 68 0 4 0 4 0 29 254 255 255 127 255 111 107 107 107 107 8 8 8 8 9 0 8 8 8 9 8 40 8 0 8 40 40 60 60 60 108 108 108 108 108 252 254 254 254 254 254 254 254 254 222 254 252 254 254 254 254 254 56 40 40 41 56 41 169 169 169 233 233 105 107 105 105 105 105 121 249 249 249 121 253 255 255 255 255 251 255 251 255 127 251 255 255 255 255 255 255 255 255 255 255 255 255 251 255 127 255 255 253 255 255 255 255 255 255 106 104 96 96 64 66 0 0 8 8 8 136 8 8 8 8 8 9 9 25 185 191 255 255 247 223 255 255 255 255 254 255 255 255 255 255 255 237 236 8 8 8 136 136 137 137 137 137 137 169 137 137 137 201 201 204 200 200 192 192 64 64 64
0 0 0 8 0 0 0 8 4 16 0 0 0 0 0 8 40 184 245 253 255 255 255 251 255 191 255 255 255 255 255 251 255 255 255 255 255 255 255 255 255 255 255 255 255 191 255 255 228 100 100 100 100 36 100 36 100 100 100 100 100 68 4 0 4 0 4 28 127 255 255 255 123 111 107 107 107 107 8 8 8 8 128 12 10 8 8 8 136 8 0 8 8 40 40 61 60 44 108 108 108 108 108 252 254 254 238 254 252 254 254 254 254 254 254 254 254 254 254 254 238 40 40 40 41 41 169 169 169 233 233 105 105 105 105 105 105 121 249 249 249 249 253 255 239 255 255 255 251 239 255 255 255 255 255 255 255 255 255 127 255 255 251 255 255 255 255 255 251 255 255 127 255 255 255 255 255 106 104 96 96 96 64 0 0 8 8 8 8 8 9 8 8 8 9 9 25 57 255 255 255 255 255 255 223 255 255 254 255 255 223 251 255 255 237 236 8 8 8 136 136 137 137 137 137 137 137 137 169 137 201 200 200 200 200 192 192 64 64 64
0 16 0 0 8 16 0 0 8 132 0 0 0 0 0 8 42 176 184 253 255 255 254 255 127 239 253 255 254 239 255 255 253 255 255 191 255 255 255 255 253 223 255 255 255 239 255 191 100 100 100 100 102 100 36 100 36 100 100 100 100 68 0 4 16 4 0 28 255 255 255 255 255 107 107 107 107 107 24 8 8 2 8 12 8 8 8 8 8 0 8 8 8 40 40 61 45 44 108 108 108 108 108 252 254 254 222 254 254 254 254 254 254 254 252 246 246 254 254 254 238 40 40 40 41 41 169 169 169 233 233 105 105 105 105 105 105 121 249 249 249 249 221 253 255 255 255 127 255 255 255 254 255 255 127 255 255 255 255 255 255 255 255 223 255 255 255 255 255 253 255 255 255 255 255 255 255 106 108 96 96 96 64 0 2 8 8 8 8 8 8 8 8 8 9 9 153 57 255 254 255 191 255 255 255 253 253 255 255 239 255 255 255 255 237 236 8 136 8 136 136 137 137 137 137 137 169 137 137 137 201 200 200 200 200 196 192 64 64 64
0 0 0 0 128 8 0 2 0 0 0 0 0 4 0 9 176 42 184 253 254 255 255 254 255 255 255 255 255 255 255 247 255 251 255 255 254 247 255 255 255 255 255 255 255 255 255 100 37 116 100 100 100 100 100 36 100 36 100 100 100 68 4 0 132 0 5 28 255 255 251 127 191 107 107 107 107 123 107 8 128 8 8 8 12 8 8 8 0 8 8 8 8 44 44 45 44 44 108 108 108 44 108 252 254 254 254 254 254 254 222 238 254 126 238 252 254 254 254 254 238 40 40 40 41 41 169 169 169 233 233 105 105 104 105 105 105 121 249 249 249 249 253 253 247 255 255 255 253 247 255 247 255 247 127 127 255 255 255 255 255 191 127 255 255 255 255 255 255 255 254 254 191 255 251 255 255 110 120 112 100 96 64 32 8 9 40 12 8 8 10 8 8 8 9 9 25 185 254 255 255 255 255 255 255 239 189 255 247 255 255 255 255 247 237 236 136 8 136 136 136 137 137 137 137 137 137 137 137 137 137 200 216 204 200 192 208 66 64 64
0 8 0 64 0 0 0 16 0 0 0 2 32 0 64 16 9 185 186 252 255 251 255 255 251 223 255 255 255 255 255 255 255 253 127 255 255 254 255 255 255 255 255 255 239 255 223 101 100 37 100 102 100 100 100 100 36 100 36 100 100 68 0 4 0 4 0 29 255 255 255 255 107 107 107 107 123 107 107 0 8 136 8 40 10 40 8 0 8 8 8 8 8 44 44 44 44 44 108 108 108 108 108 252 246 254 252 254 126 254 254 254 254 254 254 190 254 254 254 254 238 44 40 40 41 41 169 169 169 233 233 105 105 105 105 105 105 121 249 249 249 185 253 249 249 255 255 255 255 253 247 255 247 255 239 255 255 255 255 191 191 127 239 255 255 255 255 255 191 255 255 255 255 255 255 255 255 126 126 120 96 96 96 0 8 8 8 8 10 8 8 12 8 8 137 11 25 184 239 223 255 255 255 255 255 255 255 255 255 253 255 253 255 255 237 236 8 136 136 136 136 137 137 137 137 137 137 137 137 137 136 200 200 200 200 192 192 68 64 96
128 0 0 0 0 0 128 0 0 0 0 32 0 0 0 64 25 184 253 254 255 255 255 255 255 255 255 254 255 239 191 255 255 255 255 255 247 255 191 255 255 127 255 255 191 255 255 85 101 116 37 100 100 100 100 100 100 36 100 52 100 68 4 128 4 0 4 29 255 255 255 255 43 107 107 123 107 107 107 8 8 8 8 8 40 8 16 8 8 12 9 8 8 44 44 44 44 44 108 108 100 108 108 252 252 254 254 238 126 254 254 126 254 238 254 254 254 254 254 254 238 40 40 40 41 41 169 169 169 249 233 105 105 107 105 105 41 121 185 249 249 249 249 253 249 255 255 255 255 255 253 247 255 255 255 255 255 255 255 255 127 254 191 255 255 255 255 255 251 255 223 255 255 255 255 255 255 191 126 126 96 96 96 0 8 8 8 8 8 8 8 8 9 8 9 25 26 169 255 255 255 255 255 255 255 255 255 255 255 255 253 255 255 255 237 236 136 136 136 136 168 137 153 137 137 137 137 137 137 136 152 200 200 200 200 192 192 64 66 64
0 0 0 0 0 0 0 0 0 0 0 0 0 0 0 0 88 185 188 191 255 255 255 255 255 255 191 127 255 255 255 255 255 255 255 255 255 255 255 127 255 255 247 255 255 255 255 253 85 97 100 36 100 100 100 100 100 100 36 100 38 68 0 4 0 4 0 29 247 255 255 251 107 107 123 107 107 107 107 8 8 8 8 8 8 0 8 8 8 8 8 8 10 44 44 44 36 46 108 108 110 108 108 252 188 254 252 254 254 254 254 254 254 254 254 252 254 254 254 254 238 40 40 41 41 41 169 169 169 233 233 107 105 105 41 105 105 57 249 249 249 249 249 249 253 255 255 127 251 239 255 253 255 255 255 239 255 247 247 239 255 255 253 255 255 255 254 255 255 191 255 255 251 251 255 255 255 126 247 126 96 96 96 0 8 10 8 8 8 8 8 8 8 9 9 24 169 187 255 255 255 255 255 255 255 253 255 251 239 255 255 191 253 255 237 236 136 136 136 136 136 137 137 137 137 137 169 137 137 136 136 200 200 200 200 192 192 64 66 64
0 0 0 0 0 0 0 16 64 32 0 128 0 0 32 0 26 248 189 255 255 255 255 255 253 254 95 255 255 255 254 255 239 255 255 255 255 255 255 223 255 255 127 253 255 255 255 239 253 69 96 100 52 100 100 100 100 100 100 100 68 68 4 0 4 16 4 21 29 255 253 251 107 123 107 106 107 107 107 8 8 8 8 8 0 8 8 9 9 136 8 9 44 44 44 36 44 108 108 108 44 108 108 252 252 252 254 254 254 254 254 254 254 254 222 254 254 254 254 126 238 40 40 41 41 41 169 169 169 233 233 105 105 105 105 105 121 121 249 249 248 217 249 249 253 255 254 255 191 127 255 255 255 255 255 255 255 253 255 255 255 247 255 255 223 251 255 255 255 255 255 253 255 255 255 255 255 255 126 247 96 96 96 0 8 24 8 8 8 9 8 8 8 9 8 25 185 255 255 255 255 255 255 255 255 255 255 255 251 255 191 253 255 253 237 236 136 136 152 136 136 137 137 137 137 137 137 137 136 136 136 200 200 200 200 192 192 96 64 64
4 0 0 0 0 0 128 128 0 0 0 0 128 0 8 128 248 186 125 255 255 254 255 255 251 255 255 247 254 223 247 255 255 253 253 255 255 255 191 255 253 255 191 255 253 239 255 255 239 103 68 96 100 36 100 100 100 100 102 100 68 84 128 4 0 4 80 4 29 125 255 239 123 107 43 107 107 107 107 8 136 8 8 0 8 8 8 9 8 8 24 8 60 45 36 44 44 108 108 108 108 108 108 252 244 252 254 254 254 254 254 254 254 254 254 254 238 254 238 254 110 40 40 41 41 41 169 169 169 233 233 105 105 105 105 41 121 121 249 249 249 185 249 249 253 223 255 255 127 255 253 255 255 255 255 255 255 255 253 255 255 255 255 253 253 255 255 247 191 255 255 255 191 255 255 255 255 255 255 126 96 96 96 0 8 8 8 8 8 8 24 8 40 8 9 25 185 255 255 255 255 255 255 255 255 247 255 255 255 255 253 255 253 255 237 236 136 136 136 136 136 137 137 137 137 137 137 136 136 136 152 200 216 200 200 192 192 64 68 68
64 0 0 32 0 64 0 0 0 8 0 32 0 0 0 8 184 125 254 254 255 247 255 255 255 223 255 255 255 255 223 191 255 255 253 254 255 255 255 255 255 255 255 255 255 255 255 127 239 103 100 196 96 100 36 100 100 100 100 100 68 68 4 64 4 0 4 16 157 125 255 255 239 107 107 107 107 107 107 8 9 8 0 40 8 8 8 24 136 10 8 24 44 36 44 60 44 108 108 108 108 108 108 252 252 252 254 254 254 254 254 254 254 254 254 254 238 238 254 238 46 40 40 41 41 41 169 169 169 233 105 105 105 105 105 105 57 121 249 249 249 249 249 249 253 255 191 255 255 255 127 255 255 255 255 239 191 253 255 127 255 251 255 255 253 255 255 255 255 255 255 223 255 255 255 247 255 255 255 255 96 96 96 0 8 8 8 8 8 8 8 8 8 8 11 25 185 255 255 255 254 255 255 255 255 247 255 247 255 223 255 189 255 253 229 236 136 136 137 136 136 137 137 137 137 137 136 136 136 136 136 216 200 200 200 192 192 64 64 68
0 0 4 8 0 2 128 0 0 2 0 16 0 0 0 8 56 252 255 255 255 255 255 255 255 255 255 255 255 255 255 255 255 255 255 255 247 255 255 255 255 255 255 255 255 223 255 255 47 103 100 100 68 96 100 36 100 100 100 100 68 68 192 4 8 4 0 4 157 253 255 255 238 107 107 107 107 107 107 25 8 0 8 8 136 8 8 8 8 8 8 8 100 44 46 44 44 108 108 100 108 108 108 252 252 244 254 254 254 254 254 254 254 254 254 254 238 254 238 174 40 41 40 41 41 41 169 169 169 233 105 105 105 105 105 105 121 121 249 249 249 248 249 249 253 255 251 254 191 255 255 255 251 239 255 255 253 255 255 255 251 255 255 255 255 255 127 255 255 255 255 255 254 255 253 255 191 255 255 255 96 96 96 32 8 8 8 8 8 136 8 8 8 8 27 27 185 255 255 255 255 127 251 251 255 255 247 127 255 239 255 255 253 255 237 236 140 152 136 136 136 137 137 137 137 136 136 168 136 136 137 200 136 136 200 192 192 66 64 64
0 0 4 8 0 132 0 0 32 0 0 0 0 0 0 8 56 244 253 255 255 255 247 255 255 255 251 255 255 255 191 255 255 255 255 255 255 255 255 255 127 255 255 253 253 255 255 223 103 39 100 100 100 68 96 100 36 100 100 116 68 68 68 1 4 0 132 64 157 253 247 255 239 107 107 107 107 107 122 106 0 8 8 8 8 8 8 8 8 136 10 0 8 44 44 44 44 108 108 108 108 108 108 252 252 252 254 254 254 238 254 254 254 254 238 254 254 174 238 40 40 40 41 41 43 41 169 169 169 233 105 105 105 105 104 105 121 121 249 249 249 249 249 249 253 255 247 255 255 255 255 255 255 255 251 255 255 223 253 255 127 239 255 255 239 255 191 223 255 255 239 251 255 255 247 255 223 255 247 223 96 96 96 8 24 8 8 136 8 8 8 8 8 8 27 185 187 255 255 255 191 127 255 255 255 255 255 255 255 223 255 255 255 253 237 236 136 140 136 136 136 137 137 137 136 136 136 136 136 136 152 136 136 136 136 192 192 64 64 64
64 0 0 0 0 0 0 0 0 64 0 0 0 0 0 8 48 56 253 255 255 255 255 255 255 255 255 255 223 255 255 255 255 255 255 253 253 255 255 251 255 191 255 255 253 255 255 223 71 100 36 100 100 100 68 96 100 100 100 100 68 68 68 4 0 6 0 132 221 253 253 255 239 107 107 107 107 123 107 106 8 8 136 8 40 136 24 8 24 40 0 8 8 44 44 44 44 108 44 108 108 108 108 252 252 252 254 254 254 254 190 254 254 254 254 254 254 238 174 41 40 40 41 43 41 41 169 169 169 233 105 105 41 105 41 105 121 121 249 249 249 249 249 249 221 251 255 251 254 191 255 127 239 255 127 255 254 255 127 255 239 254 254 255 255 247 222 255 255 255 255 247 255 255 255 255 255 191 255 247 64 96 96 8 9 8 8 8 8 8 8 8 8 8 185 187 253 127 255 255 123 253 255 255 255 251 255 255 255 253 223 254 255 255 237 236 140 136 136 136 136 137 137 136 136 136 136 136 136 136 136 136 136 136 128 128 192 64 68 64
8 0 0 32 0 1 0 32 0 0 2 2 4 0 4 0 8 56 252 255 255 255 255 255 255 255 255 247 255 254 255 255 255 255 191 255 253 255 255 255 255 255 255 255 255 255 255 255 103 68 100 100 100 100 100 68 96 100 116 100 100 68 100 0 4 0 4 0 221 253 249 255 239 107 107 107 107 107 107 106 8 8 8 8 24 8 136 24 136 128 8 8 8 44 44 44 44 44 108 110 108 108 108 252 252 252 254 254 254 254 254 254 254 254 252 254 126 238 41 40 40 40 41 41 41 41 169 169 169 233 105 105 105 41 105 105 121 121 249 249 249 249 249 249 249 255 219 255 191 255 255 255 239 127 191 127 255 255 255 253 255 255 255 255 255 255 255 191 255 247 255 255 255 255 255 255 255 254 255 255 96 64 96 8 8 8 8 10 8 8 8 8 8 8 185 253 255 255 191 255 255 255 255 255 255 251 255 255 255 255 255 255 254 255 237 236 136 136 136 136 136 137 136 136 136 136 136 136 136 136 136 137 136 136 192 129 128 68 64 64
0 0 0 0 0 0 0 0 0 8 0 36 0 4 0 0 8 56 252 255 239 255 255 255 255 254 255 255 255 255 253 191 255 127 254 255 255 255 255 255 251 255 255 255 255 255 255 255 103 100 68 100 100 100 100 100 68 96 102 100 100 100 68 4 0 5 0 20 221 253 189 255 239 107 107 107 107 107 107 106 8 24 8 8 8 24 8 136 128 8 8 24 40 44 45 44 44 44 108 108 108 108 108 124 252 252 254 254 222 254 254 254 254 254 126 254 252 103 40 40 44 56 41 41 57 41 169 169 169 233 105 105 107 105 105 105 121 121 249 249 217 249 249 249 249 249 253 255 255 127 255 255 255 253 127 255 255 255 239 255 255 251 255 255 255 127 255 255 255 255 255 255 255 255 255 255 254 255 255 255 96 104 64 9 40 8 8 8 12 9 8 8 9 8 185 253 255 255 127 223 255 255 255 255 254 255 255 255 255 254 255 255 223 255 237 228 136 136 136 136 136 136 137 136 136 140 136 136 136 136 136 136 136 128 128 128 0 2 64 64
0 1 0 0 0 0 0 1 64 0 0 0 4 16 0 0 8 56 252 255 255 255 255 255 255 255 255 255 255 255 223 255 255 223 255 255 255 255 251 255 255 255 255 255 255 255 255 191 103 100 100 68 100 102 100 100 100 68 96 100 100 100 68 0 68 0 4 2 221 253 253 254 239 107 107 107 107 107 107 110 10 8 136 8 8 9 8 128 8 8 8 8 40 44 44 44 44 44 108 108 108 124 108 124 252 252 254 254 254 254 190 254 254 254 238 254 254 108 40 40 40 36 41 41 41 41 169 169 169 233 105 104 105 105 105 105 120 121 249 249 249 249 249 249 249 249 253 255 255 255 255 255 255 255 239 251 255 255 255 191 253 255 255 255 239 251 251 255 255 255 253 223 255 255 255 253 255 255 239 255 104 96 72 8 8 8 8 8 8 8 10 10 8 9 185 221 239 255 255 255 255 253 251 247 255 255 255 253 255 255 255 255 255 255 237 236 136 168 136 136 137 136 136 136 136 136 136 136 136 136 136 136 128 128 128 0 0 64 32 64
0 1 64 0 0 0 0 0 0 0 0 0 0 4 0 0 8 56 252 255 255 239 251 247 223 255 247 255 255 223 255 127 255 255 255 255 255 255 247 255 251 127 255 255 253 255 255 103 35 100 100 100 68 100 100 100 116 100 68 96 100 100 68 68 0 4 0 221 219 253 253 253 239 107 107 107 107 107 111 106 8 8 8 8 8 40 0 8 8 8 8 8 41 44 44 44 44 44 108 108 110 108 124 124 188 188 254 238 254 254 254 126 254 254 254 254 254 108 41 40 34 40 41 41 41 41 169 169 169 233 107 105 105 105 105 105 121 121 249 249 249 185 249 249 249 249 221 255 255 127 255 127 255 255 247 255 255 255 255 253 247 127 255 255 255 255 255 255 255 255 255 255 255 223 255 255 255 255 251 239 104 104 72 8 8 8 8 8 8 8 10 10 8 9 153 253 255 255 255 255 127 255 255 251 254 255 191 255 247 255 255 255 255 255 237 236 168 136 140 136 136 136 136 136 136 136 136 136 136 136 136 128 128 128 0 0 2 0 64 32
0 1 128 32 0 0 0 0 4 0 0 8 0 0 0 0 9 56 252 223 255 255 255 251 255 255 255 255 255 255 255 255 255 191 255 255 255 255 255 255 127 255 255 255 255 255 251 103 100 34 100 100 100 68 102 100 116 116 100 68 96 100 68 68 4 0 4 217 253 255 253 253 231 107 43 107 107 111 107 106 8 8 8 8 8 0 10 8 12 8 8 136 40 44 36 44 44 44 108 108 100 108 124 124 252 188 254 254 254 254 254 254 254 254 254 254 254 108 40 96 40 40 41 41 41 41 169 169 169 233 105 105 105 105 105 105 121 121 249 249 249 249 249 249 217 249 253 255 255 223 127 255 255 239 255 191 255 255 255 255 253 255 239 255 255 255 255 251 255 255 255 223 255 255 255 255 255 255 251 235 104 104 72 8 8 8 8 8 136 8 10 8 136 9 153 253 255 223 239 255 255 255 255 255 223 255 255 255 255 255 255 223 255 255 237 236 136 136 136 136 136 136 136 140 136 136 136 168 136 136 160 128 128 0 0 0 1 0 64 16
0 0 0 0 0 4 0 1 0 0 0 0 0 32 8 0 8 57 252 223 255 255 254 255 255 255 255 255 255 255 127 255 253 255 255 255 255 127 255 255 255 255 255 255 255 239 255 99 102 100 32 100 100 100 68 100 100 116 100 100 68 96 68 68 0 4 0 221 253 253 255 253 229 107 107 107 111 107 107 106 8 40 8 40 0 136 8 8 8 8 8 8 40 36 44 44 44 44 100 108 108 110 124 124 252 252 254 254 254 254 254 254 254 254 254 254 190 108 96 40 44 40 41 41 41 41 169 169 169 233 105 105 105 105 105 105 121 121 249 249 249 249 249 249 249 249 253 255 255 255 223 255 255 255 223 255 255 255 255 255 255 255 255 255 251 255 247 255 255 255 255 255 255 239 255 255 255 255 247 235 104 104 72 8 8 8 8 8 8 136 8 8 8 137 153 249 255 255 255 255 255 255 239 255 255 255 255 255 127 255 255 255 255 239 237 172 136 136 136 136 136 168 136 136 136 136 136 136 136 128 128 128 0 0 0 0 0 0 0 72
0 0 0 0 0 0 0 0 128 0 0 0 0 0 0 8 12 56 253 255 253 254 255 255 255 223 255 255 255 255 255 255 255 255 255 247 247 255 255 255 255 255 239 255 191 255 231 103 98 100 100 32 100 100 100 68 100 100 100 100 100 68 64 68 20 0 4 221 253 253 221 255 237 106 107 111 107 107 107 110 40 8 56 0 8 24 8 8 8 8 40 8 32 40 44 44 44 36 44 108 108 124 126 124 252 252 254 254 222 254 254 254 254 126 190 254 108 108 104 40 40 40 41 41 41 41 169 169 169 233 105 105 105 105 105 105 121 121 249 249 249 121 248 249 249 249 253 255 127 255 255 253 255 255 255 223 255 127 255 191 255 255 191 255 255 255 255 255 191 247 255 255 255 255 255 255 255 255 247 235 104 40 72 8 8 8 8 8 8 136 8 9 40 137 153 249 255 255 255 255 255 255 255 255 255 255 255 255 255 255 255 255 255 239 236 136 136 140 136 136 140 168 136 136 136 137 136 152 128 128 128 1 0 0 0 0 0 0 0 0
0 0 0 0 16 0 2 64 0 16 0 8 64 0 16 8 10 60 253 253 255 255 247 255 255 255 251 255 255 255 255 255 255 255 255 191 255 253 255 255 255 255 255 255 255 255 231 103 102 96 100 100 32 100 100 100 68 100 100 100 100 68 68 64 64 4 0 221 253 253 253 253 175 107 111 107 107 107 111 106 8 40 0 8 8 8 8 8 8 8 8 32 8 40 44 44 36 44 36 108 108 124 124 126 252 220 254 254 254 190 254 190 254 254 254 238 108 108 104 42 40 40 41 41 41 41 169 169 169 233 105 105 105 107 105 105 89 121 249 121 249 249 249 249 249 217 221 255 239 254 255 223 255 239 255 253 191 255 255 255 255 255 255 255 251 255 255 255 247 191 254 239 255 255 255 255 255 255 255 235 104 200 8 8 8 8 8 24 8 8 8 12 9 153 153 249 255 255 255 255 255 255 191 255 127 247 255 255 255 255 223 255 255 239 236 137 136 136 136 136 137 136 152 136 136 136 137 128 128 128 32 0 0 128 0 0 0 0 1 0
0 0 0 0 8 0 64 2 0 0 0 16 0 64 0 8 60 62 252 125 255 255 223 255 255 253 223 223 255 255 191 223 255 255 255 255 255 255 255 255 255 255 247 251 223 255 231 102 102 100 96 100 100 32 100 100 100 68 100 100 100 68 68 64 64 1 4 221 221 245 253 253 107 111 107 107 107 111 107 106 40 128 8 8 8 8 8 8 8 8 0 12 41 40 44 36 44 38 44 108 108 116 124 252 254 252 252 254 254 254 190 254 246 238 222 174 108 108 104 40 40 40 41 41 41 41 169 169 169 233 105 105 105 105 105 105 89 121 121 121 249 249 249 249 249 249 221 253 255 254 191 255 255 223 255 253 127 255 255 255 255 255 255 255 255 255 255 255 191 254 255 255 255 255 255 247 254 191 255 235 232 72 8 8 8 8 8 8 8 8 8 8 137 153 153 249 255 253 255 255 255 255 255 255 255 127 255 223 255 254 255 191 255 239 237 136 136 136 136 136 140 136 136 152 136 136 128 128 128 8 0 0 0 0 0 4 0 4 0 2
0 0 0 0 0 0 0 0 4 0 0 0 0 0 0 8 60 252 94 249 255 255 255 239 127 255 254 255 255 255 219 255 255 255 255 239 255 255 255 255 253 255 255 253 239 255 231 102 102 100 100 96 100 100 32 100 100 100 68 100 100 68 68 192 192 0 1 221 221 221 253 253 110 107 107 107 111 107 43 106 0 8 8 8 40 8 8 8 8 8 8 10 40 40 36 44 36 44 44 108 108 108 124 252 252 254 244 254 254 254 254 254 246 254 238 108 108 108 104 40 40 42 41 41 41 41 169 169 169 233 105 105 105 105 41 105 121 121 89 120 249 249 249 249 249 121 253 253 255 255 255 255 255 253 255 255 255 255 223 255 255 255 255 255 127 223 255 255 252 251 255 255 255 255 255 255 255 255 247 235 232 104 9 9 8 8 8 8 40 8 10 40 137 153 153 249 253 255 255 255 255 251 255 255 239 255 255 255 255 254 255 223 255 239 237 136 136 136 136 136 136 136 136 137 136 129 128 128 0 0 0 0 0 2 0 0 4 0 0 32
0 0 64 8 64 0 0 0 0 32 0 4 64 0 0 8 60 124 253 255 255 255 255 255 255 247 127 255 239 255 247 255 255 255 255 255 247 255 253 127 255 191 255 255 255 239 231 102 102 100 100 100 96 100 100 32 100 100 100 68 100 68 68 64 192 0 0 221 157 221 252 252 111 107 107 111 107 107 106 42 8 8 10 8 12 8 8 8 8 8 8 40 40 32 40 36 44 44 44 108 108 108 60 252 252 252 254 254 254 254 254 222 254 254 238 108 100 108 104 40 40 41 41 41 43 41 169 169 169 233 105 105 105 105 41 105 121 121 121 121 249 249 249 249 249 249 125 253 255 253 255 255 191 255 255 255 223 255 127 255 255 255 255 255 255 255 254 251 255 239 127 255 255 255 255 255 255 255 255 235 232 40 25 8 8 9 8 8 12 8 40 8 137 153 153 249 253 255 247 255 255 255 255 255 223 255 255 255 254 255 251 255 247 111 237 136 136 136 136 136 152 136 136 168 129 128 128 128 0 0 64 0 0 0 0 0 0 0 0 0
32 0 0 64 0 0 0 4 64 0 128 0 0 0 0 40 60 124 253 255 255 253 255 255 255 253 255 239 255 255 255 251 255 255 255 255 253 251 255 223 255 239 255 251 255 239 231 102 102 100 100 100 100 96 100 116 32 100 100 100 196 68 68 64 64 0 0 157 221 221 253 252 111 107 111 107 107 107 106 136 24 8 8 8 136 8 8 8 8 8 8 40 32 40 34 40 44 36 44 108 108 108 124 124 220 252 190 254 246 254 254 252 254 254 238 110 108 108 104 40 40 41 41 41 41 41 169 169 169 233 105 105 105 105 105 121 121 121 121 121 248 249 249 249 249 249 253 253 253 255 255 255 127 255 255 127 255 255 254 255 255 255 255 191 255 255 255 191 255 255 253 239 255 255 255 191 254 255 191 235 232 8 40 8 8 8 8 8 12 8 8 8 137 153 153 249 253 255 255 255 255 255 255 127 255 255 255 255 191 255 255 255 191 237 236 136 136 136 136 136 136 136 136 128 128 136 132 0 0 0 0 4 0 0 0 0 0 8 0 0
32 0 0 0 128 0 0 0 0 2 128 0 0 0 0 40 60 124 253 239 255 247 255 127 255 223 255 255 255 255 255 255 255 255 255 255 255 255 127 255 255 255 255 239 255 239 231 102 102 100 100 100 100 100 96 100 100 32 102 100 70 68 68 64 64 0 64 153 221 221 253 253 111 111 107 107 107 107 232 8 136 136 8 8 8 8 12 8 8 8 8 32 40 48 40 40 36 44 44 108 108 108 124 124 188 252 254 254 126 254 246 254 254 190 238 110 108 108 104 40 40 41 41 41 41 41 169 169 169 233 105 105 105 107 105 121 121 121 121 121 249 121 249 249 249 249 253 253 253 255 255 255 255 255 255 255 255 255 255 255 127 255 253 255 253 255 239 255 253 251 255 255 255 255 239 254 255 239 235 235 248 40 40 8 8 8 8 8 8 8 8 8 137 153 153 249 253 255 255 255 255 255 223 255 255 251 255 255 251 255 255 255 237 237 236 136 136 168 136 136 136 136 128 128 128 128 0 0 0 0 2 0 0 4 0 128 64 0 0 0
0 0 0 0 8 0 0 0 16 128 0 0 16 1 0 44 60 124 253 255 255 255 255 255 255 255 191 255 254 255 255 255 255 255 255 247 255 253 255 255 255 255 255 251 239 239 231 102 102 100 100 116 100 100 100 96 100 100 32 102 68 68 68 64 64 64 1 217 221 221 253 253 107 111 107 107 107 171 104 136 136 8 8 8 8 8 8 8 8 8 0 8 34 40 40 32 40 44 44 108 108 108 124 124 252 252 254 254 254 222 254 254 254 238 238 110 108 108 104 40 40 41 41 41 41 41 169 169 169 233 105 105 105 105 105 121 121 121 121 121 121 249 249 249 249 121 125 253 253 255 255 255 191 255 253 255 254 255 255 255 255 255 255 253 255 255 255 255 254 255 191 255 255 255 247 255 255 239 235 251 235 40 8 8 8 8 8 8 136 8 8 40 137 153 153 249 253 255 255 255 239 239 255 255 255 255 255 239 255 255 255 255 237 237 228 136 136 136 136 136 136 128 128 128 128 64 0 2 0 64 0 8 0 4 8 0 0 0 0 0
0 0 0 0 0 0 64 8 0 128 4 2 0 0 0 44 60 124 253 254 255 255 247 255 254 127 255 255 255 255 255 255 255 223 255 191 255 255 223 223 255 255 255 255 239 239 231 102 102 100 100 100 100 100 100 100 96 100 100 32 196 84 100 66 64 64 64 217 221 221 253 253 111 107 107 107 235 108 168 136 136 8 8 8 136 136 24 8 12 0 8 0 8 40 32 40 40 44 60 108 108 108 124 124 252 252 254 254 254 254 254 254 254 174 238 110 108 108 104 40 40 41 41 41 41 41 169 169 169 233 105 105 105 105 105 121 120 121 121 121 121 249 249 249 249 249 125 253 253 255 255 255 255 255 255 255 255 255 255 251 254 251 255 255 255 255 255 255 255 247 254 251 255 247 255 255 255 239 251 235 235 8 8 8 8 24 24 24 136 8 8 8 137 153 153 249 253 255 255 255 239 255 253 247 255 247 255 127 255 251 223 255 237 237 236 168 136 136 136 136 128 128 128 136 0 0 0 8 0 0 0 4 0 0 16 2 4 0 0 4
2 0 16 0 0 0 2 64 0 0 0 0 0 0 0 44 60 124 252 255 255 255 255 255 255 255 255 255 251 191 255 255 255 255 255 255 255 255 255 255 255 255 223 255 235 238 231 102 102 116 100 100 100 100 100 100 100 96 100 68 0 196 68 64 64 64 80 217 221 221 253 253 111 107 107 235 111 232 136 136 10 8 8 8 136 8 152 8 0 8 1 40 8 32 40 40 40 44 44 108 108 108 124 124 252 252 246 254 254 254 254 254 254 236 238 110 108 108 104 40 40 41 41 41 41 41 169 169 169 233 105 107 105 105 105 121 121 121 121 121 121 217 249 249 249 249 253 253 253 253 255 255 223 255 223 255 253 255 255 255 251 255 247 255 255 253 255 255 191 255 255 127 255 253 255 255 255 127 239 235 235 40 8 8 8 24 24 8 8 8 8 8 137 153 153 249 253 251 127 255 255 255 255 189 247 255 255 255 255 255 191 255 237 237 236 136 136 136 136 144 128 129 128 0 2 0 0 0 0 0 0 0 0 0 0 4 0 0 0 0
0 64 0 0 0 0 192 0 0 0 0 0 0 4 0 44 60 124 252 255 255 255 255 255 255 255 255 255 255 255 255 255 255 255 253 255 223 255 255 255 255 254 255 255 239 239 230 102 118 102 100 100 100 100 100 100 100 100 96 68 68 1 68 64 68 64 96 217 221 157 253 253 111 107 235 47 235 232 136 8 8 8 8 8 8 152 8 0 136 0 8 8 32 8 40 40 40 44 44 108 44 108 124 124 252 124 188 254 126 254 238 254 254 238 238 110 108 108 104 44 40 41 41 57 41 41 169 169 169 233 107 105 105 105 105 121 121 121 121 121 121 249 249 249 249 121 253 253 253 253 255 255 255 223 255 255 255 223 247 191 255 255 191 254 255 255 255 255 255 255 255 251 255 255 255 255 255 255 111 235 235 8 8 10 8 24 136 8 8 40 8 8 137 153 153 249 249 255 255 255 255 255 255 247 189 255 255 255 255 239 255 255 237 237 236 136 136 136 128 136 128 160 0 0 4 0 0 0 0 0 0 0 0 0 64 32 0 0 0 0
16 0 0 0 16 0 0 0 0 1 0 0 0 0 4 44 60 124 252 255 255 191 254 255 255 255 239 254 255 255 255 255 223 255 255 255 255 255 255 255 255 255 255 239 239 239 230 118 102 102 100 100 100 100 100 100 100 100 100 80 68 68 0 100 64 64 64 249 221 221 253 253 111 235 111 235 235 232 8 8 8 8 8 40 8 8 0 8 4 9 8 0 8 40 40 40 40 44 44 44 108 108 124 124 124 252 252 246 254 126 254 254 254 238 238 110 108 110 124 40 40 41 41 41 41 41 169 169 169 233 105 105 105 105 105 121 121 121 121 121 121 249 185 217 249 249 253 253 253 253 253 127 251 255 255 255 255 255 223 255 255 255 254 255 255 255 255 255 255 255 253 254 255 255 254 255 255 255 239 235 235 8 8 8 8 8 8 8 8 8 8 40 137 153 153 249 185 255 127 255 255 223 255 253 255 255 254 255 255 255 239 255 237 237 236 136 136 128 136 128 128 0 0 0 0 0 0 64 0 0 0 0 0 4 128 0 16 0 0 0
0 0 32 0 4 0 0 0 0 0 8 0 0 32 0 44 60 60 252 251 255 254 255 255 255 255 255 255 255 191 255 255 255 251 255 255 255 255 255 255 255 255 254 239 239 239 246 230 102 102 100 100 100 100 100 100 100 100 100 100 64 68 68 128 64 64 64 217 253 221 249 249 239 111 235 235 235 232 8 10 8 12 8 12 24 4 8 0 8 12 0 8 8 40 40 40 40 46 44 44 108 108 124 124 124 252 252 188 254 254 254 254 254 238 236 102 110 124 110 40 40 41 41 41 41 41 169 169 169 233 105 105 105 105 105 121 121 121 121 121 121 249 217 249 249 249 221 253 253 253 253 255 255 255 255 255 255 251 255 255 247 254 254 127 255 251 255 255 255 255 255 255 255 255 255 255 255 255 239 235 235 8 24 8 40 8 8 8 8 8 8 9 137 153 153 185 249 255 251 255 255 127 223 255 223 255 239 255 255 253 255 239 237 237 236 136 128 137 128 128 0 0 0 0 0 0 0 32 0 0 0 0 32 0 0 128 8 4 0 0
64 16 0 0 1 8 8 0 32 0 0 0 0 0 32 44 60 60 252 253 255 127 255 239 223 255 255 255 253 255 255 255 255 255 255 255 251 255 255 255 239 255 255 239 239 255 239 230 102 102 100 100 100 100 100 100 100 100 100 100 68 64 68 64 0 64 72 217 221 221 253 249 239 239 235 235 235 168 8 12 8 8 12 8 4 8 2 10 8 0 8 8 136 40 40 40 40 44 44 44 108 108 124 124 124 252 252 252 254 254 254 254 254 238 238 110 126 110 108 40 40 41 41 41 41 41 169 169 169 249 105 105 105 105 105 121 121 121 121 57 121 249 249 249 249 249 253 253 253 189 253 255 255 255 255 251 255 255 247 255 223 255 255 255 255 255 255 255 239 255 255 255 251 255 255 255 255 255 238 235 235 8 9 8 8 9 8 8 8 40 8 9 137 153 153 185 249 251 247 255 255 255 255 223 251 255 253 253 255 127 255 239 237 237 236 128 136 129 128 0 0 0 0 0 8 0 0 0 0 0 8 0 0 0 0 0 0 8 0 0
1 64 0 0 0 8 0 0 0 0 1 0 0 0 0 44 60 60 252 253 223 191 255 255 255 255 127 251 251 239 127 255 255 255 255 255 239 255 255 127 223 255 191 175 255 111 239 228 102 102 100 100 100 100 100 100 100 100 100 100 100 196 66 64 64 0 72 217 157 221 253 253 239 239 235 235 235 24 8 9 8 8 8 4 136 0 12 8 0 8 40 8 136 40 40 40 40 44 44 44 108 108 124 124 124 252 244 252 254 254 252 222 254 238 238 126 110 110 108 42 40 41 41 43 41 41 41 169 169 233 105 105 105 105 105 121 121 121 121 121 121 249 249 249 249 249 253 245 253 189 253 255 255 255 254 255 255 247 254 255 255 255 255 255 255 255 255 255 255 247 255 255 255 223 255 255 255 255 239 235 235 9 8 24 8 8 8 8 136 8 24 9 137 153 153 185 217 255 251 255 255 255 255 255 255 223 255 253 255 255 255 239 237 237 236 136 160 129 0 0 0 32 0 0 0 1 0 4 0 0 2 32 0 1 0 0 0 128 0 0
0 128 0 0 0 128 0 0 0 0 0 0 0 0 0 44 62 60 252 253 255 255 253 247 254 255 255 251 255 255 127 247 255 191 255 255 255 255 255 255 239 255 239 255 239 239 239 102 100 102 100 100 100 100 102 100 100 100 100 100 100 68 64 64 64 64 72 217 221 221 253 253 239 237 235 235 251 235 10 136 12 8 0 8 0 8 8 0 8 8 8 8 8 40 40 40 40 36 44 44 108 108 124 60 124 252 252 252 254 254 222 254 254 238 254 238 110 110 110 40 40 41 41 41 43 41 41 169 169 233 105 105 105 105 105 121 121 121 121 121 121 249 249 249 249 249 253 253 253 253 189 253 255 255 255 255 255 255 255 254 255 255 255 251 223 253 255 255 255 223 255 255 255 255 253 255 255 255 239 235 235 8 8 8 8 8 8 8 8 8 8 9 137 153 153 153 249 251 253 223 255 127 127 255 255 255 255 255 255 255 255 239 237 237 236 160 128 0 0 0 2 0 8 0 64 1 0 0 0 1 32 16 0 0 0 32 0 0 0 0
0 4 16 0 0 0 0 16 0 0 0 0 0 0 0 44 52 63 252 245 255 254 255 252 255 255 255 255 255 239 251 127 247 255 255 255 255 191 255 255 255 239 255 239 237 239 239 102 102 100 100 100 100 100 100 100 100 100 100 116 100 68 68 64 64 64 72 217 221 220 253 249 237 239 235 251 235 235 136 8 8 0 8 64 9 24 0 12 8 8 8 8 8 56 40 40 32 40 44 44 108 108 124 124 124 244 244 252 254 254 246 254 254 254 238 238 110 110 110 40 44 41 41 41 41 41 41 169 169 233 105 105 105 105 105 121 121 121 121 121 121 249 249 249 249 249 253 253 253 253 253 253 255 255 255 255 255 255 255 255 255 223 127 255 255 255 255 255 247 255 255 255 255 255 223 255 255 255 239 235 235 8 8 8 8 8 8 24 8 8 24 9 137 153 153 153 249 253 255 254 255 255 255 255 255 255 255 255 223 255 255 239 237 237 236 128 0 0 0 0 0 4 0 0 0 0 0 0 0 0 0 32 0 0 0 0 0 32 0 0
64 0 4 8 0 0 0 0 0 0 0 8 4 0 16 36 44 252 255 252 255 251 254 255 255 255 255 255 255 255 255 255 127 255 255 255 127 255 191 255 255 255 239 239 239 239 239 102 102 100 100 100 100 100 100 100 100 100 100 100 100 68 68 68 64 66 72 217 217 221 189 253 237 239 251 235 235 235 8 8 0 8 128 8 9 1 8 9 8 8 8 8 8 56 56 32 40 40 44 44 108 108 124 124 124 124 244 252 254 254 254 126 254 254 238 238 110 110 110 44 40 41 41 41 41 41 41 185 169 233 105 105 105 105 105 121 121 121 121 121 121 249 249 249 249 249 253 253 245 253 253 253 255 255 255 255 255 255 255 255 255 255 255 255 223 255 223 223 255 247 255 255 251 255 255 255 255 255 239 235 235 8 8 10 8 8 8 8 8 8 8 9 137 153 153 153 248 253 255 254 251 253 255 255 223 255 255 255 255 255 255 111 237 237 236 0 0 0 0 0 0 0 0 4 0 0 4 0 0 0 0 0 0 0 0 0 0 0 0 0
0 0 0 32 4 0 0 0 32 0 0 0 0 2 0 0 44 252 252 247 191 255 255 251 127 255 255 255 255 247 255 255 255 255 255 255 255 255 239 255 247 255 111 239 239 239 239 102 102 100 100 100 100 100 100 100 100 100 100 100 100 68 68 68 64 72 72 216 217 221 253 253 237 127 175 235 235 171 8 32 8 0 8 40 1 8 9 12 8 8 8 24 8 58 32 40 40 40 44 44 108 108 124 124 124 124 124 252 254 254 254 254 254 254 238 238 110 110 110 41 40 41 41 41 41 41 41 169 169 233 105 105 107 105 105 57 121 120 121 121 121 249 249 249 249 249 253 249 245 253 253 253 255 255 255 223 239 255 255 255 251 255 251 223 255 223 127 255 255 255 255 253 255 255 255 253 255 255 239 235 235 8 8 8 8 8 9 8 8 8 8 9 137 153 153 152 249 125 255 255 255 255 255 239 255 255 191 255 254 254 253 239 237 229 236 0 0 1 0 0 0 0 0 128 16 0 0 0 0 0 0 0 128 0 4 0 0 0 0 0
0 0 0 0 0 0 0 0 0 8 16 0 0 0 0 0 44 252 252 252 255 255 127 255 255 255 255 255 255 127 255 255 255 255 255 255 239 191 255 255 251 239 239 239 239 239 239 102 102 100 100 100 116 100 100 100 100 100 100 100 100 68 68 68 80 72 72 216 217 221 253 253 253 239 235 235 235 8 32 8 0 40 8 0 8 9 8 8 8 8 8 8 24 32 40 40 42 40 44 44 108 108 124 124 60 124 124 252 254 254 254 254 254 222 238 238 110 110 111 40 41 41 41 41 41 41 41 169 169 233 105 105 105 105 105 121 121 121 121 57 121 249 249 249 249 249 249 253 249 253 253 253 255 191 255 255 223 255 191 255 255 251 127 255 223 254 255 255 255 255 255 191 255 255 255 255 255 255 239 235 235 8 8 8 8 8 12 8 10 8 8 9 137 153 152 153 249 253 255 255 255 255 255 255 255 254 255 255 247 255 255 237 109 237 228 32 4 0 0 0 16 0 2 0 128 0 0 0 128 0 2 0 0 0 0 128 0 0 0 0
0 0 1 0 0 1 0 0 64 64 40 0 16 0 0 8 44 124 252 252 255 253 255 255 251 255 255 255 127 247 255 127 251 255 254 255 255 255 255 255 255 239 239 239 239 239 239 102 102 100 100 100 100 100 100 100 100 100 100 100 100 68 68 68 84 72 72 216 217 157 253 253 253 239 235 235 235 32 8 0 8 8 128 8 8 8 8 10 8 8 8 8 0 9 40 40 41 40 44 44 108 108 126 124 124 124 124 252 254 254 254 254 254 254 238 238 110 111 110 41 41 41 41 41 41 41 41 169 169 233 121 105 105 105 41 121 121 121 121 121 121 249 121 249 249 249 249 249 253 253 253 253 255 223 255 239 255 239 255 255 127 255 255 255 254 239 255 255 255 239 253 255 255 255 253 255 255 253 235 235 235 8 24 8 8 8 8 8 8 8 8 25 137 152 153 153 249 253 255 255 255 255 255 255 127 255 127 255 255 255 255 237 237 237 228 4 2 1 0 32 0 0 16 0 0 0 16 0 4 0 0 0 0 0 0 0 0 0 0 0
2 0 0 0 0 1 0 0 0 96 4 0 64 0 0 8 44 124 252 188 253 255 255 255 255 255 255 255 255 123 255 255 255 247 127 255 255 239 255 255 255 239 239 239 239 239 239 102 102 100 100 100 100 100 100 100 100 116 100 100 100 68 70 68 68 88 8 220 217 213 253 253 253 239 235 235 235 8 0 8 8 0 12 8 8 8 8 8 24 8 8 0 8 8 40 44 40 40 44 44 108 108 126 126 124 124 124 252 254 254 254 190 254 246 238 238 111 46 111 41 41 41 41 41 41 41 41 41 169 233 233 105 105 107 105 121 121 121 121 121 121 121 249 249 185 249 249 249 189 253 253 253 255 255 255 255 239 255 255 255 255 255 255 255 255 255 247 255 255 255 255 247 255 255 255 255 255 255 235 235 235 8 8 8 8 10 8 8 8 8 9 9 152 153 153 153 249 253 255 253 255 255 255 127 255 127 255 255 223 255 255 237 237 237 228 0 33 0 16 0 0 8 0 0 0 0 1 0 0 0 16 0 0 0 0 0 0 64 8 128
0 2 0 0 0 0 0 8 0 1 0 0 2 1 0 8 44 124 252 252 253 255 255 255 255 255 255 191 255 255 255 255 255 255 255 255 251 255 255 251 251 239 239 239 239 239 239 102 102 100 100 100 100 100 100 100 100 100 100 100 100 68 68 68 68 76 88 216 221 217 253 253 253 239 235 235 235 0 8 8 128 8 8 8 24 10 9 8 12 10 0 8 8 8 40 40 40 40 44 44 124 108 126 126 126 124 124 252 254 254 254 126 254 254 238 239 110 111 47 41 41 41 41 41 41 41 41 41 169 233 233 105 105 105 104 121 121 121 121 121 57 121 248 249 249 249 249 249 253 253 253 253 255 223 239 255 255 255 255 255 255 255 253 247 255 254 255 255 255 239 255 255 255 255 255 255 251 255 235 235 235 8 8 136 10 8 8 8 8 8 9 8 153 153 153 153 217 253 252 255 255 255 191 255 127 255 255 223 223 255 255 237 237 237 228 32 0 0 2 32 0 0 128 0 0 0 0 0 0 0 2 0 8 0 0 0 2 0 0 0
0 0 0 0 0 8 0 0 0 16 0 0 3 2 0 8 44 124 252 252 249 255 255 255 255 255 255 251 255 255 255 255 251 255 255 247 223 255 251 247 255 239 239 239 239 111 239 102 102 100 100 102 102 100 100 100 100 100 100 100 100 68 68 196 68 76 92 216 217 221 189 253 253 239 235 235 235 8 8 8 8 12 8 8 8 9 8 8 8 0 8 8 136 8 40 40 42 40 36 44 108 124 126 126 126 126 124 252 254 254 222 254 254 222 231 238 111 111 41 41 41 41 43 41 41 41 41 41 169 233 233 105 105 105 105 121 121 121 123 89 121 121 248 249 249 249 249 185 253 221 253 245 255 255 255 255 255 247 253 255 255 255 255 221 255 255 255 255 247 255 255 255 255 255 255 255 255 251 233 235 171 24 8 8 8 8 8 8 40 8 8 9 153 153 153 153 217 253 253 255 255 255 255 255 191 255 255 255 255 255 251 237 237 173 228 0 64 0 32 128 0 0 0 0 0 0 0 0 0 64 32 0 4 0 0 0 0 0 0 4
0 0 2 0 0 0 64 0 8 0 4 0 0 0 0 8 44 124 252 252 253 255 223 255 253 255 255 255 253 255 255 255 254 255 254 255 255 255 255 251 255 239 239 239 239 239 111 102 102 100 100 100 102 100 100 100 100 100 100 100 100 68 84 68 68 108 92 220 217 217 253 253 253 239 235 235 234 8 8 8 40 8 8 8 8 8 8 8 8 8 8 8 8 8 40 40 40 32 40 44 108 124 126 126 126 126 126 252 254 254 254 254 254 253 206 239 111 111 43 41 41 41 41 41 41 41 41 41 169 233 233 105 105 105 105 121 121 121 57 123 121 121 249 249 249 249 249 249 252 253 253 253 127 255 255 255 255 255 255 223 255 255 255 255 255 247 255 255 255 191 255 255 255 255 255 255 255 254 235 235 24 171 8 10 8 8 8 8 8 8 8 9 153 153 153 153 217 253 253 255 191 255 255 255 255 255 255 255 254 255 255 173 237 100 164 68 0 0 32 32 0 0 0 0 0 0 0 1 0 64 0 128 0 2 0 16 0 0 0 0
4 0 0 0 8 1 0 0 0 128 0 0 0 0 16 8 44 124 252 252 253 255 255 255 251 255 255 247 255 253 255 255 255 254 255 255 255 255 253 247 255 231 231 239 239 239 111 102 102 100 100 100 100 100 100 100 102 100 100 100 100 68 68 68 68 68 124 220 221 217 253 253 249 239 235 235 234 8 8 8 8 10 136 8 8 40 8 8 9 8 8 8 8 8 40 40 32 40 40 44 108 124 126 126 126 126 254 254 254 254 254 254 255 252 239 239 111 111 41 41 43 41 41 41 41 41 41 57 169 233 233 107 105 105 105 121 121 121 121 121 123 121 249 249 249 249 249 249 252 253 253 253 255 255 254 255 255 255 239 247 255 255 255 255 255 255 255 127 127 255 255 255 255 253 255 255 255 255 235 251 235 8 10 8 8 8 8 8 9 8 8 11 153 153 153 153 217 253 253 255 255 255 255 255 255 255 127 255 239 255 255 109 237 228 70 6 0 1 0 0 0 0 32 32 0 1 0 0 16 0 0 0 0 0 0 0 32 0 0 0
0 0 0 0 0 0 0 0 8 0 0 32 0 16 128 10 36 124 188 252 253 254 255 247 255 251 255 255 255 255 254 255 255 191 255 127 255 254 255 253 215 231 239 239 231 239 111 102 102 100 100 100 116 100 100 100 100 100 100 100 100 68 68 84 68 68 92 220 220 221 253 252 249 235 235 233 234 8 8 8 8 136 8 8 8 8 8 8 9 8 8 8 8 8 40 32 40 40 40 44 44 124 126 126 126 254 238 254 246 254 254 255 190 255 239 239 111 111 41 41 57 41 41 41 41 41 41 41 169 233 233 121 105 105 105 121 121 123 121 121 121 122 249 249 249 249 249 249 252 253 253 253 255 255 223 191 127 255 255 239 255 255 255 255 255 223 255 255 255 223 223 255 127 127 247 255 255 127 187 171 235 10 8 9 8 8 8 8 8 8 8 153 155 153 153 153 217 253 253 255 127 127 255 127 255 255 223 255 127 255 255 237 229 228 196 0 0 0 0 0 0 0 0 0 0 2 0 0 0 0 4 0 64 16 16 0 0 0 0 0
0 32 0 0 16 0 2 8 0 0 0 0 0 0 0 36 8 60 252 252 252 255 255 255 223 255 255 255 255 255 253 255 251 255 255 255 255 255 255 191 253 207 239 238 237 239 111 102 102 100 100 100 100 100 100 100 100 102 100 100 100 68 68 68 68 68 92 220 220 221 253 253 253 235 235 235 236 8 40 8 8 8 8 8 8 136 8 8 8 8 8 40 24 24 33 40 40 40 44 44 44 116 126 126 238 254 126 254 238 254 255 254 255 255 239 239 111 111 41 41 41 41 41 41 41 41 41 41 169 233 233 233 105 105 105 121 121 121 123 121 121 249 251 249 185 249 249 249 253 253 253 253 255 239 255 127 255 255 255 254 255 253 255 255 255 255 255 255 191 255 255 255 255 255 119 255 255 255 239 235 171 8 8 8 8 8 8 24 10 8 8 153 153 155 153 153 217 253 253 255 255 255 127 255 255 255 255 255 255 255 255 237 229 228 196 0 8 0 0 0 0 0 1 32 0 0 0 8 0 0 0 0 1 64 0 0 0 16 64 0
2 0 0 0 0 0 8 0 0 0 0 0 128 0 0 0 44 60 252 252 252 255 255 255 255 255 255 247 254 255 255 191 255 255 255 223 255 247 247 253 255 239 239 239 239 239 111 102 102 100 100 100 100 100 102 100 100 100 100 100 100 68 68 68 68 68 92 220 220 221 253 189 125 235 233 239 236 40 8 40 8 8 136 8 8 8 8 8 12 8 8 8 56 4 136 40 40 40 44 44 36 45 126 254 254 190 254 254 254 255 254 255 255 255 237 231 111 111 41 41 41 41 41 41 41 41 41 41 169 233 233 233 107 105 41 120 121 121 121 123 121 249 249 251 249 248 249 249 253 253 253 253 255 255 255 255 255 255 255 255 255 255 255 255 255 127 255 251 255 255 255 253 255 255 247 255 191 191 111 235 8 8 8 10 8 40 8 10 8 8 8 153 153 153 155 153 217 253 253 247 255 127 223 251 255 239 255 255 255 255 251 237 101 228 196 0 0 0 0 0 0 0 128 0 32 128 0 0 0 0 0 32 0 32 0 128 0 0 0 0
0 0 0 0 0 0 4 0 0 64 1 0 0 8 0 0 44 60 252 252 252 239 255 255 255 255 247 255 253 254 255 253 255 255 255 255 255 127 255 255 255 111 239 239 239 111 111 102 102 100 100 100 100 100 100 100 100 100 100 100 100 100 68 68 68 68 92 220 220 221 253 125 253 233 235 173 236 8 40 8 8 136 136 8 8 8 8 8 8 8 12 8 0 8 8 40 40 41 44 36 44 44 255 254 254 254 254 254 255 254 255 255 247 255 239 237 111 47 41 41 41 41 41 41 43 41 41 41 169 233 233 233 105 105 104 121 121 121 121 121 123 249 249 249 123 249 121 249 252 253 253 249 255 239 255 239 255 255 255 255 255 191 255 255 255 255 255 255 223 255 255 255 255 255 255 251 255 111 235 107 8 8 8 8 8 8 8 8 9 8 8 153 153 153 153 155 217 253 253 253 255 255 255 255 239 255 251 255 255 255 255 237 229 102 196 0 64 0 0 0 0 0 64 0 0 0 0 0 2 0 0 0 32 0 0 0 0 0 4 0
64 0 0 0 0 128 0 0 0 0 4 128 0 0 2 0 44 60 220 252 252 253 255 255 255 223 253 255 255 255 255 255 255 255 255 255 255 254 255 255 255 239 235 239 239 110 111 102 102 100 100 100 100 100 100 100 100 100 100 100 100 100 68 68 68 68 92 220 220 221 253 253 253 233 237 236 172 42 8 8 8 136 8 8 8 8 136 8 8 24 8 64 8 8 8 56 40 40 36 44 45 44 254 255 254 254 254 255 254 255 191 127 255 255 238 239 111 41 41 41 41 41 41 41 41 41 41 41 169 233 233 233 105 105 105 121 121 121 121 121 249 251 249 249 249 123 249 249 253 253 253 253 255 255 239 255 255 247 255 255 255 255 255 255 255 255 253 255 255 255 255 255 247 255 255 255 255 239 43 107 8 8 8 8 8 8 8 9 8 136 8 153 153 153 153 217 219 253 253 253 255 255 254 255 255 255 255 255 255 223 255 173 229 228 68 66 0 0 0 0 0 0 64 0 0 0 0 0 0 4 0 0 0 2 0 0 0 32 0 0
0 0 4 4 0 0 1 0 0 0 0 0 0 64 0 0 46 28 252 124 252 253 255 255 255 255 255 255 255 255 255 223 255 253 255 253 255 255 253 255 255 239 239 239 239 111 110 102 102 100 100 102 100 100 100 100 100 100 102 100 100 100 68 68 68 68 92 220 220 221 253 249 221 237 237 236 40 8 8 8 8 8 8 8 8 8 8 8 136 8 1 8 8 40 10 40 40 32 40 44 44 45 255 254 255 254 255 254 255 255 127 255 255 191 231 235 111 41 41 41 43 41 41 41 41 41 41 41 169 233 233 249 105 41 105 121 121 121 121 121 249 185 251 249 249 249 235 249 253 249 253 253 255 255 255 255 223 255 255 255 255 251 255 247 254 255 255 255 239 255 255 255 255 254 255 255 191 239 107 43 8 8 8 8 8 8 8 8 40 8 136 153 153 153 153 217 253 255 249 253 255 255 255 255 247 255 255 255 191 255 223 229 165 228 68 64 0 0 32 32 0 64 0 0 32 0 0 0 0 0 0 0 0 0 0 0 0 0 8 0
0 0 0 0 1 1 0 128 8 0 0 8 0 4 0 0 28 62 124 252 252 253 255 255 255 255 255 255 255 255 247 255 255 255 253 255 255 255 255 255 255 239 239 239 239 111 110 102 102 100 100 100 100 100 100 100 100 100 100 100 100 100 68 68 68 68 94 212 220 221 253 253 253 237 237 236 12 8 8 40 24 136 24 8 8 9 8 9 10 1 8 40 8 8 40 40 32 40 56 44 44 45 255 255 254 255 254 255 255 255 223 255 255 231 171 235 107 41 41 41 41 41 41 41 41 41 41 41 169 233 233 233 105 105 105 121 121 121 123 121 249 249 249 251 249 249 249 251 249 245 253 253 255 255 255 251 255 255 255 255 255 255 255 255 247 255 255 255 255 255 255 255 255 255 255 255 175 239 107 9 8 8 8 8 8 8 8 136 8 8 136 153 153 153 153 217 252 253 251 253 253 255 255 254 255 255 255 255 255 255 255 197 228 164 68 64 0 64 0 0 64 1 0 8 0 0 0 0 0 8 0 0 8 32 0 2 0 1 0 0
4 0 0 8 4 0 0 0 0 64 0 32 0 0 0 0 28 124 126 252 252 253 255 254 255 255 255 254 255 255 255 223 255 255 255 255 255 255 255 255 255 239 239 239 239 111 110 102 102 100 100 100 100 100 100 100 100 100 100 100 100 100 68 68 68 68 212 94 156 221 253 125 253 237 237 236 9 10 8 8 40 24 136 8 8 8 9 24 1 8 8 8 8 8 40 32 40 40 40 44 46 45 255 255 247 254 254 255 255 255 255 127 255 239 235 235 107 41 41 41 41 41 41 41 41 41 41 41 169 233 232 233 105 105 105 89 121 121 121 123 249 249 249 249 251 121 185 249 251 248 125 253 255 255 255 255 251 255 255 255 255 255 127 255 255 255 255 253 255 223 255 255 255 255 255 255 231 239 107 8 10 8 8 8 8 8 8 8 9 9 136 153 153 153 153 217 245 253 249 247 253 239 255 255 255 255 255 255 251 251 255 229 196 68 4 64 64 0 32 0 64 0 0 2 0 0 0 0 0 4 0 0 0 0 0 0 0 64 0 0
0 0 0 2 0 0 0 0 0 0 0 64 0 16 0 0 28 124 252 254 252 253 255 255 255 251 255 255 255 255 255 255 255 255 255 255 255 223 255 255 255 239 239 239 239 111 110 102 102 100 100 100 100 100 100 100 100 100 100 100 100 100 68 68 68 68 68 220 222 221 253 253 253 237 237 237 8 8 8 8 8 40 9 8 8 8 8 1 8 8 8 8 8 40 32 40 40 40 40 60 41 47 255 255 255 255 255 255 191 254 255 255 255 239 235 235 107 41 41 41 43 41 41 41 41 43 41 41 169 233 233 249 107 105 105 121 121 121 121 249 251 249 249 249 249 251 185 249 249 251 253 245 255 191 255 255 255 255 255 254 255 255 239 255 255 255 255 255 255 255 255 255 255 254 255 255 239 239 107 10 8 8 8 8 8 8 10 8 9 8 137 153 153 153 153 217 217 253 249 249 255 127 255 255 253 255 255 255 251 127 255 229 196 68 68 0 80 0 0 0 0 64 0 0 0 0 0 4 0 0 0 0 32 1 64 4 0 2 0 0
0 16 0 0 4 0 0 16 0 0 0 16 0 32 0 32 30 124 252 252 254 253 255 251 255 255 255 255 255 251 127 255 255 255 255 255 255 255 255 255 255 239 239 239 239 111 110 102 102 100 100 100 100 100 100 100 100 100 100 100 100 100 68 68 68 68 68 220 221 222 252 253 253 229 237 237 8 8 8 8 8 8 10 8 8 9 2 8 8 8 8 8 8 32 40 40 40 40 40 40 45 255 255 255 255 255 255 255 254 223 255 251 255 239 235 235 107 41 41 41 41 41 41 41 41 43 41 41 169 233 233 233 105 105 105 121 121 121 121 249 249 251 249 249 249 249 251 249 249 253 255 253 255 255 255 247 254 255 255 255 255 254 255 255 191 247 255 191 254 223 254 255 255 255 254 255 239 235 107 40 8 8 12 8 8 8 8 8 8 9 137 153 153 153 153 217 217 249 253 249 255 127 255 253 255 255 255 254 255 255 255 229 196 68 68 64 64 0 0 0 0 0 0 0 16 1 0 0 0 16 0 0 0 0 0 0 0 4 0 0
0 0 0 0 0 0 0 0 0 0 16 16 1 0 32 0 124 126 252 252 253 255 255 127 255 255 247 255 255 255 127 191 254 191 255 255 255 255 255 255 255 239 231 239 239 111 110 102 102 100 100 100 100 100 100 100 100 100 100 100 100 102 68 68 70 68 68 220 220 253 254 253 253 237 237 237 8 8 40 8 8 8 40 8 8 0 8 8 8 8 10 9 8 8 44 40 40 44 40 40 45 191 255 255 255 255 255 255 255 255 253 255 255 239 235 171 107 41 41 41 41 41 41 41 41 41 41 41 169 233 233 233 105 105 105 121 121 121 121 249 249 249 251 121 249 249 249 251 249 253 253 255 255 255 255 255 255 255 255 255 255 255 255 255 231 191 255 238 255 254 254 239 255 127 255 255 239 235 106 136 8 8 9 8 8 10 8 8 24 9 137 153 153 153 153 217 217 249 249 125 255 255 255 255 253 255 255 191 191 127 255 229 196 68 68 64 64 0 0 0 0 0 0 0 0 64 0 0 0 0 2 0 1 0 64 0 0 16 16 0
0 0 0 0 0 0 0 0 64 128 0 0 0 0 0 32 124 252 254 252 253 255 255 255 255 255 255 255 255 127 255 254 191 251 255 255 255 255 255 255 255 239 239 239 237 111 102 102 102 100 100 100 100 100 100 100 100 100 100 100 100 100 68 68 84 68 196 220 220 252 253 255 125 237 253 253 9 8 136 8 40 8 8 8 128 8 8 8 8 8 9 136 8 8 40 40 42 40 40 40 45 255 255 247 255 247 255 255 247 239 255 255 255 239 235 107 43 41 41 41 41 41 41 41 41 41 41 41 169 249 233 233 105 41 105 121 121 121 121 249 249 249 249 251 249 249 249 249 250 253 253 255 255 127 254 255 254 191 255 255 255 255 255 247 127 255 255 254 254 127 255 255 191 255 127 255 239 235 234 8 8 8 8 12 9 40 8 8 8 9 137 153 153 153 153 216 217 249 249 253 255 255 191 255 255 255 255 255 127 255 254 245 196 70 68 66 64 0 0 0 0 32 0 0 8 0 0 0 4 0 16 0 64 0 0 0 0 1 64 4
128 0 0 0 0 128 0 64 0 0 0 2 0 0 64 0 124 252 188 252 252 254 191 255 255 255 251 255 255 127 255 255 251 253 239 251 255 255 255 255 255 239 237 239 239 111 102 102 102 100 100 100 100 100 100 100 100 100 100 100 100 102 68 196 68 68 68 220 156 188 253 253 255 252 253 253 8 9 8 8 8 8 8 1 24 8 24 8 40 8 8 8 8 8 40 40 40 40 40 40 45 255 255 253 247 255 255 255 255 255 255 251 255 239 235 107 41 41 41 41 57 41 41 57 41 41 41 41 169 233 233 233 105 41 105 121 120 120 121 249 249 249 249 249 251 249 249 249 249 255 249 255 223 255 239 126 255 255 255 255 255 255 255 255 255 255 255 255 127 255 127 255 255 255 255 255 239 235 234 8 8 8 8 8 8 12 40 8 8 9 137 153 153 153 156 153 217 249 249 253 191 255 255 251 239 255 255 251 255 255 255 254 196 68 70 64 64 2 0 128 4 0 0 1 0 32 8 32 0 0 4 0 8 4 128 0 0 0 0 0
0 0 0 128 128 8 8 0 0 0 64 0 2 0 0 64 124 252 252 252 252 255 253 127 255 255 255 255 255 255 254 255 255 255 255 255 255 255 127 255 255 239 239 239 239 111 102 102 102 100 100 100 100 100 100 100 100 100 100 100 100 100 68 68 68 68 68 220 220 188 245 253 253 255 253 249 9 8 8 8 8 8 0 8 9 25 8 8 8 8 9 8 8 10 40 40 44 40 40 40 37 254 255 255 253 255 251 255 127 239 255 223 255 239 235 107 41 41 41 41 41 41 41 41 41 41 41 41 41 233 233 233 105 105 105 121 121 120 121 249 249 249 249 249 249 251 248 249 249 249 255 255 254 255 255 127 255 254 255 255 255 253 247 255 254 255 255 255 255 127 255 239 255 255 253 191 239 235 170 8 12 40 8 8 24 136 9 8 8 9 137 153 153 152 153 157 217 249 249 253 254 255 255 239 239 255 255 255 255 255 223 255 212 68 68 64 64 0 0 0 0 0 4 8 2 0 32 2 0 0 0 128 0 0 0 0 0 0 0 0
64 64 0 0 0 24 0 128 0 0 0 0 2 4 0 0 124 252 252 252 252 189 255 127 255 255 254 255 255 255 255 255 223 255 255 255 255 254 127 255 255 239 239 239 239 111 102 102 102 100 100 100 100 100 100 100 100 100 100 100 100 100 68 68 68 68 84 220 220 212 188 253 253 253 255 253 8 8 24 8 8 32 8 8 9 8 8 8 8 8 8 8 8 40 42 40 40 40 40 34 40 255 255 255 251 255 251 255 191 255 255 255 253 239 235 107 57 41 41 41 57 41 41 43 41 41 41 41 41 233 169 233 105 105 105 121 121 121 121 249 249 249 249 249 249 249 251 249 249 249 255 191 255 255 255 255 255 255 255 255 255 239 245 247 255 255 255 255 255 255 255 255 255 255 255 239 239 235 8 8 8 8 8 8 8 8 8 8 8 9 137 153 152 153 153 153 221 249 249 253 255 255 255 239 255 255 127 255 255 223 255 223 255 70 68 64 64 0 0 2 0 0 32 2 64 0 2 4 16 64 0 0 0 0 0 0 0 0 0 0
0 68 1 0 0 0 0 8 0 2 0 0 4 8 0 64 124 252 252 252 252 253 255 255 255 255 255 251 255 255 255 239 255 255 255 254 253 255 247 255 191 239 239 238 239 111 102 102 102 100 100 100 100 100 100 100 100 100 100 100 100 100 68 68 84 196 68 220 220 220 244 253 253 253 253 254 8 8 8 8 8 8 8 8 9 8 8 8 8 8 8 8 8 40 40 40 40 40 32 40 42 255 255 251 223 251 255 255 255 255 255 255 255 239 235 123 107 41 41 41 41 41 41 41 41 41 41 41 41 169 233 232 105 105 121 120 121 121 123 249 249 249 249 249 249 249 249 251 185 249 255 255 191 255 191 255 247 253 255 254 127 255 239 221 191 255 127 255 255 255 255 255 251 255 255 111 239 235 24 8 8 8 8 8 8 12 12 8 8 9 137 152 153 153 153 153 217 253 249 253 255 251 255 255 247 255 255 255 223 255 221 255 215 70 70 64 64 0 0 0 0 0 0 64 0 0 4 128 68 0 32 2 0 0 1 2 0 0 32 16
0 0 8 8 0 0 32 0 1 0 0 0 1 0 0 0 124 252 252 252 220 253 255 223 255 255 255 255 255 255 255 255 255 255 255 255 255 255 251 255 237 239 231 239 239 111 102 102 102 100 100 100 100 100 100 100 100 100 100 100 100 100 68 68 196 68 196 220 220 220 220 253 253 253 253 253 8 8 40 8 10 8 136 24 10 8 8 8 8 8 8 12 8 40 40 40 40 32 40 40 255 255 254 255 251 255 255 255 191 255 255 223 127 239 251 235 107 41 41 41 41 41 57 41 41 41 41 41 41 185 233 233 105 105 121 121 121 121 249 251 249 249 249 249 249 249 249 249 251 249 255 255 255 191 239 255 255 255 255 255 255 255 191 255 239 255 255 255 255 223 255 255 254 255 255 175 239 251 235 8 12 9 8 8 9 12 8 8 8 9 140 153 153 153 153 153 217 249 253 253 255 255 247 255 255 251 255 255 255 222 127 223 223 70 70 64 64 0 0 0 0 0 0 0 0 0 0 4 16 0 0 0 0 0 8 0 4 0 128 32
0 4 8 0 0 0 128 0 0 0 0 0 0 16 0 0 124 252 252 252 252 253 255 127 255 255 254 255 255 239 255 255 255 255 255 255 255 255 255 247 239 239 239 239 111 111 102 102 102 100 100 100 102 100 100 100 100 100 100 100 100 100 68 68 68 196 68 220 220 220 220 189 253 221 253 253 8 8 136 12 8 8 12 136 12 8 12 8 8 8 8 12 8 56 40 42 40 40 40 40 255 255 223 255 255 255 255 255 127 255 127 255 255 251 239 235 107 41 41 41 41 41 41 41 41 41 41 41 41 169 232 233 105 105 121 121 121 121 249 249 187 249 217 217 249 249 249 249 249 251 247 255 255 239 255 255 255 255 255 255 255 255 255 255 255 255 127 247 255 255 255 255 255 255 255 239 255 239 235 8 8 8 24 8 40 8 8 8 12 8 137 157 153 153 153 153 217 249 189 253 255 251 254 255 255 255 251 253 255 255 223 255 223 70 70 64 192 0 0 128 0 2 0 0 0 16 0 0 4 0 16 8 0 0 0 0 0 32 0 0
0 0 0 0 0 64 0 16 0 0 0 64 0 32 0 128 124 252 252 252 252 253 255 255 247 255 127 255 255 255 255 254 255 255 247 255 251 255 255 255 239 111 239 239 103 111 102 102 102 100 100 100 100 100 100 100 100 100 100 100 100 100 68 68 68 68 196 220 220 220 220 253 249 253 253 253 8 10 8 8 8 8 8 12 8 12 8 8 8 8 8 8 8 40 40 41 56 40 40 40 255 255 255 255 255 255 255 255 255 126 255 255 255 239 235 235 107 41 57 41 41 41 41 41 41 41 41 41 41 40 105 233 105 105 121 121 121 89 249 249 249 251 249 217 249 249 249 249 249 255 251 255 255 255 255 251 255 251 255 255 255 255 239 255 253 255 255 127 255 255 223 247 255 255 255 255 175 239 235 8 8 8 8 8 8 8 8 8 8 8 137 153 157 153 153 153 217 249 253 253 127 255 255 255 255 255 255 255 253 255 255 223 255 70 70 64 80 0 0 0 0 0 0 0 0 0 0 1 0 0 0 0 0 0 0 0 128 0 0 0
0 2 0 16 0 0 2 0 0 128 0 64 0 0 1 0 252 252 252 252 188 253 255 255 255 255 255 191 255 255 127 255 255 255 247 247 255 127 251 255 231 239 239 111 111 103 102 102 102 116 100 100 100 100 100 100 100 100 100 100 100 100 68 68 68 68 68 220 220 220 156 253 253 253 253 253 8 12 8 12 8 8 8 8 12 8 8 8 40 8 8 8 8 40 40 40 41 41 40 40 255 255 255 255 255 255 191 255 255 251 255 255 255 239 235 235 107 41 41 41 41 41 41 41 41 41 41 41 40 41 105 105 105 105 121 121 121 121 249 249 249 249 251 249 249 249 249 249 249 251 255 191 255 127 255 255 250 255 255 255 223 255 255 255 255 255 255 255 127 255 255 215 255 255 251 254 239 239 233 8 8 10 8 8 8 8 8 8 8 8 137 153 153 157 153 153 217 249 253 253 255 255 255 255 255 251 253 251 255 255 255 255 207 70 70 64 64 0 0 0 2 0 0 0 128 0 0 0 64 64 0 0 0 0 0 2 0 4 0 0
0 0 0 0 4 8 32 0 16 0 0 0 8 0 0 0 252 252 252 252 252 253 255 127 127 255 255 255 254 255 255 247 255 223 255 255 255 255 255 255 239 239 239 111 111 103 102 102 118 102 100 100 100 100 100 100 100 100 100 100 102 100 68 68 68 68 68 220 220 220 220 253 221 125 253 253 12 8 44 8 8 24 10 8 136 8 8 9 8 10 8 8 8 40 40 40 41 40 40 40 247 255 247 254 223 255 255 255 191 223 255 255 255 231 235 235 107 41 41 41 41 41 41 41 41 41 41 40 41 41 41 104 105 105 121 121 121 121 249 249 249 249 249 251 249 249 249 249 249 239 239 255 255 255 191 255 255 255 223 255 255 255 223 239 251 191 255 255 255 255 255 255 239 251 255 255 239 239 233 24 8 8 8 8 8 8 8 8 24 8 137 153 153 153 157 153 217 249 221 253 191 255 251 255 239 255 251 255 255 255 255 254 207 198 70 64 64 0 0 0 0 0 0 0 0 0 0 0 0 64 0 2 64 0 0 0 0 0 0 0
0 0 0 0 8 0 0 0 2 0 32 0 0 128 2 8 252 252 252 252 252 125 254 255 255 255 255 255 255 255 255 255 254 255 255 255 255 255 127 255 111 239 239 111 111 103 102 118 102 102 100 100 100 100 100 100 100 100 100 100 100 100 68 68 68 68 68 220 220 220 220 221 253 249 253 125 136 12 8 8 9 8 8 136 8 8 8 8 8 8 8 8 24 40 41 40 40 40 40 32 40 231 251 255 255 253 255 255 223 255 255 254 254 239 235 235 107 41 41 41 41 43 41 41 41 41 40 43 41 41 40 105 105 105 121 121 121 121 249 249 249 249 249 249 249 249 249 249 249 239 255 255 255 255 255 253 255 191 255 255 255 255 255 255 223 255 255 255 255 251 255 255 255 255 255 247 111 239 233 233 8 40 8 8 8 8 8 8 8 8 137 153 153 153 153 157 217 217 245 253 255 255 255 255 255 191 255 255 255 251 255 255 206 198 70 64 64 128 0 0 0 0 2 0 0 0 0 0 0 0 0 68 0 0 2 32 0 0 0 0
0 8 0 64 16 0 0 0 32 0 1 0 0 0 8 8 252 252 252 188 252 124 255 255 255 247 253 255 255 255 255 255 223 255 255 255 251 239 247 127 239 239 239 111 111 99 118 102 102 102 100 100 116 100 100 100 100 100 100 100 100 100 68 68 68 68 68 220 220 220 220 221 253 253 253 253 12 8 8 8 8 8 8 136 8 8 8 8 8 8 8 8 136 40 40 40 41 40 32 40 36 56 255 253 255 255 253 255 255 254 255 255 255 239 234 234 107 41 41 41 41 41 41 41 41 40 41 41 41 40 41 105 105 105 121 120 120 121 249 185 249 248 249 249 249 249 249 249 249 191 253 255 255 255 255 255 255 255 255 191 255 255 255 255 255 191 255 255 255 255 255 191 255 255 255 255 239 239 233 233 40 8 8 8 8 8 136 8 8 8 137 153 153 153 153 153 221 217 217 253 255 255 255 255 239 253 255 255 255 255 255 255 206 198 70 64 68 0 0 0 0 0 0 4 4 0 0 0 0 0 0 0 0 0 32 0 0 0 0 0
0 0 0 0 64 0 16 0 128 64 0 128 1 128 8 10 252 252 252 252 252 252 255 255 191 255 255 255 255 255 255 255 255 255 223 253 255 255 175 255 239 239 239 111 111 119 99 102 102 102 100 100 100 100 100 100 100 100 100 100 100 102 68 68 68 68 68 220 220 220 220 221 253 253 253 253 8 8 8 8 8 8 40 8 12 8 8 8 9 8 8 8 8 40 42 40 40 32 40 32 40 60 253 251 255 255 191 255 255 255 255 255 255 239 234 235 107 41 41 41 41 41 41 41 44 41 41 41 40 41 41 105 105 121 121 121 120 121 249 121 249 249 249 249 249 249 249 249 249 253 255 247 223 191 255 255 255 255 255 247 255 255 239 247 255 255 255 255 255 239 255 127 255 255 255 255 239 111 233 233 10 8 8 8 8 8 8 8 8 8 137 153 153 153 153 153 217 221 217 253 255 251 255 255 127 255 255 253 255 253 255 255 206 198 70 68 64 0 128 0 0 0 0 0 16 16 1 0 128 0 0 0 0 1 0 2 0 8 2 0
0 128 32 8 0 0 0 0 16 8 4 0 128 0 8 252 254 252 252 252 252 252 255 254 255 255 255 255 253 255 255 255 255 255 255 255 251 239 255 239 239 231 231 111 127 111 103 98 102 102 100 100 100 100 100 100 102 100 116 100 100 100 68 68 100 68 68 220 220 220 220 221 253 253 253 253 8 8 136 8 8 40 8 8 10 8 8 8 8 8 8 8 9 40 40 40 32 44 32 40 40 60 253 255 255 255 247 255 255 255 255 255 255 239 235 235 107 41 41 41 41 41 41 40 41 41 41 40 41 41 41 105 105 57 121 121 121 57 121 249 249 249 249 249 249 249 249 249 249 253 255 255 254 255 255 255 191 255 255 255 255 255 255 239 255 255 127 255 253 255 255 247 254 255 255 255 239 239 233 233 40 8 12 8 8 8 8 8 8 8 137 153 153 153 153 153 217 217 221 249 255 255 253 255 255 255 251 254 253 255 255 191 206 198 70 68 64 0 0 0 0 64 16 0 4 2 0 2 0 0 0 0 128 0 0 0 0 0 0 0
0 0 0 64 0 4 0 0 4 128 0 0 0 0 8 252 252 254 252 252 252 252 254 255 255 255 191 255 255 255 255 255 254 255 255 255 255 255 235 239 111 231 239 127 111 111 103 102 98 102 100 100 102 100 100 100 100 100 100 100 116 100 68 196 68 68 68 220 220 220 220 221 253 253 125 253 136 8 8 8 8 8 8 8 8 8 8 8 8 8 8 136 8 40 40 40 40 32 40 40 40 60 253 255 255 255 253 255 255 255 239 255 255 239 235 233 107 41 41 41 41 41 40 41 41 41 40 41 41 41 41 105 105 121 121 121 121 121 121 249 249 249 249 249 249 249 249 249 249 253 255 255 255 191 255 255 255 255 255 255 247 255 251 239 255 255 251 255 255 239 255 255 255 191 255 223 239 239 233 233 12 8 8 8 8 136 12 8 8 8 137 153 153 153 153 153 217 217 217 253 255 255 255 255 251 255 253 255 255 255 255 206 238 198 70 84 72 0 8 0 8 0 64 0 0 0 34 8 0 2 0 0 1 0 64 1 16 4 0 0
0 0 4 16 0 0 0 0 2 0 0 0 4 0 8 252 252 252 254 252 252 252 255 255 255 255 255 191 255 255 191 255 255 255 255 255 223 255 239 237 239 111 255 175 111 111 103 102 102 98 100 100 100 100 116 100 100 102 100 102 100 100 68 68 68 68 68 220 220 220 220 221 253 253 249 249 8 8 8 8 40 8 12 8 8 8 40 8 8 8 8 8 8 56 40 40 32 40 44 40 40 60 253 254 254 191 255 255 255 191 254 255 255 239 235 107 105 41 41 41 41 44 41 41 57 40 41 41 41 41 41 105 105 121 121 121 121 121 121 249 248 249 249 249 249 217 249 249 217 253 255 255 239 254 255 255 255 253 255 255 253 255 255 255 255 255 255 255 255 255 255 255 255 127 247 255 239 239 233 233 8 8 8 9 12 8 8 8 8 9 137 153 153 153 153 153 217 217 217 253 255 255 255 247 255 255 255 255 255 255 255 238 206 198 86 70 80 10 64 8 16 0 0 0 0 0 8 32 0 0 0 32 0 64 0 0 1 0 64 0
0 32 0 4 0 0 128 128 0 0 0 1 0 0 8 252 252 252 252 254 252 252 255 255 223 255 254 255 255 255 239 255 255 255 255 255 255 223 239 175 239 223 239 110 111 111 103 102 102 102 96 100 100 100 102 100 100 100 102 100 100 100 68 68 68 68 68 220 220 220 220 221 252 249 253 249 8 8 40 8 136 8 8 8 8 8 8 8 8 12 8 8 8 40 40 33 40 41 40 44 40 60 252 255 255 253 255 255 255 222 255 255 255 239 235 107 41 41 41 41 40 41 41 41 40 41 41 57 41 41 41 105 105 121 121 121 121 121 121 249 249 249 249 249 249 249 249 249 249 125 255 253 255 247 247 255 255 255 255 255 255 255 255 247 255 255 255 255 255 247 255 255 255 255 127 255 239 239 233 233 8 8 8 8 8 8 8 8 8 9 137 153 153 153 153 153 153 217 217 253 255 127 255 255 255 255 255 255 255 127 251 238 206 214 198 86 70 64 8 32 8 0 2 0 0 0 0 0 0 0 2 0 64 0 0 64 0 0 0 128
0 0 0 0 0 0 0 1 0 0 0 0 1 0 8 252 252 252 124 252 254 252 223 255 255 251 255 255 255 253 255 255 255 255 255 239 255 255 111 239 223 239 239 111 110 111 103 102 102 102 100 96 100 100 100 100 100 100 100 100 100 100 100 68 68 68 68 220 220 220 220 220 253 189 249 253 8 8 8 8 8 8 24 8 8 8 8 8 8 136 8 8 10 40 32 40 41 40 40 40 36 60 252 239 254 255 254 251 255 255 255 255 247 239 235 107 41 41 41 40 41 41 41 40 41 41 41 41 41 41 41 105 105 121 121 121 121 121 121 121 249 217 249 249 249 249 249 248 249 253 253 239 255 255 255 255 255 251 255 255 255 255 255 255 255 255 255 255 127 255 255 239 255 255 255 255 239 239 233 233 9 8 40 9 8 8 8 9 136 137 137 153 153 153 153 153 153 217 217 253 255 255 255 255 247 255 255 255 255 254 255 238 222 206 214 198 70 64 1 8 0 0 0 32 0 0 0 32 0 4 0 0 0 1 0 8 16 0 0 0
0 64 0 0 0 0 0 2 0 0 0 0 0 0 24 252 252 252 252 252 252 190 255 247 251 255 254 251 255 255 255 255 255 255 254 255 255 255 235 255 239 239 239 111 111 111 103 102 102 102 100 100 96 100 100 100 116 100 102 100 100 100 100 100 68 68 68 220 220 212 220 220 253 249 253 249 24 8 8 12 12 8 8 8 8 8 8 8 8 8 8 8 40 32 40 40 40 40 40 32 40 60 188 254 239 254 255 255 255 255 255 255 239 239 235 107 43 41 40 41 41 41 40 41 41 43 41 41 41 41 41 105 107 121 89 121 121 121 121 89 249 249 249 249 249 249 249 249 121 189 253 255 253 255 255 255 255 255 255 223 255 255 247 255 255 253 255 255 255 223 255 253 255 255 255 255 239 239 169 233 8 8 12 136 8 8 8 8 137 137 137 153 153 153 153 153 153 217 216 252 223 255 191 255 255 253 255 255 255 255 254 254 238 222 206 198 70 64 16 4 0 0 0 0 0 0 0 4 0 0 0 0 0 0 0 0 8 0 32 0
2 0 128 0 0 8 0 0 0 0 0 0 0 0 24 252 124 252 252 252 188 255 223 251 239 255 255 255 247 255 255 255 247 255 255 255 251 255 255 239 239 239 111 47 111 111 102 102 102 102 100 100 100 96 100 100 102 100 100 100 100 100 102 100 68 68 68 220 220 220 220 220 253 253 249 253 233 40 8 12 8 8 8 8 8 8 9 8 40 136 8 8 32 40 40 40 40 40 33 40 40 28 188 255 254 254 255 255 255 255 251 239 239 239 235 107 41 40 41 41 41 40 41 41 41 41 41 41 41 41 41 105 89 123 121 57 121 121 121 120 249 249 249 249 249 249 185 217 249 253 253 253 239 254 251 255 255 255 254 255 255 247 239 255 255 255 251 127 255 253 255 255 254 255 255 254 237 239 233 41 8 8 8 24 8 8 8 9 137 137 137 153 153 153 153 153 153 217 217 220 223 255 127 255 255 255 255 247 255 255 255 238 254 238 206 198 70 64 64 0 128 0 0 0 0 0 0 0 0 0 0 0 0 0 128 0 1 0 0 0
0 0 0 0 0 0 0 0 0 0 0 0 0 64 24 124 252 220 252 252 252 239 255 127 255 255 254 254 255 255 255 247 255 255 255 255 239 255 239 239 238 235 111 103 111 111 102 102 102 102 100 100 100 100 96 116 102 100 100 100 116 100 116 100 68 68 68 220 220 220 220 220 253 253 253 248 233 8 8 8 8 8 8 8 8 8 8 8 8 8 8 128 8 40 56 40 40 32 40 40 8 60 188 254 255 255 255 255 255 255 255 239 239 239 234 107 41 57 41 41 40 41 41 41 41 41 41 41 57 41 41 104 121 121 123 121 121 121 121 121 249 249 249 249 249 249 217 185 249 125 252 253 255 255 255 255 255 255 247 255 127 247 255 255 253 255 255 255 255 255 255 255 251 223 255 255 239 237 233 8 8 8 8 12 8 8 8 9 137 137 137 153 153 153 153 153 153 217 217 221 255 255 255 255 255 251 255 255 127 255 255 254 238 238 142 198 70 64 64 0 0 0 0 0 0 0 0 0 64 0 0 1 0 32 0 128 64 0 0 0
1 0 0 0 0 4 2 16 0 0 0 0 0 0 88 124 252 124 252 252 244 255 255 255 255 255 247 251 255 255 255 255 239 191 239 255 255 239 239 239 239 235 111 111 111 47 102 102 102 102 100 100 100 100 100 96 100 100 100 100 100 116 100 100 68 68 68 220 220 220 220 220 253 253 189 253 236 8 8 8 8 8 8 8 8 8 8 8 8 8 0 8 8 40 56 40 32 40 42 8 40 60 188 255 255 255 255 253 223 255 255 239 239 239 235 107 41 41 41 56 41 41 41 41 41 41 41 41 41 41 40 105 121 120 121 107 121 121 123 121 217 249 249 249 249 249 249 249 249 253 249 249 255 255 247 255 255 255 255 255 127 127 255 255 255 255 255 255 255 255 255 127 251 251 191 255 239 229 249 8 8 8 8 8 8 10 8 9 137 137 137 153 153 153 153 153 153 217 217 221 251 255 255 255 255 255 255 255 254 255 255 255 238 238 198 134 70 66 64 0 0 0 32 0 0 0 0 0 64 0 0 0 0 128 0 64 0 4 0 0
0 8 0 0 0 0 16 66 2 0 0 0 1 0 88 116 124 252 252 252 252 223 255 255 239 255 255 255 255 255 255 191 255 239 253 255 223 239 111 239 239 239 111 111 111 102 102 102 102 102 100 100 100 100 100 100 96 100 100 100 102 100 100 100 68 196 100 220 220 220 220 220 245 253 125 253 236 8 8 8 8 8 8 8 9 8 8 8 8 0 8 8 8 40 40 32 40 41 8 40 40 60 188 255 255 255 255 255 255 255 191 175 111 235 235 107 41 41 40 41 41 41 41 41 41 41 41 41 41 40 41 105 121 121 121 121 123 121 121 123 249 249 249 249 249 249 249 249 249 249 253 217 255 255 251 255 255 251 255 255 255 223 255 255 255 255 255 255 254 255 255 255 191 255 255 255 239 237 237 8 8 24 9 8 8 24 8 11 137 137 137 153 153 153 153 153 153 217 217 217 255 255 255 255 251 255 255 255 255 255 255 255 238 238 198 70 6 66 96 0 0 0 0 0 0 2 0 0 0 2 16 0 0 1 0 0 0 0 0 0
0 64 0 1 0 0 16 0 0 0 0 64 0 0 80 88 124 252 252 252 252 239 251 255 255 255 255 255 255 255 255 255 254 191 255 255 255 239 175 239 239 239 103 111 111 102 102 102 102 102 100 100 100 100 116 100 100 96 100 100 100 100 100 100 68 68 196 252 220 220 220 220 220 253 253 253 236 8 8 8 9 8 8 12 8 8 10 8 0 8 8 8 8 40 32 40 40 8 40 40 40 60 188 255 255 127 127 255 255 255 239 47 239 235 235 107 41 40 41 41 41 41 41 41 41 41 43 41 40 41 41 105 57 121 121 121 121 123 121 185 251 249 249 249 249 249 249 249 249 249 249 125 255 255 255 191 255 255 255 253 255 255 255 255 255 247 255 254 255 255 255 255 254 255 255 255 239 237 237 8 8 8 8 8 136 8 12 137 137 137 137 153 153 153 153 153 153 217 217 217 255 247 255 247 255 127 255 255 223 255 255 255 238 238 198 70 66 34 64 0 0 0 0 0 1 0 0 0 0 18 2 0 0 0 0 0 0 0 8 0
0 0 128 0 0 0 4 0 0 0 0 0 0 0 0 88 124 252 220 220 252 255 253 255 255 239 127 255 255 255 255 127 255 255 247 255 255 239 239 239 239 239 111 111 111 102 102 102 102 102 100 100 100 100 100 100 100 102 96 100 100 100 100 100 68 68 100 220 252 220 220 220 220 253 253 253 236 8 8 8 12 8 8 24 8 8 8 0 8 8 136 40 8 32 40 40 8 40 40 40 40 60 188 255 247 255 255 253 255 255 239 239 239 235 235 107 40 41 57 41 41 41 41 43 41 41 41 42 41 41 41 41 121 121 121 121 121 57 122 249 249 251 249 249 249 249 217 185 249 249 249 253 255 247 255 223 191 255 247 255 255 255 251 223 255 247 255 251 255 253 255 255 255 255 255 255 239 237 237 8 8 8 8 8 8 8 8 137 137 137 137 153 153 153 153 153 153 217 217 217 255 255 247 255 255 255 255 254 255 255 255 253 238 238 198 70 98 64 0 0 0 0 0 1 0 0 0 0 0 16 0 0 1 0 0 0 4 0 0 8
0 0 0 8 64 0 0 4 0 4 32 128 0 0 0 92 124 244 252 212 252 252 255 255 255 253 255 255 255 239 255 255 255 191 255 251 223 239 239 231 239 239 111 111 110 102 102 102 102 102 100 100 100 100 100 100 100 100 100 112 116 100 100 100 68 68 68 252 220 220 220 220 220 253 253 253 236 8 8 8 40 10 8 8 10 8 64 8 8 8 8 8 32 8 40 8 40 40 40 40 40 60 188 255 255 223 253 255 255 255 239 239 235 235 235 107 41 41 41 41 41 41 41 41 41 41 40 41 41 41 41 41 89 121 121 121 121 120 249 251 249 249 251 249 249 249 249 249 249 249 249 253 223 255 255 255 255 247 255 255 255 191 255 255 239 255 255 255 255 255 255 255 255 253 255 255 237 237 237 8 8 8 8 8 12 8 8 137 169 137 137 153 153 153 153 153 153 217 217 217 254 255 255 255 255 255 255 255 255 255 247 255 238 238 198 102 66 64 4 0 0 0 0 0 8 0 0 0 64 128 0 0 0 0 0 64 0 0 32 0
16 0 0 8 16 0 0 32 4 0 8 0 0 0 2 92 124 124 244 252 252 252 255 255 255 255 127 247 253 255 255 255 247 255 255 255 255 239 239 239 239 111 111 111 110 102 102 102 102 102 116 102 100 100 100 100 100 100 100 100 112 100 100 100 68 68 68 220 252 220 220 220 220 253 253 253 236 8 8 8 8 8 8 8 8 0 8 8 8 10 10 0 8 40 8 40 56 40 40 40 41 61 188 255 255 251 255 255 253 255 239 239 235 234 235 107 41 41 41 41 41 43 41 41 41 40 41 41 41 41 57 9 121 121 121 121 121 121 249 249 251 249 249 251 249 249 248 249 249 249 249 253 255 255 255 255 253 255 255 255 251 254 255 191 127 255 255 255 255 255 223 191 255 253 239 254 237 237 237 136 8 10 8 136 8 8 9 137 137 137 137 153 153 153 153 153 153 217 217 217 255 255 255 247 255 253 255 255 255 255 255 239 238 238 230 70 98 64 128 2 0 128 0 0 0 0 0 0 0 8 0 0 0 0 0 0 4 1 0 0
0 0 0 0 8 2 0 0 0 0 0 0 0 0 92 94 126 124 124 188 252 252 255 239 255 255 255 111 255 255 191 255 255 255 239 255 255 239 239 239 239 111 111 110 110 102 102 102 102 118 102 100 100 100 100 100 100 100 100 100 100 96 100 100 70 68 70 220 220 252 220 220 220 253 245 253 252 8 8 8 8 8 8 8 0 8 8 8 8 10 0 8 8 8 40 40 40 40 40 44 57 60 185 127 253 255 255 255 191 254 235 239 235 233 235 107 41 41 41 57 41 41 41 41 40 41 41 41 41 41 9 57 89 121 121 121 121 121 249 249 249 251 249 249 251 249 249 217 121 249 249 253 255 255 255 251 254 255 253 255 255 255 255 127 255 255 255 223 255 255 223 255 255 255 255 239 237 237 237 8 8 24 8 40 8 8 9 169 137 169 137 153 153 153 153 153 153 217 217 217 255 255 255 253 255 247 255 255 255 255 255 238 238 238 230 102 66 64 0 0 0 0 0 0 0 2 0 8 0 0 0 0 0 0 0 0 0 0 16 0
0 128 0 0 0 0 0 0 0 16 0 0 8 0 92 94 94 126 124 252 252 220 255 255 255 223 255 255 255 255 254 255 255 255 255 127 255 239 239 239 239 111 111 110 110 102 102 102 118 102 102 100 100 100 100 100 100 100 100 100 100 100 96 116 68 70 220 222 220 220 252 220 220 245 253 253 253 8 8 8 8 8 8 0 8 8 8 8 8 0 8 8 8 136 40 56 40 40 40 44 60 57 61 253 255 127 255 254 254 255 237 235 235 235 235 107 41 41 41 41 41 41 41 42 41 41 41 41 41 9 41 25 121 121 120 121 121 121 249 249 249 249 251 249 249 251 249 249 249 249 249 253 255 255 255 247 255 255 255 255 251 253 255 255 223 255 253 255 127 255 255 247 255 255 255 239 237 237 237 8 8 8 9 8 8 8 41 137 169 137 137 153 153 153 153 153 153 217 217 216 255 255 223 255 255 255 255 255 255 191 254 238 110 238 230 102 66 64 0 0 0 0 32 0 0 0 0 0 0 8 0 0 0 0 0 2 0 0 32 1
0 0 8 0 0 0 128 0 0 0 0 0 8 8 92 94 126 62 126 252 252 124 255 255 255 255 255 255 255 247 255 254 223 255 255 255 255 239 239 239 239 111 47 46 110 102 102 102 102 102 102 100 100 100 100 100 100 100 116 116 100 100 100 96 68 220 222 220 222 220 220 252 220 220 253 221 253 8 40 12 8 9 0 24 10 8 8 8 0 8 8 8 8 8 40 56 40 40 40 44 56 61 57 253 255 223 253 251 255 255 239 235 235 107 235 107 41 41 41 41 41 43 40 41 41 41 41 41 9 41 9 57 121 121 121 121 121 121 249 249 249 249 249 251 249 249 235 249 249 249 249 253 255 253 223 255 255 247 191 255 255 191 255 255 255 191 255 255 255 255 255 255 255 255 255 239 237 229 173 8 8 8 10 8 8 8 9 169 137 137 137 153 153 153 153 153 153 217 217 217 255 255 247 255 255 191 255 127 255 254 255 238 238 238 230 102 66 64 0 0 0 0 2 64 0 1 8 0 128 0 0 0 0 0 0 0 0 1 4 0
4 0 0 0 0 0 32 0 0 0 128 0 10 8 92 126 118 126 246 254 252 252 255 255 255 255 127 255 255 255 255 255 255 255 255 255 255 175 239 239 239 111 38 110 110 102 102 102 102 102 102 100 100 100 100 100 100 100 100 116 100 100 100 100 64 220 220 222 220 222 220 220 220 220 221 253 221 40 8 8 8 0 8 8 12 8 8 0 8 8 8 8 8 8 40 40 40 40 40 40 60 57 61 125 255 255 255 251 239 239 111 235 235 235 107 107 41 41 41 41 41 40 57 41 41 41 41 41 41 25 41 57 123 57 121 121 121 121 249 249 249 249 249 121 235 249 249 251 249 249 249 125 253 255 255 255 255 255 255 255 255 255 255 255 255 255 255 255 255 255 255 255 255 255 191 239 237 229 40 8 40 8 8 8 8 10 9 137 137 137 137 153 153 153 153 153 153 217 217 217 251 255 255 239 239 255 255 127 191 255 254 110 238 238 230 102 66 64 0 4 0 0 64 0 0 1 0 0 0 64 0 128 0 0 128 0 0 0 4 0
0 0 4 0 2 0 0 128 0 0 0 0 8 8 92 110 126 246 126 254 190 252 239 255 255 255 255 255 255 255 255 254 255 247 255 255 255 239 239 239 239 47 110 110 110 102 102 102 102 102 102 100 100 100 100 100 100 100 100 100 100 100 116 100 68 220 220 220 222 220 222 220 220 220 221 221 253 136 8 8 0 10 24 8 8 8 0 8 8 8 8 8 8 8 40 40 40 42 40 40 56 61 29 125 255 254 255 255 239 239 239 235 235 235 107 107 41 41 41 41 40 41 41 41 57 41 41 41 9 41 57 57 57 123 121 121 121 121 249 249 249 249 249 217 249 251 249 249 251 249 121 253 253 255 255 255 253 255 253 253 254 255 255 255 223 247 255 247 254 255 255 255 255 255 239 239 237 237 8 42 8 8 8 8 40 9 9 137 137 137 169 153 153 153 153 153 153 217 217 217 255 255 127 239 255 255 255 255 254 251 255 238 238 238 230 102 66 64 2 0 128 0 0 128 128 0 0 4 0 0 0 0 0 0 0 0 0 0 0 0
0 8 8 2 0 0 0 0 1 0 0 0 136 8 76 126 254 62 254 222 252 254 251 255 255 254 255 255 255 247 254 255 239 255 239 255 255 239 237 239 239 110 110 110 110 102 102 102 102 102 102 102 100 100 100 100 100 102 100 100 100 100 100 100 68 220 220 220 220 222 220 214 220 220 221 221 221 8 8 0 8 26 10 8 8 0 8 8 8 8 24 8 8 24 40 40 40 40 40 40 56 29 61 125 251 255 255 191 239 239 239 235 233 235 107 107 41 41 41 40 41 41 41 41 41 41 41 9 41 41 57 57 59 89 123 121 121 121 249 249 249 249 249 249 249 249 251 249 248 249 249 253 253 255 255 255 255 253 127 253 255 255 255 255 255 159 247 127 255 255 255 255 191 255 239 239 237 253 42 10 8 8 8 8 8 9 11 137 137 137 137 185 153 153 153 153 153 217 217 217 255 255 255 255 255 255 255 247 255 254 255 238 110 238 230 102 74 66 0 0 1 1 32 0 0 0 0 0 32 0 0 0 2 0 0 0 0 32 0 0
0 136 0 0 0 0 64 0 0 0 0 0 8 8 76 254 126 254 246 254 222 255 255 255 255 251 253 255 247 255 255 255 255 239 255 255 255 239 239 235 239 110 110 102 110 102 102 102 102 102 102 102 100 100 102 100 100 100 100 100 100 100 100 100 70 220 220 212 220 220 222 220 222 220 221 221 221 8 0 9 9 10 8 8 4 8 8 8 40 8 8 8 8 8 40 40 40 40 40 40 25 61 61 121 254 253 255 235 239 239 239 235 235 235 107 107 41 41 41 41 41 41 41 41 41 41 9 57 41 41 57 57 88 123 121 123 121 123 249 249 249 121 249 249 249 249 249 251 249 249 249 253 253 253 253 255 255 255 253 255 223 255 251 255 255 245 159 255 223 255 127 255 223 255 239 239 237 237 10 9 24 8 8 8 12 9 137 137 137 137 137 153 185 153 153 153 153 217 217 217 255 255 255 255 255 239 254 255 255 255 254 238 230 236 230 110 66 66 0 0 0 0 16 0 32 0 0 0 16 0 1 0 0 0 0 0 0 0 0 0
0 64 0 0 0 0 0 0 1 0 0 0 8 136 76 126 254 190 254 254 255 255 255 255 255 255 255 255 254 255 255 255 255 255 253 255 255 239 239 239 239 110 46 110 102 102 102 102 102 102 102 102 100 100 100 100 100 100 100 100 100 100 116 100 220 222 220 220 220 220 220 222 220 220 221 221 221 0 8 9 40 8 8 0 8 8 8 8 8 8 8 8 8 8 40 40 40 40 40 9 57 61 57 125 125 255 255 239 239 239 239 235 107 235 107 107 41 41 41 41 41 41 41 41 41 9 41 41 41 41 57 24 121 121 123 121 123 249 251 249 249 249 185 249 249 249 249 249 251 249 249 253 253 253 245 255 247 247 251 253 255 223 255 247 255 255 255 159 255 247 255 255 255 255 239 239 237 109 41 9 25 8 8 136 40 137 137 137 137 137 137 153 153 185 153 153 153 217 217 217 255 255 255 255 255 253 255 253 223 255 254 238 238 230 172 102 66 66 128 0 16 8 0 64 2 0 0 0 1 8 0 4 0 0 32 0 1 0 16 4
0 0 0 0 0 0 0 0 0 0 0 0 8 8 76 254 254 254 238 255 255 255 255 255 251 255 255 255 255 255 255 255 255 255 255 255 191 239 239 239 239 110 110 110 102 102 102 102 102 102 102 102 100 100 100 100 100 100 100 100 100 100 100 116 252 220 222 220 220 220 220 220 222 220 221 221 221 8 8 136 24 8 0 8 8 8 8 8 8 8 8 8 8 8 40 40 40 40 8 41 57 57 57 125 125 247 255 239 239 111 239 233 235 107 107 107 41 41 41 41 41 41 41 41 9 41 41 41 41 43 24 57 121 121 121 123 249 251 249 251 249 249 249 249 249 249 249 249 249 251 249 253 253 189 253 247 255 255 255 255 253 255 255 191 191 255 255 255 191 255 191 253 247 255 239 237 237 109 9 9 8 8 8 8 136 137 137 137 137 137 137 153 153 153 185 153 153 217 216 217 255 255 251 191 191 255 253 255 255 255 255 238 238 238 102 36 66 194 0 4 0 128 0 64 0 0 0 0 0 0 0 32 0 0 0 0 0 0 0 16
4 0 2 16 0 0 0 0 0 0 2 0 136 8 76 254 254 254 255 255 255 247 255 255 247 223 255 247 127 253 255 255 255 255 255 255 235 239 239 239 175 110 110 110 102 102 102 102 102 102 102 102 100 100 100 100 100 100 100 100 100 100 100 100 220 252 220 222 220 220 220 220 220 222 221 221 221 8 136 8 136 0 12 8 8 8 8 10 8 8 8 8 8 8 40 40 40 8 40 41 57 57 57 125 125 121 255 239 238 239 238 235 235 107 107 107 41 41 41 41 41 41 41 9 41 41 57 41 41 24 59 57 121 121 121 249 251 249 251 249 251 249 249 249 249 249 121 249 249 249 251 253 253 253 253 253 255 255 253 255 255 255 255 255 255 255 247 255 255 191 253 247 253 255 239 233 237 125 9 8 10 8 8 8 136 137 137 137 137 137 137 153 153 153 153 185 153 217 217 217 255 255 255 255 255 255 255 255 255 255 255 238 238 238 102 66 128 66 0 0 2 0 2 0 128 0 0 0 8 0 64 2 0 0 0 0 0 1 0 0
1 0 16 2 0 0 0 0 16 0 0 2 8 8 76 238 254 255 255 255 255 239 255 255 255 253 255 239 255 191 255 255 247 254 255 255 239 239 231 239 110 110 110 110 102 102 102 102 102 102 102 102 100 100 100 100 100 100 100 100 100 100 100 100 252 220 252 220 222 220 220 220 220 221 223 221 221 136 8 136 8 8 8 24 8 8 8 8 8 8 8 8 8 8 40 40 8 40 41 41 57 57 57 125 125 125 254 239 111 238 239 235 171 107 107 107 41 57 41 41 41 41 9 57 41 41 57 41 8 57 57 59 121 121 121 249 249 251 249 251 249 251 249 249 249 249 249 217 249 185 249 255 253 253 189 253 255 255 255 255 251 255 255 255 255 255 255 191 255 253 255 253 255 255 239 237 237 237 8 8 8 8 8 8 136 137 137 137 137 137 137 153 153 153 153 153 185 217 217 217 127 255 255 255 255 247 255 255 255 255 255 238 238 238 102 194 66 2 64 0 0 2 16 0 0 1 0 0 0 32 2 2 0 0 0 0 128 0 0 0
0 0 0 0 0 0 64 0 2 0 0 8 8 8 92 254 239 255 255 255 254 253 251 255 255 239 255 255 255 255 255 127 255 255 255 255 231 239 239 239 110 110 110 110 102 102 102 102 102 102 102 102 100 100 100 100 100 100 100 100 100 100 100 100 252 252 220 252 220 222 212 220 220 221 221 223 221 8 136 8 8 8 8 8 8 8 8 8 8 8 10 8 24 8 40 8 42 40 41 41 25 57 57 125 93 61 255 239 239 239 231 233 107 107 107 107 43 41 41 41 57 9 41 41 41 41 41 8 41 57 57 57 123 121 121 249 249 249 251 249 251 249 251 249 249 249 249 249 249 249 121 253 255 253 125 253 253 255 251 255 253 255 255 255 255 255 255 255 255 255 253 255 255 255 239 237 237 233 8 8 8 8 8 12 136 137 137 137 137 137 137 153 153 153 153 153 153 249 216 217 255 254 255 255 255 255 255 255 255 255 255 238 238 238 230 66 66 64 8 0 8 16 2 128 2 0 0 128 8 32 0 64 1 0 128 0 0 8 0 0
4 0 0 0 0 0 32 0 0 2 0 10 8 8 92 255 255 254 255 255 255 255 255 239 255 255 255 253 255 255 255 255 255 255 255 255 239 239 239 239 110 110 110 110 102 102 102 102 102 102 102 102 100 100 100 102 100 100 100 100 100 100 100 100 252 124 252 220 252 220 222 220 220 217 157 221 223 136 8 9 8 8 8 8 9 8 8 8 12 8 9 10 8 8 8 40 40 41 41 9 57 57 57 125 121 125 255 239 111 239 239 235 107 106 107 107 41 41 41 41 9 41 41 41 41 41 8 41 41 57 57 57 121 123 121 249 121 249 249 251 249 251 249 251 249 249 249 249 249 249 185 253 253 239 253 253 253 255 255 255 255 255 255 239 191 255 255 255 255 239 255 255 255 254 239 233 237 233 8 8 8 136 8 8 136 137 137 137 137 137 137 153 153 153 153 153 153 217 249 217 255 127 255 255 255 255 255 255 255 255 254 238 238 238 230 66 66 192 0 8 0 24 128 2 0 0 0 8 0 0 0 4 0 0 0 0 0 0 0 0
0 0 0 0 0 0 0 128 0 64 2 9 8 8 92 255 255 127 255 255 247 255 255 255 247 255 255 255 255 255 255 255 255 255 255 255 239 239 238 239 110 110 110 110 102 102 102 102 102 102 102 102 100 100 100 100 100 100 100 100 100 100 100 100 124 252 220 124 220 220 220 214 220 217 221 221 221 8 8 8 136 8 8 136 8 8 8 8 8 8 8 8 10 8 8 40 40 41 137 41 57 57 57 121 125 125 253 175 237 239 231 235 107 107 107 107 41 41 41 11 41 41 41 41 41 12 41 41 41 57 57 57 89 121 123 121 249 249 249 121 251 249 251 249 251 249 249 249 249 249 249 253 253 253 255 253 253 191 255 255 255 255 255 255 255 255 255 255 255 223 255 255 127 255 239 237 233 233 8 8 12 8 8 8 136 137 137 137 137 137 137 153 153 153 153 153 153 217 217 249 255 247 255 255 255 255 255 255 255 191 255 238 238 238 230 66 194 64 0 4 8 32 0 0 0 4 0 0 0 0 0 32 0 8 0 0 0 0 0 0
0 0 0 0 0 0 0 0 0 0 9 8 8 8 92 255 251 251 255 251 255 127 255 255 223 255 255 255 255 255 255 254 255 255 255 255 239 239 239 236 110 110 110 110 102 102 102 102 102 102 102 102 100 100 100 116 100 100 100 100 100 100 100 100 124 252 252 220 252 220 220 220 222 221 221 221 221 8 8 8 8 8 8 8 136 8 40 8 8 8 8 8 8 8 8 40 40 9 41 41 57 57 57 121 125 125 221 237 239 239 239 235 107 107 107 107 57 41 9 41 41 41 41 41 8 41 41 41 41 57 59 25 121 121 121 123 249 249 249 249 249 251 249 251 217 187 249 249 249 249 249 253 253 253 245 255 253 255 255 254 255 255 255 255 251 255 223 255 251 255 255 255 255 255 239 237 233 233 8 8 9 8 8 8 136 137 137 137 137 137 137 153 153 153 153 153 153 217 217 249 127 255 255 255 255 255 191 223 223 255 254 174 238 238 230 192 66 64 1 16 8 0 0 1 64 0 2 64 1 0 0 4 0 0 0 32 1 64 0 0
0 0 0 16 16 64 0 0 0 0 8 8 8 8 92 255 255 255 250 255 255 255 239 255 255 255 239 223 255 255 191 127 239 255 247 255 239 239 239 238 110 110 110 110 102 102 102 102 102 102 102 102 100 100 100 100 100 100 100 100 100 102 116 100 124 252 252 252 220 252 220 220 221 223 217 221 221 12 8 8 8 136 8 8 8 8 8 8 8 8 8 8 8 8 8 40 8 41 41 41 57 57 57 121 125 125 253 237 239 237 239 107 107 107 107 123 107 9 41 41 41 41 41 8 41 41 41 41 41 57 25 59 121 121 121 249 250 249 249 249 249 249 251 249 251 249 251 249 249 249 249 253 253 253 253 253 255 255 255 255 251 239 127 255 255 255 255 223 255 253 255 255 255 255 239 237 233 105 8 8 8 8 8 8 136 137 153 137 137 137 137 153 153 153 153 153 153 216 153 248 255 255 255 223 255 255 223 254 255 255 191 238 238 238 230 194 64 64 0 1 0 0 4 0 0 16 68 0 0 1 0 0 128 0 0 0 0 0 0 1
0 0 64 0 0 0 0 0 0 0 40 10 8 8 84 223 255 255 255 255 255 255 255 255 255 127 255 255 255 255 127 255 255 255 255 255 239 235 231 110 110 110 110 110 102 102 102 102 102 102 102 102 100 100 116 100 100 100 100 102 100 116 102 118 124 252 124 252 252 220 252 220 221 157 159 221 221 9 9 8 8 8 8 8 8 8 8 8 8 8 8 8 10 12 24 8 40 41 41 41 57 25 57 121 125 61 253 237 233 111 239 107 107 107 91 107 107 41 41 41 41 41 8 41 41 41 41 41 41 153 25 121 91 121 121 249 249 251 249 249 249 249 249 251 249 251 249 251 249 249 249 253 253 253 253 253 255 255 255 255 255 255 255 255 255 255 255 255 255 255 255 255 255 255 239 237 233 105 8 8 24 8 8 8 136 137 137 137 137 137 137 153 153 153 153 153 152 153 216 249 255 255 255 223 191 255 255 239 255 255 238 238 238 238 230 194 96 64 8 16 0 0 0 0 0 0 2 0 0 0 8 0 0 0 4 0 2 16 0 0
2 0 0 32 0 0 0 0 0 0 8 8 8 0 9 255 255 255 255 255 255 255 253 255 255 255 255 255 247 255 127 255 255 255 255 127 239 239 235 110 110 110 110 110 102 102 102 102 102 102 102 102 100 100 100 100 100 100 100 100 116 100 116 110 126 124 252 252 252 252 220 252 221 221 220 223 221 9 8 8 8 10 8 8 8 8 8 8 9 8 8 8 12 8 12 8 42 41 41 41 25 57 57 121 125 125 253 237 237 231 111 107 107 123 107 106 107 57 43 41 41 8 41 41 41 41 41 41 9 57 153 89 121 123 121 249 249 249 250 249 249 249 249 249 251 249 235 249 251 249 217 253 253 253 253 253 255 127 127 255 255 255 255 239 255 253 255 255 255 127 255 255 255 255 237 237 233 105 10 10 8 8 8 8 152 137 137 137 137 137 137 153 153 153 153 152 153 152 217 249 254 255 255 255 255 255 239 255 255 255 238 238 174 110 230 224 80 64 0 8 4 0 0 0 128 0 0 0 0 0 0 0 4 0 0 0 16 2 1 0
32 128 0 0 0 0 0 0 0 0 8 8 0 8 9 255 255 255 253 255 255 255 255 191 255 255 255 255 254 255 127 253 255 247 255 255 235 231 237 110 110 110 46 110 102 102 102 102 102 102 102 102 100 100 100 100 100 100 100 100 100 116 100 126 126 62 252 244 252 252 252 220 253 221 221 221 223 8 8 8 24 8 8 8 9 8 9 8 9 8 8 8 8 12 8 8 41 41 41 9 57 57 59 121 121 125 253 237 237 237 111 107 123 107 107 107 123 107 41 41 8 41 41 41 41 41 41 9 41 25 57 217 121 121 123 249 217 249 249 250 248 249 249 249 249 251 249 251 249 251 249 253 253 253 253 253 255 255 255 255 254 255 127 255 255 255 255 239 255 255 255 255 247 255 236 237 233 105 10 8 8 8 8 8 168 137 137 137 137 137 137 153 153 153 152 153 152 153 217 249 191 255 255 255 247 255 223 255 255 255 238 238 110 238 102 224 224 72 0 0 0 32 0 0 0 0 0 0 0 0 8 0 64 0 4 0 0 1 0 0
16 8 16 0 8 16 0 2 128 0 8 0 8 40 25 191 255 255 254 255 247 127 255 255 255 255 247 255 255 239 255 255 255 255 239 255 239 235 239 110 110 110 102 110 102 102 102 102 102 102 102 102 100 102 100 100 100 100 100 100 100 100 116 126 126 252 254 252 252 124 252 252 221 253 221 221 221 8 8 24 8 9 8 8 8 9 8 9 8 8 8 8 8 8 8 8 41 41 9 41 57 57 121 123 89 125 253 237 237 253 47 123 107 107 107 123 107 107 41 8 41 41 41 41 41 41 9 41 9 57 25 121 249 121 249 251 249 249 249 249 250 249 249 249 185 249 251 249 251 249 251 253 253 253 253 253 255 255 255 255 255 255 255 223 254 239 255 255 255 255 239 255 255 239 236 237 233 105 8 8 8 9 12 8 136 137 137 137 137 137 137 153 153 152 153 152 153 153 217 249 255 254 255 255 255 255 255 255 255 255 238 238 238 110 230 104 224 64 0 0 32 1 0 32 0 64 64 0 0 2 0 0 0 1 0 0 0 0 0 0
0 16 8 0 0 8 0 128 0 0 0 8 136 8 57 255 255 255 255 255 255 255 255 255 255 247 255 255 255 255 255 251 255 255 255 239 239 239 235 110 110 110 110 102 102 102 102 102 102 102 102 102 102 100 100 100 100 100 100 100 100 116 100 126 254 254 252 254 244 252 252 252 253 221 253 221 217 8 8 8 9 8 8 8 8 12 9 8 8 8 8 8 8 8 8 8 41 9 41 41 57 57 121 121 123 124 253 237 236 237 123 111 107 107 123 107 107 107 8 41 41 41 41 43 41 9 41 9 41 25 57 121 121 249 249 249 123 249 249 249 249 251 249 249 185 249 249 251 249 251 253 191 253 253 253 253 255 255 255 255 255 255 255 255 255 255 255 255 255 255 255 255 255 239 173 237 233 105 8 8 8 8 8 8 136 137 137 137 137 137 137 153 152 153 152 153 153 153 217 249 255 253 255 247 255 251 255 255 191 255 238 238 238 238 46 224 96 64 0 0 0 0 0 0 0 2 64 0 0 0 2 128 0 0 0 0 0 0 0 0
0 0 128 0 0 0 0 0 0 0 32 12 8 8 57 251 255 191 255 255 255 255 255 255 255 255 255 255 255 255 255 255 255 255 255 238 239 237 111 110 110 110 110 102 102 102 102 102 102 102 102 102 102 100 100 100 100 100 100 100 100 100 116 126 254 254 254 252 254 252 252 252 253 253 221 253 221 8 8 9 40 8 8 10 8 8 8 8 40 8 136 8 8 10 8 8 9 41 41 41 57 57 89 121 125 127 253 237 237 237 239 107 107 123 107 107 107 107 41 41 41 41 41 41 9 41 9 41 9 57 57 121 121 249 249 249 249 251 249 185 249 249 123 121 249 249 185 249 251 253 255 253 255 253 253 253 255 255 191 255 255 255 255 254 254 255 255 255 255 255 255 255 191 238 173 109 233 105 8 8 8 8 8 8 140 137 137 153 137 137 137 152 153 152 153 153 153 153 217 217 189 251 247 255 255 255 255 223 255 255 238 238 238 238 224 32 96 64 0 0 0 0 64 32 0 64 0 0 2 0 136 64 0 8 16 0 0 0 0 0
32 0 8 64 0 0 0 0 0 0 0 8 8 8 57 255 255 255 255 255 255 255 255 255 255 255 255 255 255 255 255 255 255 255 255 239 239 239 111 110 110 110 110 102 102 102 102 102 102 102 102 102 102 100 100 100 116 100 100 100 100 100 100 254 254 190 222 254 252 254 252 252 221 253 253 221 253 8 8 8 8 8 8 8 8 8 8 9 8 9 8 8 8 8 8 8 137 57 57 41 57 25 121 121 125 253 255 229 237 253 239 107 123 107 107 107 107 107 41 41 41 41 41 9 41 9 41 9 41 25 57 121 121 249 249 249 248 249 251 249 249 249 249 91 249 249 249 249 189 255 253 255 253 255 253 253 239 255 255 255 255 255 254 255 255 255 255 247 255 253 255 255 238 175 109 237 41 105 8 8 8 8 8 8 136 137 137 137 137 137 136 153 152 153 153 153 153 153 153 216 249 239 251 255 251 255 255 255 255 255 238 238 238 238 224 96 32 64 0 1 0 0 0 0 0 0 0 0 0 0 2 0 0 0 8 0 32 0 0 0
0 0 0 0 0 0 0 128 0 2 0 10 8 40 57 255 255 255 255 255 255 255 255 255 255 255 254 255 255 255 255 255 253 239 254 239 175 239 111 110 110 110 110 102 102 102 102 102 102 102 102 102 102 100 100 100 100 100 100 100 100 100 100 254 254 222 254 254 254 252 190 124 253 221 253 253 221 9 8 8 8 40 8 9 8 8 8 8 9 8 10 12 8 8 24 8 9 185 41 57 25 25 121 57 125 253 253 253 237 237 239 123 107 107 107 107 107 43 41 41 57 41 11 57 9 41 9 41 9 57 57 121 121 249 185 249 249 249 249 251 249 249 249 249 251 249 249 249 253 253 255 125 255 252 255 253 255 254 255 255 255 255 255 255 255 255 255 255 254 255 255 255 239 109 237 109 121 41 24 8 8 8 8 8 136 169 137 137 137 152 137 152 153 153 153 153 153 153 152 217 249 235 255 251 255 239 255 255 255 127 238 238 238 238 224 96 64 8 0 128 0 1 0 0 0 0 8 0 0 0 0 64 1 128 0 0 0 0 0 0
0 0 4 0 128 32 16 16 1 0 2 8 8 40 57 255 255 127 223 255 255 251 255 255 255 255 255 255 255 127 191 247 255 255 239 239 238 239 111 110 110 110 110 102 102 102 102 102 102 102 102 102 102 100 100 100 100 100 100 100 100 100 100 254 254 222 254 254 254 254 124 254 253 253 253 253 249 40 8 8 12 8 8 8 8 8 8 8 8 8 12 8 8 8 8 12 9 41 57 25 57 25 57 121 125 253 189 253 237 237 255 239 107 107 107 107 107 41 41 41 41 9 57 11 41 9 41 9 41 57 57 121 121 249 217 249 217 249 249 249 251 121 249 249 249 251 249 249 253 253 253 255 252 255 253 255 255 255 255 255 255 127 255 255 255 223 255 223 255 127 255 127 175 237 109 109 109 24 41 8 8 8 8 8 136 137 137 137 136 137 152 153 153 153 153 153 153 152 153 217 249 223 251 255 255 255 255 255 255 255 238 238 238 230 224 96 64 0 0 0 0 0 0 0 0 8 0 2 0 8 0 0 0 0 32 0 0 0 1 0
128 0 0 0 0 0 32 16 0 32 10 8 9 40 57 255 254 191 254 239 251 255 255 239 255 254 255 255 255 255 247 63 255 255 239 239 239 239 111 110 110 110 110 102 102 102 102 102 102 102 102 102 102 100 100 100 100 100 100 100 100 100 100 254 254 254 254 246 254 254 254 252 255 125 253 221 253 8 8 8 8 10 8 8 12 8 8 8 8 12 8 8 8 8 40 8 9 41 25 57 25 25 57 121 125 253 253 253 237 237 239 239 107 107 107 107 107 41 41 41 9 41 9 41 9 41 41 41 41 25 57 121 121 249 249 217 249 185 249 249 249 235 249 249 185 249 251 249 253 253 253 253 255 253 255 253 254 255 251 255 255 255 191 255 255 255 223 255 223 247 63 255 237 237 109 109 101 101 8 8 8 8 24 8 136 137 137 136 137 136 153 153 153 153 153 153 152 153 153 217 217 251 127 255 253 251 255 255 255 255 238 238 238 230 224 96 64 0 0 0 0 0 0 0 0 0 0 0 64 32 0 0 0 0 2 0 0 0 32 1
0 0 0 0 0 1 8 32 0 0 40 8 8 41 57 253 255 254 255 239 253 255 255 255 255 255 223 247 255 255 255 251 255 255 239 237 239 239 111 110 110 110 110 102 102 102 102 102 102 102 102 102 102 100 100 100 100 100 100 100 100 100 100 252 254 254 254 254 254 238 254 254 253 255 253 253 221 8 8 8 8 8 8 8 8 40 12 8 8 8 8 8 8 8 8 24 9 9 57 25 57 25 57 121 61 245 253 253 173 253 239 239 107 107 107 107 43 41 41 25 41 9 41 9 41 41 41 41 25 57 57 121 120 249 249 249 249 249 249 249 249 249 251 249 249 249 249 187 253 125 253 253 253 127 125 127 255 255 255 255 255 255 253 255 255 255 255 223 255 159 255 255 237 109 109 109 117 101 10 12 8 8 9 136 136 137 136 137 136 137 153 153 153 153 153 152 153 153 153 217 217 255 255 255 255 255 255 255 127 255 238 238 238 230 224 96 64 0 1 0 0 32 0 0 32 0 16 0 0 8 0 0 0 0 0 0 0 0 0 0
0 0 4 2 0 0 0 16 16 0 8 8 8 41 57 253 255 255 255 127 255 255 255 255 255 255 255 223 255 255 255 223 255 255 239 111 239 239 111 110 102 110 110 102 102 102 102 102 102 102 102 102 102 100 100 100 100 100 100 100 100 100 100 252 254 254 254 190 254 254 254 255 255 245 255 253 253 10 12 8 8 8 8 8 8 8 8 8 8 8 10 8 40 8 8 8 9 9 25 57 153 57 57 57 116 61 253 253 253 237 239 239 107 107 107 107 41 41 9 41 9 41 9 41 41 41 41 9 57 57 57 121 121 249 249 249 249 249 249 249 249 249 249 251 249 249 249 253 255 125 253 253 253 253 127 255 255 255 255 255 253 255 255 191 255 255 255 253 223 255 255 255 237 109 109 109 109 101 12 8 8 9 8 136 136 136 137 168 137 137 153 153 153 153 152 153 153 153 153 217 153 255 255 255 255 223 255 255 251 255 238 238 238 230 224 96 96 0 0 8 0 0 0 0 0 4 0 128 0 0 0 2 16 0 0 0 0 1 0 0
0 0 0 0 0 0 0 2 0 0 8 24 8 41 57 253 191 255 255 255 251 255 255 255 254 255 191 255 255 255 247 255 254 127 239 239 239 239 111 110 110 110 110 102 102 102 102 102 102 102 102 102 102 100 100 100 100 100 100 100 100 100 100 252 254 254 254 254 254 254 247 223 255 255 221 255 253 4 8 8 8 9 8 8 8 8 9 9 8 8 8 12 8 8 24 8 9 9 25 25 57 185 57 48 57 125 245 253 253 237 237 239 107 107 107 107 41 9 57 9 43 9 41 41 41 41 11 41 57 57 57 121 121 249 249 121 249 217 185 249 249 249 249 249 251 249 249 253 253 255 253 252 249 221 255 255 255 255 247 255 127 255 223 255 255 255 255 255 255 255 127 255 237 109 109 109 109 109 8 8 8 8 8 136 136 136 136 137 137 153 153 153 153 152 153 153 153 153 153 153 216 255 223 255 255 255 253 255 255 255 238 110 238 230 224 96 96 0 0 8 0 0 0 0 64 4 0 0 0 0 0 16 2 0 0 4 0 0 0 0
0 0 0 0 0 0 0 64 4 0 8 8 8 41 57 189 255 255 255 255 255 255 255 255 255 255 255 127 255 255 255 255 255 255 238 239 239 239 111 110 110 110 110 102 102 102 102 102 102 102 102 102 102 100 102 100 100 102 100 100 100 100 100 252 254 254 254 254 254 255 254 255 255 255 191 253 255 8 8 8 10 8 24 8 8 24 9 8 8 8 8 8 8 40 8 8 9 9 25 25 57 57 176 57 57 125 125 253 249 237 237 239 107 43 107 107 9 41 9 41 9 41 41 41 41 9 41 41 57 57 57 121 121 249 249 249 249 249 249 248 249 249 249 185 249 249 121 253 253 249 255 253 253 253 255 255 255 255 255 255 255 255 255 253 255 255 255 255 255 239 255 255 236 109 111 109 109 109 8 8 8 8 8 136 136 136 136 137 137 153 153 153 152 153 153 153 153 153 153 152 217 223 255 255 191 223 251 255 255 255 238 238 238 230 224 96 104 0 0 0 0 4 4 0 0 0 4 0 0 0 0 16 0 0 0 2 0 0 128 0
0 0 0 32 0 0 4 0 0 0 8 8 8 41 25 189 255 255 255 255 255 255 191 255 255 255 255 255 255 247 127 255 251 255 239 239 239 239 111 102 110 110 110 102 102 102 102 102 102 102 102 102 102 102 100 102 100 100 100 100 100 100 100 252 254 254 254 254 255 254 255 255 255 255 253 239 253 10 10 8 8 24 24 40 8 9 8 8 8 8 8 8 8 8 8 8 9 9 25 153 57 48 57 185 59 117 125 253 253 237 237 239 107 107 107 107 41 9 41 9 41 41 41 41 9 41 41 41 57 57 57 121 121 249 185 249 249 249 249 249 249 249 249 185 249 249 249 253 252 253 249 255 253 253 255 255 255 255 247 254 239 255 255 254 239 239 255 255 254 255 255 255 237 109 109 109 109 109 8 8 8 8 136 136 136 136 136 137 137 153 153 156 153 153 153 153 153 153 156 153 217 223 255 239 223 127 255 255 255 255 238 174 238 230 224 96 96 64 0 0 0 0 0 0 0 4 0 128 0 0 0 0 128 0 0 0 0 2 0 0
0 128 0 0 2 0 0 0 0 0 10 8 8 41 57 189 255 255 255 255 255 255 255 127 255 254 255 191 255 255 255 255 255 255 235 239 239 239 111 46 110 110 110 102 102 102 102 102 102 102 102 102 102 102 102 100 100 100 100 100 100 100 102 252 238 254 254 223 254 255 251 255 251 255 255 253 239 138 8 8 8 24 9 8 8 8 8 8 8 8 8 8 8 8 8 8 9 9 25 25 176 57 57 57 245 59 125 253 221 237 237 239 107 106 107 107 9 41 9 41 57 41 41 9 41 41 41 41 57 57 59 121 121 249 249 249 249 249 249 249 249 249 249 249 217 249 249 189 253 253 253 253 127 253 255 255 251 251 255 255 255 223 255 255 231 255 127 255 255 254 255 255 237 45 109 109 109 109 8 8 8 8 136 136 136 136 136 137 137 153 156 153 157 153 153 153 153 152 153 157 217 255 253 255 255 255 254 255 191 251 238 238 110 230 224 96 96 64 0 0 16 0 0 0 0 0 0 128 0 0 0 0 0 1 0 0 0 0 0 128
0 0 0 0 2 0 0 0 0 0 8 8 8 41 57 189 251 247 255 255 255 223 255 255 255 251 255 255 255 255 255 254 223 255 175 239 237 239 111 110 110 110 110 102 102 102 102 102 102 102 102 102 102 102 102 100 100 100 100 100 100 100 252 238 254 254 255 238 255 239 251 251 255 239 255 254 239 8 8 8 9 8 8 8 8 8 8 8 8 40 8 8 8 8 8 12 9 9 25 17 25 185 57 49 57 253 127 253 253 237 173 239 107 107 107 107 41 9 57 41 41 41 9 41 41 41 41 41 57 57 121 123 120 249 249 217 249 249 249 249 249 249 249 249 249 249 249 253 253 221 125 253 253 247 255 255 255 255 255 255 255 255 247 255 255 127 255 255 255 127 255 255 237 109 109 109 109 109 8 8 8 8 136 136 136 136 136 137 137 152 153 157 153 157 153 153 152 153 153 153 221 253 255 251 255 255 255 255 251 255 238 238 238 102 224 96 96 64 1 0 32 0 128 0 0 0 0 0 0 1 0 0 1 16 0 0 8 0 0 0
0 0 0 0 0 0 0 0 32 2 40 8 8 41 57 185 255 251 255 255 127 255 247 239 255 255 255 255 255 223 253 239 255 255 239 235 239 111 111 110 46 110 110 102 102 102 102 102 102 102 102 102 102 102 102 116 100 100 100 100 100 100 236 254 254 255 254 223 239 127 255 255 255 255 255 255 238 8 8 8 10 8 8 136 8 8 8 8 24 40 10 8 8 8 8 8 9 9 17 153 25 57 177 57 57 125 253 255 253 237 237 239 107 107 107 107 9 41 41 41 41 9 41 41 41 41 41 41 25 57 121 121 123 249 249 249 185 121 249 249 249 249 249 249 249 249 249 253 253 253 253 253 189 253 255 253 255 255 255 255 255 255 255 255 127 255 255 191 255 255 255 255 237 109 109 109 111 109 8 8 8 8 136 136 136 136 136 137 136 153 153 153 157 153 157 152 153 153 153 153 221 253 255 191 255 255 127 255 191 255 238 174 238 230 96 96 96 64 0 4 0 1 0 0 0 0 1 0 128 0 0 0 0 1 0 0 0 0 0 0
0 0 64 0 0 0 0 0 0 40 8 8 8 43 57 153 251 255 223 255 255 255 191 255 255 255 255 254 255 255 255 255 255 255 239 239 239 111 107 110 110 110 110 102 102 102 102 102 102 102 102 102 102 102 118 102 100 100 100 100 100 100 236 254 255 254 255 255 255 255 255 247 255 255 255 255 238 8 8 8 8 8 9 40 10 8 8 8 24 8 8 8 8 24 8 12 9 1 9 25 153 57 57 57 57 125 253 253 255 109 237 239 107 107 107 107 41 41 41 41 9 41 41 41 41 41 41 9 57 59 121 121 249 251 249 249 121 249 249 249 249 249 249 249 249 249 249 253 253 253 253 253 249 253 253 255 255 255 239 127 255 255 255 254 255 255 255 255 255 255 255 255 237 109 109 109 109 109 9 8 8 8 136 136 136 136 136 136 137 153 153 153 153 157 152 157 153 153 153 153 221 253 255 223 191 254 255 255 255 255 238 238 238 230 96 96 96 96 0 0 0 2 0 0 0 16 4 0 16 0 0 64 4 0 0 0 0 0 0 0
0 0 0 0 0 0 0 16 128 8 8 8 8 57 27 185 255 127 255 247 255 255 255 255 255 255 247 255 251 191 255 255 223 255 239 239 239 111 111 110 110 110 110 102 102 102 102 102 102 102 102 102 102 118 102 102 100 100 100 100 100 100 236 255 254 254 255 255 251 255 255 255 255 255 255 255 238 8 9 8 8 24 8 8 8 8 8 8 8 12 8 8 8 8 10 8 1 9 9 25 25 185 57 57 57 125 253 253 253 237 237 239 107 107 106 107 43 41 41 9 41 41 41 41 41 41 9 41 57 121 122 121 249 249 251 248 249 249 249 249 249 249 249 249 249 249 249 253 125 253 253 253 125 253 245 255 255 255 253 255 253 251 255 255 255 255 255 255 255 255 223 255 237 109 109 109 109 109 8 8 8 8 168 136 136 136 168 136 137 153 153 153 153 152 157 153 157 153 153 153 221 253 255 251 254 223 223 255 255 247 238 238 238 230 96 96 96 96 1 0 8 128 1 1 0 0 0 64 0 0 0 0 0 0 128 0 0 0 0 32
0 1 4 4 0 2 0 0 0 8 8 8 8 25 185 155 255 255 254 255 251 255 255 255 239 255 247 255 255 191 255 251 255 255 237 237 175 111 111 110 110 110 110 102 102 102 102 102 102 102 102 102 118 102 102 102 100 100 100 102 100 100 236 254 255 251 239 255 255 223 254 251 255 255 254 255 238 8 8 8 8 10 8 12 136 8 8 8 9 8 8 8 10 8 8 0 136 41 9 25 25 57 185 57 57 125 253 245 253 237 237 239 107 107 107 107 41 41 9 41 41 41 41 41 41 9 41 57 57 121 121 123 217 249 249 250 249 249 249 249 249 249 249 249 249 249 249 253 253 253 125 253 249 253 252 255 255 255 255 253 255 255 239 247 255 255 223 255 255 223 255 255 237 109 109 109 108 45 8 8 8 8 136 136 136 136 136 140 137 153 153 153 152 153 153 157 153 157 153 153 221 252 255 255 247 255 255 239 255 255 238 238 238 230 96 96 96 112 8 2 0 1 128 0 0 0 0 0 0 0 0 0 0 8 0 4 0 0 0 16
8 0 0 0 4 4 0 16 0 8 10 8 9 25 153 255 255 255 255 255 255 255 239 255 255 255 255 255 255 251 255 255 255 127 237 237 111 111 111 110 110 110 110 102 102 102 102 102 102 102 102 118 102 102 102 102 100 100 100 100 116 100 236 247 255 255 255 255 255 255 239 255 251 251 255 190 238 8 12 8 8 8 12 8 10 8 8 8 8 8 10 8 8 8 0 8 8 9 9 153 25 57 57 185 25 121 253 253 253 237 229 239 107 106 107 107 41 9 41 41 41 41 41 41 9 41 41 57 57 121 121 249 251 249 249 249 251 249 248 217 249 217 249 249 249 249 121 253 189 253 253 221 125 253 253 255 247 255 251 255 255 239 255 175 255 255 247 255 255 255 255 255 253 109 109 109 45 8 8 8 8 8 136 136 136 136 152 136 137 153 153 152 153 153 153 153 157 153 157 153 221 253 255 255 255 255 223 255 255 255 238 238 238 102 96 96 96 96 0 0 0 0 64 0 0 0 0 0 0 4 64 1 8 32 0 128 0 0 0 0
0 0 128 0 32 0 0 0 0 8 12 8 9 25 153 255 255 127 255 255 255 254 255 223 255 255 255 255 223 255 255 191 255 255 237 237 111 111 111 110 46 110 46 102 102 102 102 102 102 102 118 102 102 102 102 102 100 100 100 100 100 100 228 236 255 255 255 255 223 255 255 255 255 255 255 239 174 12 10 8 8 8 8 8 8 8 8 40 12 8 136 8 8 0 24 8 8 9 9 27 153 57 57 25 185 121 245 253 253 237 229 239 107 107 107 107 9 41 57 41 41 41 41 9 41 41 41 57 57 121 121 249 249 251 249 249 249 251 249 249 216 249 249 185 249 217 249 253 253 253 253 253 253 249 249 255 253 254 255 255 255 223 239 255 255 253 255 251 255 191 255 254 223 109 109 109 9 8 8 8 8 8 136 136 136 140 136 136 137 153 152 153 153 153 153 153 153 157 153 157 221 253 254 255 255 255 254 255 251 255 238 238 238 102 96 96 96 100 0 16 0 8 0 0 0 64 8 0 0 0 0 0 32 0 0 0 0 0 0 0
0 0 16 128 0 0 64 0 0 8 8 8 41 25 153 255 223 255 255 254 255 255 239 191 255 255 127 253 127 255 255 247 247 223 237 237 111 111 111 110 110 46 102 38 102 102 102 102 102 118 102 102 102 102 102 102 100 100 102 100 100 100 100 236 255 223 127 254 255 255 255 255 255 254 255 239 12 10 136 8 8 8 8 136 40 12 8 8 8 136 8 8 0 8 10 8 8 25 9 153 27 185 25 57 57 249 121 253 253 109 237 239 107 107 107 107 41 41 41 41 41 41 9 41 41 41 41 57 57 121 121 249 249 249 251 249 249 249 251 249 249 217 249 249 217 249 249 253 253 253 253 253 253 253 249 253 255 253 251 255 191 255 255 255 255 255 255 255 255 251 255 255 255 109 109 109 8 12 8 8 8 8 136 136 136 136 136 136 137 152 153 153 153 153 153 153 153 153 157 157 221 221 191 223 255 255 255 255 255 127 238 238 238 102 96 96 104 96 0 0 32 0 0 0 0 0 0 0 0 0 0 32 0 0 0 0 0 0 16 0
0 0 0 16 32 64 4 128 0 8 8 8 25 59 153 223 255 255 255 255 255 255 255 255 255 255 255 126 247 255 223 255 255 255 237 237 111 111 111 110 110 102 38 102 38 102 102 102 118 102 102 102 102 102 102 102 100 100 100 100 100 100 100 236 255 255 255 255 255 255 255 255 191 255 255 239 11 136 8 24 8 12 8 8 8 8 8 8 8 8 8 0 8 8 12 8 8 9 25 25 185 27 185 57 57 121 249 253 253 233 237 239 107 107 107 107 41 57 41 41 41 9 41 41 41 41 41 57 57 121 121 249 249 248 249 250 249 248 249 251 249 249 249 249 249 249 249 253 221 253 253 253 189 253 245 253 253 255 255 255 255 254 127 255 255 255 255 255 255 255 255 255 255 111 109 109 12 8 136 24 8 8 136 152 136 136 168 136 136 153 153 153 153 153 153 153 153 153 149 157 157 221 223 255 255 255 255 255 255 253 238 238 238 102 96 96 96 96 0 0 8 0 0 0 32 0 128 0 0 0 0 0 128 128 128 0 0 0 0 0
0 0 0 0 2 0 0 0 0 8 24 8 25 153 187 255 127 255 255 239 255 255 255 255 253 255 255 255 126 255 255 255 255 127 237 237 111 111 111 110 110 102 102 38 102 38 102 118 102 102 102 102 102 102 102 102 100 100 100 100 100 100 100 236 247 255 255 191 255 255 255 255 255 223 255 239 136 8 8 8 8 9 8 8 8 8 8 24 8 10 0 8 8 12 8 8 8 9 25 25 25 185 59 185 57 121 249 249 221 237 237 239 107 107 107 107 41 41 41 41 41 41 41 41 41 41 41 57 57 121 121 185 249 249 248 249 250 249 249 249 251 249 249 249 249 249 249 245 253 253 253 253 253 253 253 253 253 255 255 255 253 255 127 255 255 254 255 191 255 255 255 255 247 111 109 109 8 8 9 136 9 12 136 137 136 136 136 136 136 153 153 153 153 153 153 153 153 145 153 157 157 221 255 255 255 255 255 255 223 255 230 238 238 102 96 96 96 96 32 128 0 0 0 0 0 0 0 0 128 0 0 0 128 128 0 0 0 0 0 0
0 0 0 0 0 2 0 0 1 8 8 24 25 153 191 255 255 255 255 255 255 255 255 255 255 255 255 255 255 127 255 127 127 191 237 253 111 111 103 110 110 102 102 102 38 102 54 102 102 102 102 102 102 102 102 102 100 100 100 100 100 100 116 228 252 255 255 223 253 255 255 255 255 255 255 239 8 8 8 10 8 8 8 8 8 8 8 8 8 8 8 8 8 8 136 8 8 9 25 25 25 57 185 59 185 89 249 249 253 237 237 239 107 107 107 107 41 41 41 41 41 41 41 41 41 41 43 57 25 121 121 249 249 249 249 248 249 251 249 217 249 187 121 249 248 249 249 217 253 253 253 252 253 253 221 253 253 254 255 255 255 255 253 255 255 255 223 255 223 255 255 255 255 111 111 125 8 8 10 9 8 8 136 136 152 136 168 136 136 153 153 153 153 153 153 153 145 153 153 157 157 221 255 255 251 255 255 255 127 255 238 238 238 102 100 96 96 96 0 0 0 64 0 0 0 0 0 0 0 0 8 0 0 1 0 128 0 0 1 0
8 0 32 0 4 0 0 0 0 8 8 24 25 153 255 255 255 255 255 255 255 255 255 247 254 255 239 255 255 251 111 247 255 237 253 237 111 111 107 110 110 102 102 102 102 54 102 38 102 102 102 102 102 102 102 102 100 100 100 100 100 100 100 116 124 255 255 255 223 255 255 127 247 255 255 239 8 8 8 8 8 9 8 8 8 8 8 10 8 8 8 8 8 8 8 8 24 9 25 25 25 57 57 185 27 249 249 249 249 237 237 239 107 107 107 107 41 41 41 41 41 41 41 41 41 41 57 27 57 123 121 249 249 249 249 249 249 249 251 217 249 121 251 121 249 249 248 249 253 249 253 253 253 253 253 253 221 254 255 255 255 255 255 255 255 255 255 223 255 255 255 255 255 111 127 111 8 8 25 8 8 8 136 136 136 136 136 136 137 153 153 153 153 153 153 145 153 153 153 157 157 221 255 255 255 255 254 223 255 255 238 238 238 102 100 96 96 100 0 0 0 4 0 2 0 0 0 0 0 0 0 0 0 0 0 2 1 1 0 8
0 0 4 0 4 0 0 0 0 8 8 24 153 153 253 255 255 255 255 255 255 251 255 239 251 255 255 255 255 239 247 111 223 125 237 237 111 111 103 110 110 102 102 102 118 102 38 102 38 102 102 102 102 102 102 102 100 100 100 100 100 100 100 100 126 255 239 255 255 255 223 255 127 255 255 237 8 8 40 8 8 24 10 8 8 8 8 24 8 8 8 10 8 8 8 12 8 25 25 25 25 57 57 25 249 251 249 249 249 237 237 239 107 107 107 107 41 41 41 41 41 57 41 41 41 41 25 57 59 121 123 249 249 249 249 185 249 249 249 251 249 248 121 249 249 249 249 121 185 253 253 253 245 253 253 253 253 255 191 255 255 255 255 255 247 255 255 254 255 223 191 255 255 119 111 111 8 8 40 8 8 8 136 136 136 136 136 136 137 153 153 153 153 153 145 153 153 153 153 157 157 221 255 255 255 255 255 255 255 255 238 238 238 102 116 96 96 96 4 0 0 32 0 0 0 16 0 0 0 32 0 0 0 0 0 3 32 0 0 0
0 0 0 4 0 0 0 16 0 8 8 24 153 153 189 255 255 255 255 255 191 255 255 255 127 255 255 255 255 223 239 255 127 255 237 233 111 111 111 110 110 102 102 118 102 102 102 38 102 38 102 102 102 102 102 102 100 100 100 100 100 100 100 116 127 255 255 255 255 239 255 255 247 255 255 237 12 8 8 8 136 8 136 40 8 8 9 12 8 8 8 8 8 136 8 40 24 25 25 25 153 57 25 57 249 249 251 249 249 237 237 239 107 106 107 106 41 41 41 41 41 41 41 41 41 9 57 57 121 123 249 219 249 121 249 249 249 249 249 185 251 185 249 249 249 185 249 249 249 253 253 253 252 189 253 253 253 255 255 255 239 255 127 255 255 255 255 191 191 255 255 255 255 255 103 111 8 8 8 8 24 136 136 136 136 136 136 137 153 153 153 153 153 145 153 153 153 153 153 157 157 221 255 255 255 255 255 255 255 255 238 238 238 118 102 96 96 96 0 4 128 0 0 0 0 0 4 0 128 0 0 4 0 32 0 32 0 0 0 2
0 16 4 0 0 0 0 0 0 8 8 24 153 153 189 255 255 255 255 255 255 255 255 255 255 255 255 251 255 255 255 253 255 247 237 237 111 111 111 110 110 102 118 102 102 102 102 102 38 102 38 102 102 102 102 102 100 100 100 100 100 100 100 100 255 251 255 253 255 251 255 255 127 255 255 237 8 8 8 8 8 136 8 8 40 136 8 12 8 8 12 8 8 24 8 8 56 25 25 25 25 153 57 59 249 249 249 251 249 233 237 239 107 107 106 107 43 41 41 41 41 41 41 41 9 41 57 59 121 249 251 249 251 249 249 249 249 249 249 249 185 251 249 217 249 249 249 249 249 253 253 253 253 125 253 253 253 255 255 255 255 251 255 255 255 255 191 255 255 254 255 191 255 255 110 111 8 40 8 8 12 136 136 136 136 136 136 137 153 153 153 153 145 153 153 153 153 153 153 157 157 221 255 255 255 255 255 255 191 127 236 230 254 238 102 96 96 96 0 0 0 0 1 0 0 0 8 0 16 0 0 128 0 0 32 0 0 0 4 0
32 0 0 4 1 0 0 0 0 12 8 24 153 153 189 255 255 254 255 255 255 255 255 255 255 255 191 255 255 255 255 191 255 253 237 237 111 111 111 110 110 118 102 102 102 102 102 102 102 38 102 38 102 102 102 102 100 116 100 100 100 116 100 100 255 255 253 255 255 255 255 251 255 254 254 237 8 24 8 8 8 8 8 12 24 8 8 8 8 8 8 8 8 8 8 8 24 57 25 25 25 25 185 249 251 249 249 249 251 233 237 239 107 107 107 107 41 57 41 41 41 41 41 9 41 41 57 121 123 248 249 251 249 251 249 185 249 249 121 249 249 249 251 249 249 249 217 249 249 253 253 253 125 253 253 253 253 223 223 255 255 255 255 255 255 251 253 191 255 255 255 255 254 255 111 110 40 8 8 8 8 136 152 136 136 136 136 137 153 153 153 145 153 153 153 153 153 153 153 157 157 221 255 255 251 255 255 255 127 255 238 252 238 238 102 96 96 96 1 0 2 0 0 0 0 16 8 0 0 0 32 0 0 0 0 0 0 0 1 0
0 0 0 0 0 0 0 0 64 8 8 24 153 153 189 255 251 255 239 255 255 251 247 253 255 255 255 255 255 255 223 255 255 255 237 237 111 111 111 110 126 110 102 102 102 102 102 102 102 102 38 102 38 102 102 102 100 100 100 100 116 100 100 100 255 254 255 239 255 255 254 255 255 255 255 252 8 8 10 8 8 24 8 8 12 8 8 9 10 8 8 8 24 8 8 8 24 25 57 25 25 25 185 249 249 251 249 249 249 169 237 239 107 107 107 107 41 41 41 57 41 41 9 41 57 41 57 57 249 251 249 249 251 249 251 249 249 249 249 249 249 249 249 251 249 249 217 185 185 253 253 253 253 221 253 253 221 247 255 255 255 127 255 255 255 251 255 255 255 255 255 255 255 255 111 110 8 8 8 8 8 136 136 136 136 136 136 137 153 153 209 153 153 153 153 153 153 153 153 157 157 221 255 255 255 255 255 255 255 255 254 238 238 110 102 96 96 96 0 0 0 0 0 128 0 0 0 0 0 0 0 0 1 32 0 0 0 0 8 0
4 64 0 16 0 0 0 64 0 40 8 24 153 153 189 253 255 247 255 255 255 255 251 255 255 255 255 255 255 255 255 127 255 255 237 237 111 111 111 126 110 110 102 102 102 102 102 102 102 102 102 38 102 38 102 102 100 100 100 100 100 100 100 100 254 191 255 239 223 255 255 255 255 251 255 255 8 8 8 8 40 136 8 8 8 8 136 8 8 8 8 8 8 8 8 8 24 25 25 57 25 25 185 249 249 121 251 249 185 169 237 239 107 106 107 107 41 41 41 41 41 9 43 41 41 59 57 57 249 249 251 121 249 251 249 251 249 249 249 249 249 249 217 248 251 249 249 249 185 253 253 253 253 253 253 253 253 221 255 255 223 191 255 223 255 251 255 255 239 255 223 255 255 191 111 110 9 8 8 8 8 168 136 136 136 136 136 137 153 145 153 217 153 153 153 153 153 153 153 149 157 213 255 255 239 255 255 255 255 255 255 238 238 110 102 96 96 96 0 1 0 0 0 0 0 0 0 0 0 0 8 0 64 0 0 0 64 0 0 64
0 0 0 0 0 2 0 8 0 8 8 24 153 153 189 253 255 255 255 191 255 255 255 255 255 254 223 255 255 255 255 255 255 191 237 237 111 111 127 111 110 110 102 102 102 102 102 102 102 102 102 102 38 102 38 102 100 100 102 100 100 100 100 102 255 255 255 255 255 255 255 255 255 255 255 255 8 8 8 10 136 8 8 8 10 8 8 8 8 40 8 8 8 8 8 8 24 25 25 25 57 25 185 249 121 185 249 250 233 169 237 239 107 107 107 106 41 43 41 41 9 41 41 41 41 57 59 57 121 249 249 251 249 249 251 249 251 249 249 249 249 249 248 249 249 251 249 249 249 253 253 253 125 253 253 253 245 253 223 255 255 247 255 254 127 191 255 255 255 255 255 247 127 111 111 107 8 8 8 136 8 136 140 136 136 136 140 137 145 153 153 153 217 153 153 153 153 153 145 153 149 157 255 255 255 251 255 253 255 255 254 110 238 110 102 96 98 112 0 128 0 0 16 4 0 0 0 8 0 0 0 0 0 0 4 0 0 0 0 1
4 0 32 0 0 0 0 16 8 136 8 24 153 153 189 253 255 255 251 255 247 255 255 254 255 255 255 255 255 255 255 255 239 237 237 237 47 127 111 111 110 110 102 102 102 102 102 102 102 102 102 102 102 38 102 38 100 100 102 100 100 100 100 253 255 255 255 255 223 255 255 255 255 253 255 255 8 8 8 136 8 8 8 9 8 40 9 8 8 8 8 8 8 9 136 8 24 25 25 25 25 57 185 249 249 249 249 185 233 233 237 239 107 107 107 107 43 57 41 41 41 41 41 41 41 57 57 59 121 249 249 249 251 249 185 250 217 123 249 249 249 248 249 217 121 249 251 249 249 253 253 253 253 253 253 253 253 253 255 255 255 255 255 255 191 255 255 255 191 255 254 255 255 111 111 43 8 8 8 8 137 136 136 136 136 136 136 129 137 153 153 153 153 217 153 153 153 145 153 145 153 157 255 239 255 253 255 255 191 255 127 238 110 110 102 98 116 98 0 16 0 0 0 0 0 0 0 0 0 0 0 0 0 0 0 0 1 0 0 0
0 0 16 32 0 2 0 0 8 136 9 24 153 153 189 253 191 255 255 251 247 255 255 255 255 251 255 255 247 255 255 239 239 237 237 237 119 111 111 107 110 110 102 102 102 102 102 102 102 102 102 102 102 102 38 100 36 100 100 100 100 100 100 253 255 239 255 223 255 255 255 255 223 255 255 255 8 8 8 9 8 8 8 24 8 8 8 8 8 8 8 9 9 8 8 8 24 25 25 25 27 57 185 249 249 249 249 233 233 233 237 239 107 107 107 107 57 43 41 41 43 41 41 41 41 57 57 120 123 249 249 249 249 187 252 249 251 249 251 249 249 249 249 249 249 249 249 251 249 253 253 253 253 253 253 253 253 253 251 255 255 253 247 255 254 255 247 255 255 255 255 255 255 107 47 8 8 10 8 8 136 136 136 136 168 136 128 136 137 153 153 153 153 153 217 153 145 153 145 153 153 157 255 255 255 247 255 223 255 255 255 110 110 110 102 118 98 96 0 0 0 0 0 0 8 0 0 0 0 64 0 0 0 128 0 0 16 0 0 0
0 0 0 0 0 0 0 0 8 8 8 25 153 153 189 189 255 255 247 255 250 255 255 223 255 191 247 255 255 255 255 239 235 237 237 237 233 111 110 111 110 110 102 102 102 102 102 102 102 102 102 102 102 102 100 36 100 36 116 116 100 102 100 253 223 255 255 254 255 254 255 255 255 255 255 255 8 8 8 8 40 8 8 8 8 8 9 8 8 8 8 9 8 24 8 8 28 25 25 25 57 59 185 249 249 249 248 105 233 233 173 239 107 107 107 123 107 41 41 41 41 41 41 41 41 25 56 123 249 251 249 249 249 252 251 253 249 251 249 251 249 249 249 249 249 185 249 249 250 221 253 253 253 253 253 253 253 253 255 255 255 255 253 255 255 255 255 255 255 254 255 255 127 111 8 8 8 8 8 8 136 136 137 136 136 128 136 136 137 153 153 153 153 153 153 209 153 145 153 153 153 157 255 255 223 255 255 255 255 255 255 110 46 110 118 102 98 96 0 4 0 8 0 0 0 0 1 0 0 0 2 0 0 0 0 64 0 0 4 16
0 0 1 0 0 0 0 8 8 8 12 25 153 153 189 189 255 191 255 255 255 255 255 255 255 247 191 191 255 255 255 239 239 237 237 237 237 111 111 110 110 110 102 102 102 102 102 102 102 102 102 102 102 102 100 100 36 100 36 116 100 100 100 253 255 255 191 255 254 255 255 255 255 255 255 255 8 8 8 8 8 8 8 8 8 12 8 8 8 8 8 8 12 9 24 8 24 29 25 25 57 185 187 249 249 249 249 233 233 233 237 239 43 107 91 107 107 41 43 41 41 41 41 41 9 56 57 249 251 249 251 217 249 249 253 251 125 249 251 249 251 249 249 249 249 249 249 248 253 255 253 253 253 253 249 253 253 253 255 255 247 255 253 255 255 255 255 255 255 255 255 223 255 111 8 24 9 8 136 8 136 136 136 136 128 136 136 137 137 153 153 153 153 153 145 153 209 153 153 153 153 157 255 255 255 239 255 251 255 255 254 110 110 126 110 102 98 96 0 2 1 0 0 2 0 4 0 0 0 4 0 16 0 0 0 1 0 0 0 4
0 0 0 0 0 64 0 8 8 8 8 29 153 153 189 189 191 255 253 255 255 254 255 255 255 223 255 255 255 255 223 239 239 237 237 237 237 111 111 110 110 110 102 102 102 102 102 102 102 102 102 102 102 102 100 100 100 36 116 36 100 102 100 253 253 255 255 255 191 255 255 255 255 255 255 255 8 8 8 8 40 8 10 8 8 8 8 24 8 8 8 10 8 8 9 24 24 25 29 25 57 185 249 251 249 249 249 233 105 233 237 239 107 123 107 107 107 43 41 41 41 41 41 9 42 57 57 249 249 251 249 219 249 249 249 253 250 253 249 251 249 123 249 185 249 249 249 249 253 253 255 253 253 253 253 249 245 253 255 239 255 255 255 255 255 247 255 255 255 255 255 255 255 111 8 8 8 8 136 140 136 136 136 128 136 136 136 137 137 153 153 153 153 145 153 145 153 217 153 153 153 157 255 255 253 255 255 255 255 255 127 110 126 46 110 102 98 96 0 3 0 8 0 0 128 0 128 0 64 0 0 0 0 4 8 0 0 0 0 2
0 0 0 0 0 0 0 8 40 8 8 25 157 153 189 189 255 255 255 255 255 255 255 239 255 255 255 255 255 255 255 231 239 229 237 237 173 110 47 102 110 110 102 102 102 102 102 102 102 102 102 102 102 102 100 100 100 100 52 100 36 102 100 189 253 255 255 255 255 255 255 255 255 247 255 255 8 8 8 8 8 8 8 8 8 8 8 8 8 8 8 8 8 8 136 25 152 25 25 29 57 185 249 249 251 249 249 232 233 233 237 175 123 107 107 107 107 57 41 41 41 41 9 40 57 59 57 249 249 249 251 249 251 249 249 249 253 219 253 249 251 121 251 121 249 249 249 249 253 253 249 255 253 125 253 249 249 253 255 255 255 255 255 255 239 255 223 191 255 255 255 255 255 111 8 12 8 8 136 136 136 136 128 136 136 136 136 137 137 153 153 153 145 153 145 153 153 153 217 153 153 157 255 255 251 191 255 239 255 255 255 126 110 46 110 102 98 96 0 0 16 0 0 0 0 128 0 0 0 0 16 0 0 16 0 0 4 2 64 0
0 0 0 0 0 0 0 8 8 8 8 25 153 157 189 189 255 255 255 255 255 127 255 255 255 255 255 255 255 255 255 239 231 237 237 237 124 47 102 46 110 110 102 102 102 102 102 102 102 102 102 102 102 102 100 100 100 100 116 36 100 36 100 253 253 255 239 255 255 255 255 255 247 127 255 255 8 8 8 8 8 8 40 8 8 8 24 8 8 8 8 8 8 8 8 152 25 153 25 25 61 185 249 249 249 251 249 233 233 233 237 123 239 107 107 107 91 107 41 41 41 137 56 41 57 57 59 249 249 249 249 251 249 251 249 249 249 253 251 253 249 251 121 251 249 249 217 248 253 253 253 253 127 253 252 249 249 253 191 255 255 255 255 255 253 255 255 255 255 255 255 255 255 111 4 8 8 8 136 136 168 128 136 136 137 136 136 137 137 153 153 145 153 145 153 153 153 153 153 217 153 157 255 127 255 254 255 255 255 247 255 251 110 110 110 102 98 96 64 0 0 0 0 0 0 4 0 16 0 0 0 0 0 0 0 0 0 64 64 0
0 16 0 0 0 0 0 8 8 8 8 25 153 157 189 189 239 255 255 255 255 255 255 251 254 255 255 255 223 255 255 239 111 237 237 237 237 102 46 110 110 110 102 102 102 102 102 102 102 102 102 102 102 102 116 100 100 100 100 102 36 100 36 253 253 191 255 255 255 255 255 251 255 255 191 255 8 8 8 9 8 24 8 10 8 136 8 8 8 24 8 8 8 8 24 26 153 25 153 25 57 189 249 249 185 121 251 233 233 233 233 239 107 43 43 123 107 107 41 41 25 40 169 57 57 57 249 251 249 249 249 249 251 249 251 249 249 249 253 251 245 249 251 249 251 249 249 248 253 253 125 253 253 255 125 253 249 125 127 253 254 255 255 247 255 191 255 127 255 255 255 255 255 111 8 8 8 8 136 136 128 136 136 136 136 136 136 137 137 153 145 153 145 153 153 153 153 153 153 153 217 157 255 255 255 255 255 255 255 255 255 255 102 110 46 102 98 96 64 0 0 32 0 1 32 0 2 0 0 0 0 128 32 0 0 0 0 128 64 0
64 4 0 0 16 0 16 8 8 8 8 25 153 157 189 173 251 255 254 255 255 255 255 251 255 255 191 255 255 255 127 239 239 237 237 109 237 108 110 110 110 110 102 102 102 102 102 102 102 102 102 102 102 118 102 100 100 100 100 100 100 36 100 253 253 255 255 255 247 255 127 255 255 255 247 191 8 8 8 8 8 8 8 8 24 8 8 8 8 10 8 8 8 8 24 153 27 153 25 153 57 185 253 249 121 249 249 233 233 233 233 235 107 43 123 107 107 107 41 11 40 41 41 185 57 57 248 249 251 249 249 249 249 251 249 251 249 249 249 189 219 253 249 251 121 251 249 249 253 245 253 253 253 253 253 253 253 245 253 255 255 255 255 255 255 255 255 223 191 253 251 239 255 111 8 8 8 8 136 144 152 136 136 136 136 136 136 137 137 145 153 145 153 153 153 153 153 153 153 153 153 221 223 255 255 255 255 255 255 255 251 255 110 110 102 102 98 96 64 64 1 0 4 0 0 128 2 0 16 32 4 0 32 0 0 1 0 0 16 0
0 0 0 0 0 16 0 8 8 40 8 25 153 157 173 185 253 247 253 255 255 255 255 255 255 255 255 255 127 255 255 239 111 173 237 237 105 108 110 110 110 110 102 102 102 102 102 102 102 102 102 102 118 102 102 100 100 100 100 100 100 100 36 221 253 191 255 255 255 255 255 255 255 255 255 72 8 12 40 8 8 8 8 12 8 8 8 8 8 8 8 8 8 8 24 25 153 27 153 25 57 185 249 253 249 249 249 233 233 233 233 234 107 123 106 107 107 107 11 40 41 41 41 57 185 56 249 249 249 251 121 249 249 249 251 249 249 249 249 217 253 251 253 249 251 121 251 249 253 252 253 253 253 253 253 253 253 253 253 255 255 255 255 223 255 255 255 255 253 255 255 255 238 111 24 9 8 9 128 136 136 152 136 136 136 136 136 137 129 137 145 153 153 153 153 153 153 153 153 153 153 221 255 255 191 255 255 255 255 223 255 191 110 110 102 102 98 104 80 64 0 16 0 0 0 0 0 0 0 0 0 0 32 32 0 1 128 0 0 0
4 0 0 0 8 0 0 8 8 8 8 25 153 141 185 189 253 253 255 255 255 255 255 253 255 255 239 223 255 255 255 239 239 237 237 173 45 108 110 110 110 110 102 102 102 102 102 102 102 102 102 118 102 102 102 100 100 100 100 100 100 100 68 253 253 255 255 255 255 251 254 255 255 255 255 72 12 8 8 8 8 8 8 8 8 8 8 8 8 8 8 8 8 8 24 27 25 153 11 153 57 185 249 249 252 249 249 233 233 233 233 235 123 107 107 107 107 107 40 41 41 41 41 57 56 185 249 217 249 249 251 249 249 248 249 251 249 249 249 185 249 253 251 253 249 251 249 251 249 253 253 253 253 253 253 253 253 253 253 255 255 255 255 255 239 255 255 255 255 255 127 255 239 126 111 12 25 0 9 136 137 136 136 136 136 136 136 129 137 161 137 153 153 153 153 153 153 153 153 153 153 221 255 255 255 239 253 255 255 255 255 110 110 110 102 102 106 96 104 64 1 0 2 0 0 0 16 0 0 0 32 16 0 0 16 0 0 0 0 64
32 0 0 2 0 0 0 8 8 8 8 25 137 153 189 189 253 253 255 254 255 239 191 255 255 255 255 255 255 255 254 238 239 237 237 45 44 110 110 110 110 110 102 102 102 102 102 102 102 102 118 102 102 102 102 100 100 100 100 100 116 100 100 253 253 255 255 255 247 223 255 223 255 255 255 204 8 24 8 8 40 8 8 24 24 8 8 136 8 8 8 8 24 8 24 27 27 9 153 27 185 185 249 249 249 221 249 233 233 233 233 251 235 107 107 107 107 107 41 41 43 41 41 56 57 57 249 249 185 249 249 251 249 249 249 249 123 249 249 249 249 249 253 251 253 249 251 249 251 253 252 253 253 253 253 253 245 253 253 255 255 255 255 255 255 255 255 255 255 255 255 255 255 239 110 9 4 9 8 137 136 136 136 168 140 136 128 136 129 137 137 153 153 153 153 153 153 153 153 153 153 221 255 255 255 255 255 255 255 255 223 110 102 110 102 110 98 104 96 64 0 0 0 0 64 0 0 0 1 128 0 32 0 64 2 0 0 0 0 0
64 0 0 0 16 0 0 8 8 10 8 9 153 153 189 189 252 253 255 255 255 255 223 127 255 255 255 255 255 255 239 239 239 237 237 45 44 110 110 110 110 110 102 102 102 102 102 102 102 118 102 102 102 102 102 100 100 100 100 100 100 116 100 253 253 253 255 254 255 255 223 255 255 191 127 204 8 8 8 8 8 9 8 24 8 8 8 8 8 8 8 8 8 24 24 27 9 25 25 185 187 185 185 249 249 249 253 233 233 233 233 171 235 107 107 107 107 107 41 57 41 41 44 57 57 57 249 249 249 249 249 249 251 249 249 249 249 251 249 249 249 217 249 253 251 253 249 219 221 251 253 253 253 253 253 253 253 252 189 255 255 255 255 255 255 223 255 251 255 255 255 255 255 239 111 4 9 9 9 136 136 136 136 136 136 129 152 128 136 137 137 153 153 153 153 153 153 153 153 153 153 221 191 255 255 255 223 255 255 255 255 110 110 102 110 102 106 96 96 64 0 4 0 0 0 0 16 0 16 0 0 0 0 2 0 0 0 0 0 0
0 0 0 0 0 0 32 8 8 8 8 9 153 153 189 188 253 253 127 127 255 255 247 255 255 255 254 255 255 255 239 239 111 237 237 44 44 110 110 110 110 46 102 102 102 102 102 102 118 102 102 102 102 102 102 100 100 100 100 100 100 100 116 253 253 253 251 255 255 255 255 253 191 63 255 78 8 8 40 8 9 24 8 8 8 8 8 8 24 8 8 8 8 152 25 9 25 25 25 57 185 187 185 249 249 249 249 233 105 233 233 233 234 107 107 107 107 107 41 41 41 40 41 61 57 57 248 249 249 249 249 249 249 251 121 249 249 249 251 249 249 249 185 249 125 251 189 253 219 245 223 253 253 221 245 253 253 253 253 255 127 239 255 251 255 247 255 255 254 255 254 255 255 239 111 9 137 9 8 136 136 136 136 137 128 136 129 136 136 153 137 153 153 153 153 153 153 153 153 153 153 157 255 255 255 255 255 255 253 255 191 110 110 110 102 110 98 96 96 80 0 0 0 0 0 0 128 16 0 0 0 0 0 0 0 0 0 0 4 0
16 0 0 0 0 0 64 8 8 8 40 137 153 153 188 189 253 125 255 191 255 239 255 127 255 255 255 255 255 255 231 239 239 237 237 60 44 110 110 110 110 102 38 102 102 102 102 118 102 102 102 102 102 102 102 100 100 100 100 100 100 100 100 252 253 125 255 255 255 223 255 253 127 255 126 78 8 8 12 8 136 9 8 8 8 8 8 8 8 8 8 8 136 24 137 25 25 25 25 57 185 185 187 249 249 249 249 233 233 233 233 233 235 107 107 107 107 107 41 41 40 41 41 57 61 56 249 249 249 249 249 249 249 249 251 249 249 249 249 251 249 249 249 249 249 253 255 253 253 218 253 255 253 253 221 253 253 253 253 255 255 255 255 255 255 255 127 255 255 254 255 255 255 239 111 9 9 8 8 136 136 136 152 128 136 128 136 136 140 137 153 153 153 153 153 153 153 153 153 153 153 157 255 255 255 255 255 255 127 255 46 110 110 110 110 102 98 96 96 98 16 0 32 0 0 0 0 128 4 0 0 0 0 128 8 4 0 0 32 16
0 0 0 0 1 0 0 8 8 8 8 137 153 152 189 189 249 253 127 255 255 254 239 254 255 255 255 255 255 247 239 239 239 237 237 237 44 110 110 110 110 102 102 38 102 102 118 102 102 102 102 102 102 102 102 100 100 100 100 100 116 100 100 252 249 253 254 255 255 255 255 255 223 127 255 206 8 8 8 8 8 8 9 8 8 8 8 8 8 8 8 8 8 136 25 153 25 25 25 57 185 185 249 251 249 249 249 233 233 232 233 233 235 107 106 107 107 107 41 40 41 41 41 57 56 61 249 249 249 249 249 248 249 249 217 251 249 249 249 249 251 249 217 249 249 253 253 127 253 253 255 253 255 253 253 253 253 253 253 255 255 247 255 255 255 255 255 255 254 255 191 191 254 111 111 9 8 40 8 136 168 136 128 136 128 136 136 136 136 137 153 153 153 153 153 153 153 153 153 153 153 157 255 255 253 255 255 255 255 111 110 110 110 46 110 102 102 96 98 114 98 0 0 0 0 0 8 0 0 0 0 0 32 0 0 128 0 0 0 32
8 0 0 0 0 0 0 8 136 8 8 153 152 153 189 185 249 253 255 255 255 255 254 255 254 255 251 254 254 255 239 239 239 237 237 237 108 110 110 110 110 102 102 102 38 118 102 102 102 102 102 102 102 102 102 100 100 100 100 100 100 100 100 252 253 253 253 255 255 255 255 255 255 255 255 206 8 8 12 12 8 8 8 8 40 8 8 8 8 12 8 10 8 8 153 25 153 25 25 57 185 185 249 249 251 249 249 233 233 233 105 233 235 107 107 106 107 107 56 41 41 41 41 57 57 57 245 185 249 249 249 249 217 249 249 249 251 249 249 249 121 251 249 249 249 249 253 253 255 253 245 255 253 255 253 253 253 253 253 255 255 191 255 223 255 255 255 254 127 255 255 254 127 111 111 8 8 8 8 136 136 128 140 128 136 136 136 136 136 137 153 153 153 153 153 153 153 153 153 153 153 157 255 255 255 255 255 255 255 111 110 110 110 110 110 102 102 98 80 98 98 0 0 16 0 0 16 0 0 0 0 0 0 32 8 32 0 0 0 0
0 0 0 128 8 0 0 8 8 8 8 152 153 153 185 189 248 253 255 255 255 254 255 254 255 255 255 255 255 255 239 239 239 237 237 237 108 110 110 110 110 102 102 102 118 38 102 102 102 102 102 102 102 102 102 100 100 100 100 100 100 100 100 252 245 253 253 255 253 255 255 255 255 239 255 206 8 40 12 8 8 8 8 8 8 8 8 8 8 8 8 8 9 8 25 153 25 153 27 57 185 185 249 249 249 251 248 233 169 233 233 233 235 107 107 107 107 123 43 41 41 41 57 57 57 49 57 125 217 249 249 249 249 249 217 249 249 251 249 249 249 249 251 249 249 185 253 253 253 255 253 253 255 245 255 245 253 125 252 255 255 255 255 255 255 255 255 255 255 255 255 255 255 111 111 8 8 8 136 136 128 136 128 136 136 136 136 136 136 137 153 153 153 153 153 153 153 153 153 153 153 157 255 255 255 255 255 191 255 111 110 110 110 110 110 102 102 98 98 64 98 1 0 0 0 64 0 128 32 0 0 0 0 4 32 0 0 0 1 0
1 0 0 0 0 128 128 8 40 8 8 152 153 153 185 56 253 253 247 247 255 255 254 255 255 251 255 255 255 255 239 237 239 237 109 237 108 110 110 110 110 102 102 118 102 102 38 102 102 102 102 102 102 102 102 100 100 100 100 100 100 100 100 244 252 253 253 253 254 253 255 255 255 255 235 206 8 9 8 9 8 8 8 12 8 40 8 8 8 8 8 8 8 9 25 25 153 25 185 59 185 185 185 249 185 249 251 233 233 233 233 233 235 107 107 107 123 107 41 41 41 41 57 57 49 57 57 121 253 249 249 249 249 249 249 249 249 249 251 249 249 249 249 251 249 249 189 253 253 125 255 253 253 255 213 255 253 253 253 255 253 255 255 255 254 255 255 255 255 251 255 255 255 110 111 8 8 8 136 128 136 128 140 140 136 136 136 168 136 153 153 153 153 153 153 153 153 153 153 153 153 157 239 255 255 127 255 255 254 111 110 110 110 110 110 102 102 98 98 98 65 0 1 0 0 0 8 16 0 16 0 0 128 0 0 0 0 0 0 0
0 0 32 128 0 0 0 24 8 8 8 152 153 153 56 185 253 253 253 255 255 255 255 127 255 255 255 239 255 251 235 111 237 237 237 109 108 110 110 110 110 102 118 102 102 102 102 38 102 102 102 102 102 102 102 100 100 100 100 100 100 100 102 102 252 253 253 253 253 255 255 255 191 255 231 202 8 9 9 9 10 24 24 136 8 8 8 8 8 8 8 8 8 9 25 25 25 153 25 185 187 185 185 185 249 249 249 233 233 233 233 233 235 107 107 123 107 107 41 41 41 41 57 49 57 57 57 120 121 253 249 249 249 249 249 249 249 249 121 251 249 249 121 249 251 249 221 253 253 253 253 255 253 189 247 253 255 253 253 253 255 255 191 255 255 255 254 255 127 253 255 255 255 111 110 40 9 8 132 136 128 136 132 136 136 136 136 136 140 153 153 153 153 153 153 153 153 153 153 153 153 141 255 251 255 255 255 255 255 110 110 110 110 110 110 102 102 98 98 99 64 1 32 0 0 0 0 8 16 0 0 0 0 0 0 0 0 0 0 0
0 8 0 0 0 0 0 8 10 8 8 152 153 24 185 185 253 253 245 254 255 255 255 255 255 255 255 127 255 255 239 239 237 237 237 111 108 110 110 102 110 118 102 102 102 102 102 102 38 102 102 102 102 102 102 100 100 100 100 100 100 100 100 246 254 253 125 253 253 255 239 255 255 255 239 202 136 41 9 8 24 26 8 8 8 40 10 8 8 9 8 9 12 9 25 25 25 25 153 185 57 187 185 185 249 249 249 233 233 233 249 233 235 107 91 107 107 107 41 41 41 41 17 25 57 57 56 121 121 249 253 249 249 249 249 249 249 249 249 249 251 249 249 249 249 251 253 253 253 253 253 253 255 245 189 255 253 255 253 253 255 223 255 255 255 247 255 247 255 255 255 255 255 110 110 8 10 0 8 128 136 128 136 136 136 136 136 136 152 157 153 153 153 153 153 153 153 153 153 153 137 157 255 254 253 255 251 255 255 110 110 110 102 110 110 102 102 98 99 98 65 0 0 16 0 128 0 0 8 0 0 0 0 0 0 0 0 2 0 0
0 0 0 0 0 0 0 8 40 8 8 152 24 153 185 185 253 253 253 255 255 255 255 255 255 239 223 247 255 255 231 239 237 237 237 109 110 110 110 110 118 110 102 102 102 102 102 102 102 38 102 102 102 102 102 100 100 100 100 100 102 100 100 108 255 255 253 253 245 255 255 255 255 255 239 202 8 9 8 12 152 12 8 8 8 8 8 8 8 8 9 8 9 9 25 25 25 25 153 57 185 185 187 185 249 249 185 233 233 233 249 233 235 123 107 107 107 107 41 57 41 1 41 25 57 24 57 121 121 249 249 253 249 249 249 217 249 249 249 249 249 251 249 249 249 253 255 253 253 253 253 253 253 255 253 253 255 253 255 253 255 255 255 255 255 255 247 255 255 255 255 255 255 110 110 10 0 8 4 24 128 136 136 136 136 152 136 136 152 153 157 153 153 153 153 153 153 153 153 137 153 157 191 239 255 255 255 255 255 110 110 110 110 110 110 102 102 99 98 99 64 0 0 0 4 0 0 0 0 0 0 0 0 0 16 32 0 128 1 32
0 0 0 0 128 0 0 8 8 8 8 24 152 153 185 185 253 253 253 253 223 223 255 255 255 255 255 223 255 255 239 239 237 237 237 109 110 110 110 62 110 102 102 102 102 102 102 102 102 102 38 102 102 102 102 100 100 100 100 100 100 116 100 108 255 239 255 253 249 239 254 255 255 255 239 202 8 8 24 8 14 8 12 8 8 8 24 24 8 40 8 9 25 9 25 25 25 25 25 153 185 185 185 187 249 248 233 169 233 169 233 233 235 235 107 107 107 107 41 41 9 41 137 57 24 57 25 120 121 249 249 249 253 249 249 249 249 249 249 249 249 249 187 249 249 253 253 255 249 252 253 252 253 253 255 253 253 255 253 239 255 255 247 255 255 255 255 255 223 255 255 255 255 110 110 64 24 0 8 4 8 136 136 136 136 136 136 136 156 153 153 157 153 153 153 153 153 153 137 153 153 157 239 255 255 255 191 255 255 110 110 110 110 110 110 102 103 98 99 98 64 0 0 1 0 0 8 0 0 128 0 16 0 16 128 0 0 64 0 0
0 0 0 0 0 0 0 8 8 8 8 24 152 153 185 185 253 249 253 253 255 255 254 255 255 247 255 255 255 254 237 239 173 237 237 109 110 110 126 110 110 102 102 102 102 102 102 102 102 102 102 38 102 102 102 100 100 100 100 100 100 100 102 108 239 127 247 223 253 255 255 251 251 247 235 202 8 8 8 8 8 12 8 8 8 9 24 8 8 8 8 9 9 25 25 25 25 25 25 153 185 185 185 249 251 249 233 233 169 233 233 249 235 235 107 107 107 107 41 9 41 9 41 152 57 25 56 121 121 249 249 249 249 253 185 249 121 249 249 249 249 185 249 250 249 253 245 253 255 249 244 253 253 253 125 239 253 252 255 191 255 255 254 255 255 255 255 255 255 255 255 239 255 110 110 72 64 9 0 8 8 140 136 136 136 136 136 136 152 157 153 153 157 153 153 153 153 137 153 153 153 141 255 255 255 255 255 255 255 110 110 110 110 110 110 103 102 99 98 102 64 0 64 0 8 16 0 2 0 0 0 0 16 0 0 32 8 0 4 64
0 64 0 128 128 0 0 10 12 40 8 24 156 153 185 185 248 253 253 125 255 255 255 255 255 255 255 255 255 255 238 237 237 237 237 109 110 126 110 110 110 102 102 102 102 102 102 102 102 102 102 102 38 102 102 100 100 100 100 100 100 100 100 102 127 191 127 223 255 255 223 255 255 251 235 206 8 8 8 8 40 8 8 8 8 8 9 8 10 8 8 9 9 25 25 25 25 25 25 153 185 185 185 217 249 219 233 233 233 105 233 233 235 235 107 107 107 107 9 41 9 41 8 57 153 56 57 121 121 249 249 249 249 249 253 249 249 249 249 249 249 249 249 249 251 253 253 253 253 255 249 253 249 253 253 253 255 253 255 255 239 255 255 255 255 255 251 255 255 254 251 255 239 110 110 72 76 0 8 40 8 136 136 137 136 136 136 137 152 153 157 153 153 157 153 153 137 153 153 153 137 157 255 255 251 255 239 255 255 110 110 110 110 110 103 102 103 98 102 98 64 64 0 32 0 8 128 64 0 0 0 0 0 0 0 0 0 0 0 0
128 64 0 0 0 0 0 12 8 8 8 24 156 157 185 184 249 253 253 253 255 255 255 255 255 255 127 247 247 239 235 237 237 237 237 109 126 110 110 110 110 102 102 102 102 102 102 102 102 102 102 102 102 38 102 100 100 100 100 100 100 100 100 124 255 127 191 239 255 255 255 255 239 127 175 202 8 8 8 8 40 10 8 8 8 8 8 8 8 8 8 9 9 153 25 25 25 25 25 153 185 185 153 249 217 217 232 233 233 233 233 233 235 235 107 107 107 107 41 9 41 8 41 25 56 185 57 121 121 185 249 249 249 249 249 253 249 249 249 249 249 249 217 249 253 255 253 125 253 253 255 249 245 253 253 253 253 255 255 255 255 255 255 255 191 255 255 255 255 255 255 255 239 110 110 76 72 8 8 8 8 136 136 136 136 136 136 136 153 153 153 157 153 153 157 137 153 153 153 137 153 157 255 255 255 255 255 127 255 110 110 110 110 111 102 103 102 102 98 98 64 64 0 0 0 0 0 0 0 0 1 128 0 128 0 4 0 0 0 0
0 0 0 0 0 4 0 8 8 8 8 24 156 153 188 185 249 189 253 253 255 255 255 255 255 255 255 127 255 239 239 229 237 237 237 108 103 110 110 110 110 102 102 102 102 102 102 102 102 102 102 102 102 102 39 100 100 100 100 100 100 100 100 124 126 255 239 247 255 255 223 255 255 239 202 138 8 8 8 8 8 8 8 8 8 8 8 8 8 40 8 9 9 25 153 25 25 25 153 153 185 153 185 216 249 217 233 233 169 233 233 233 235 235 107 107 107 107 9 41 8 41 9 56 57 57 185 121 121 249 249 249 249 249 217 249 253 248 249 249 249 249 249 249 253 253 255 253 253 253 253 255 249 253 221 253 253 255 255 247 255 239 255 255 255 255 255 255 253 255 254 255 239 110 110 76 72 8 8 8 8 136 136 152 136 136 136 136 153 153 153 153 157 153 137 153 153 153 137 153 153 157 255 255 255 191 255 255 127 110 102 110 111 110 103 102 102 102 98 98 64 64 0 0 0 0 0 0 128 0 0 0 128 0 0 0 0 0 16 0
0 0 0 128 0 32 4 8 8 8 8 24 156 156 185 189 185 253 253 253 254 255 255 247 255 255 253 255 254 239 239 237 237 237 237 109 108 110 110 110 102 102 102 102 102 102 102 102 102 102 102 102 102 103 100 36 100 100 100 100 100 100 100 124 223 255 255 239 255 255 255 254 255 239 202 8 24 8 8 8 8 8 8 8 8 8 8 8 8 24 8 9 9 25 25 153 27 25 153 153 153 185 156 249 217 249 233 233 233 233 233 233 235 235 107 107 107 107 41 8 41 9 40 57 57 57 57 249 121 249 249 249 249 249 121 249 249 253 249 249 249 249 249 249 253 253 253 255 253 253 189 253 255 253 253 253 253 255 255 255 239 253 255 255 255 253 255 255 255 223 255 255 239 110 110 76 76 8 8 8 9 136 136 136 168 136 136 137 153 153 153 153 153 173 153 153 153 137 153 153 153 157 255 255 255 255 255 255 255 110 110 111 110 111 102 102 102 102 98 98 64 64 0 0 0 0 1 0 8 1 0 0 0 16 0 0 0 0 0 0
0 0 0 128 0 0 0 8 8 24 8 24 156 152 189 185 189 253 252 253 255 255 255 127 253 255 255 255 254 239 235 233 237 237 237 109 108 110 110 110 102 102 102 102 102 102 102 102 102 102 102 102 103 102 100 100 36 100 100 100 100 100 100 124 127 255 223 191 239 255 255 127 255 239 202 8 8 10 8 8 8 8 8 8 8 8 8 8 8 8 8 9 41 25 25 25 153 27 153 153 153 152 185 221 249 249 233 233 233 233 233 233 235 235 107 107 107 107 136 41 9 40 41 57 57 57 57 57 249 249 217 121 249 249 249 249 249 249 253 249 249 249 249 185 249 253 249 253 255 253 253 252 253 255 252 253 253 255 255 255 127 255 255 255 255 255 255 255 255 255 255 255 239 110 110 76 76 8 24 8 8 136 140 136 136 136 136 137 153 153 153 153 137 153 189 153 137 153 153 153 153 157 255 255 255 255 255 255 127 110 111 110 111 110 102 102 102 102 98 98 64 80 0 128 0 0 0 64 0 0 0 0 1 0 0 0 8 0 0 0
2 8 64 0 0 0 0 9 8 8 24 24 152 156 185 185 157 253 253 253 191 255 255 255 255 191 251 255 255 239 235 249 237 237 237 109 108 110 110 110 102 102 102 102 102 102 102 102 102 102 102 103 102 102 100 100 100 36 100 100 100 100 100 124 255 223 253 175 255 255 255 255 247 239 202 8 8 8 24 8 8 10 8 8 8 40 8 9 8 8 8 9 9 57 25 25 25 153 155 153 152 153 153 249 253 249 233 233 233 169 233 233 235 235 107 107 107 235 41 9 40 41 41 57 57 57 57 57 249 249 249 185 249 249 249 249 249 249 249 253 249 249 249 249 249 249 253 253 253 254 253 253 253 245 255 253 253 255 254 255 239 255 255 255 255 127 255 255 255 255 255 255 239 110 110 204 76 8 40 8 8 136 136 136 136 136 136 137 153 153 153 137 153 153 153 173 153 153 153 153 153 157 223 255 251 255 255 251 255 111 110 111 110 110 102 102 102 102 98 98 64 64 64 128 2 0 128 2 0 0 0 0 0 0 0 0 0 64 2 0
8 0 0 0 32 0 0 8 8 8 24 24 152 152 189 153 189 253 252 253 255 255 255 251 255 250 255 239 255 239 251 235 237 237 237 109 108 110 110 110 102 102 102 102 102 102 102 102 102 102 103 102 102 102 100 100 100 100 36 100 102 100 100 124 251 251 247 255 255 127 255 251 255 239 202 40 8 8 8 8 9 8 8 12 8 9 24 136 40 8 8 9 9 25 57 25 25 153 153 154 153 153 153 249 248 253 233 249 233 233 233 105 235 235 107 107 235 107 9 40 41 41 41 57 57 57 57 57 249 249 249 185 249 249 249 249 249 249 249 249 253 249 249 249 249 249 253 253 253 253 255 249 249 253 253 255 253 255 255 255 247 255 255 255 255 253 255 255 255 255 255 255 239 110 238 76 76 8 12 8 8 136 136 136 140 168 136 137 153 153 169 153 153 153 137 153 189 153 153 153 153 157 255 255 255 255 251 255 255 111 111 110 110 110 102 102 102 102 98 98 64 96 64 0 0 64 0 0 8 32 32 0 0 0 0 0 0 0 0 0
0 0 0 0 2 0 0 8 8 40 24 26 152 152 153 189 189 253 253 253 253 255 255 255 251 255 255 255 239 255 239 239 237 253 237 109 108 110 110 110 102 102 102 102 102 102 102 102 102 103 102 102 102 102 100 116 100 100 100 36 100 100 100 126 247 255 251 127 247 255 255 255 255 239 234 136 8 8 8 8 8 136 8 8 8 8 9 9 12 8 8 9 9 25 25 57 25 153 152 153 153 153 153 249 249 249 249 233 233 233 233 233 235 107 107 235 107 107 40 41 41 41 41 57 57 57 25 57 249 249 249 248 249 121 249 249 249 249 217 249 249 253 121 249 249 249 253 253 253 253 253 255 121 245 253 253 255 255 255 247 255 247 255 253 239 255 251 255 239 191 255 255 231 238 110 76 76 13 8 8 8 136 136 136 140 136 136 137 153 137 153 185 153 137 153 153 153 189 153 153 153 157 255 239 254 255 255 255 255 111 111 110 46 110 102 102 102 102 102 98 96 64 64 0 0 0 0 0 128 0 0 0 0 64 0 0 4 1 0 0
0 0 0 64 0 0 8 8 8 8 56 152 152 152 153 189 189 253 253 253 249 255 255 255 255 254 255 251 255 239 239 237 237 237 237 109 108 110 102 110 102 102 102 102 102 102 102 102 103 102 102 102 102 102 100 100 100 100 100 100 36 100 100 247 126 239 255 255 127 254 255 255 223 239 234 8 8 8 8 8 8 8 8 8 8 8 9 8 8 8 8 9 9 25 25 25 57 152 153 153 153 153 153 121 249 249 249 233 233 169 233 105 234 107 235 107 107 107 41 41 41 41 41 57 25 25 57 57 249 249 249 248 249 249 249 249 249 249 249 185 249 249 253 249 121 249 253 253 253 253 253 253 255 121 253 253 255 247 251 251 243 255 255 255 255 255 255 255 255 239 251 254 239 238 110 76 76 8 8 24 8 136 136 137 136 136 136 137 153 153 153 153 169 153 153 153 153 153 189 153 153 157 255 255 247 127 255 255 255 111 111 110 110 110 102 102 102 102 102 98 96 64 64 0 128 0 0 0 0 0 8 0 0 0 64 0 0 0 1 0
0 0 0 0 0 0 8 8 24 8 24 184 152 152 153 189 189 253 253 249 253 255 239 255 255 255 255 255 255 239 239 237 237 109 237 109 108 110 110 102 102 102 102 102 102 102 102 103 102 102 102 102 102 102 100 100 100 100 100 100 100 36 100 108 255 251 239 255 255 255 255 255 255 239 234 8 8 8 8 8 24 8 24 8 8 8 8 8 8 8 8 9 25 25 25 25 24 185 153 153 153 153 25 249 249 249 249 233 233 233 233 233 107 235 107 107 107 107 41 41 41 41 41 153 57 25 57 57 249 249 249 249 121 249 217 249 249 249 249 249 249 249 217 253 248 249 253 253 253 189 253 253 253 255 253 253 255 255 239 251 253 255 255 255 253 255 191 255 255 255 255 239 238 230 110 76 76 8 8 8 8 136 136 136 136 136 136 137 153 153 153 137 153 185 153 153 153 153 153 189 153 153 255 253 255 255 255 255 255 111 111 110 110 110 102 102 102 102 102 98 96 64 64 0 64 0 4 0 4 16 0 0 0 8 0 0 0 0 0 0
0 1 0 32 0 2 8 8 10 24 24 152 184 152 153 189 189 253 253 253 253 255 255 255 255 255 255 255 255 239 239 237 253 237 109 109 108 110 110 102 102 102 102 102 102 102 103 102 102 102 102 102 102 102 100 100 100 100 100 100 100 100 36 108 239 247 255 255 255 255 255 255 255 239 234 8 8 8 8 8 10 24 8 136 8 8 136 8 8 8 8 9 25 25 153 24 25 153 185 153 153 25 153 249 249 249 249 233 233 249 233 233 235 107 107 107 107 107 41 41 41 41 9 57 153 57 57 57 249 249 249 249 249 249 249 121 248 249 249 249 249 249 249 249 125 249 253 253 253 253 253 253 253 253 255 253 255 191 127 255 255 255 255 253 239 254 255 255 255 255 255 239 238 238 110 76 76 8 8 8 8 136 136 136 152 136 136 137 153 153 137 153 153 153 185 153 153 153 153 153 189 153 253 255 255 255 191 255 191 111 111 110 110 110 102 102 102 102 102 98 96 64 64 64 0 0 0 4 16 4 0 0 0 0 0 0 0 0 32 0
0 32 1 0 0 8 8 8 24 26 24 152 152 184 153 189 189 253 253 253 253 255 255 223 255 127 191 255 255 239 235 236 237 237 109 101 108 110 110 102 102 102 102 102 102 103 102 102 102 102 102 102 102 102 100 100 100 100 100 100 102 100 116 108 255 239 255 127 255 255 255 255 255 239 234 8 8 8 8 8 24 10 8 12 8 8 8 8 8 8 10 9 25 25 24 153 25 153 153 185 25 153 153 249 249 249 249 233 105 169 169 233 235 107 107 107 107 107 41 41 41 9 41 25 57 153 57 57 249 249 185 121 249 249 249 217 248 249 249 249 249 185 249 249 249 253 221 253 253 253 253 253 245 125 245 255 255 127 255 255 255 254 255 127 127 255 255 255 255 255 255 239 238 238 110 76 76 8 12 8 8 136 152 136 136 136 136 137 153 137 153 153 153 153 153 185 153 153 153 153 153 189 253 239 255 255 255 191 111 111 111 110 110 110 102 102 102 102 102 98 96 64 96 64 0 32 16 0 4 0 64 0 0 0 0 0 0 0 128 0
32 0 0 0 8 8 8 8 24 25 26 152 152 152 185 189 189 253 245 253 253 255 191 255 247 191 255 255 255 239 239 237 237 237 125 109 108 110 110 102 102 102 102 102 103 102 102 102 102 102 102 102 102 102 100 100 100 100 100 102 100 100 100 124 239 255 255 255 255 255 255 255 255 237 234 8 8 8 8 8 40 24 8 8 9 8 40 8 8 8 9 9 25 24 25 25 153 153 153 25 185 153 153 249 249 249 249 233 233 169 169 233 107 107 107 107 107 107 43 57 9 41 9 57 25 57 185 57 249 249 121 249 121 249 249 249 249 217 249 249 249 249 249 249 121 253 189 253 253 253 252 249 253 245 125 255 255 255 127 255 255 255 255 255 255 255 255 255 255 255 251 239 238 238 110 76 76 12 8 9 9 136 136 152 136 136 136 137 153 153 153 153 153 153 153 153 185 153 153 153 153 189 253 255 255 255 255 110 111 111 111 110 110 110 102 102 102 102 102 98 96 96 64 96 0 0 32 0 0 0 8 0 8 0 0 0 0 0 0 0
1 0 0 0 8 8 12 40 24 24 153 154 152 152 185 189 189 253 253 249 253 255 255 255 255 255 255 255 255 239 239 253 237 237 237 109 108 110 110 102 102 102 102 103 102 102 102 102 102 102 102 102 102 102 100 100 100 100 100 100 100 100 100 110 255 255 255 255 247 255 255 239 255 239 232 8 8 8 8 24 8 40 8 10 8 8 8 24 40 24 9 11 24 25 25 25 153 153 25 153 153 185 153 249 249 249 249 233 233 169 169 233 107 107 107 107 107 107 57 11 41 9 41 25 57 57 57 185 249 249 249 121 249 217 249 249 249 249 249 249 249 249 249 249 249 253 253 253 253 245 253 253 253 253 253 255 255 255 255 255 255 255 255 239 255 253 255 255 191 255 247 239 238 238 110 76 76 8 8 9 8 136 136 136 136 136 136 137 153 153 153 153 153 153 153 153 153 185 153 153 153 157 253 255 255 255 255 111 111 111 111 110 110 110 102 102 102 102 102 98 96 100 96 64 0 0 128 0 0 0 0 8 0 0 32 0 0 0 32 4
0 0 1 0 8 8 8 8 60 24 152 153 154 152 185 189 157 253 253 125 253 255 251 255 239 223 251 255 191 239 255 239 229 237 173 109 108 46 110 102 102 102 103 102 102 102 102 102 102 102 102 102 102 102 100 100 100 100 100 100 100 100 100 255 255 255 247 255 255 255 127 255 239 231 236 8 8 10 8 8 10 8 8 8 136 8 8 8 24 40 9 24 27 25 25 25 153 25 153 153 153 153 185 249 249 249 249 233 233 169 169 233 107 107 107 107 107 59 75 41 9 41 9 57 57 57 57 185 217 249 217 249 249 249 249 249 249 249 249 249 249 249 185 249 249 125 253 253 253 253 253 253 221 253 253 254 255 255 255 191 255 255 255 255 223 255 255 255 127 223 255 231 238 238 110 76 76 8 8 8 8 136 136 136 136 136 136 137 153 153 153 153 153 153 153 153 153 153 185 153 153 157 253 255 255 255 255 111 111 111 111 110 110 110 102 102 102 102 102 98 96 96 96 64 0 0 32 32 0 0 1 8 0 0 0 0 1 0 0 0
0 0 8 0 8 8 136 8 24 61 152 152 153 154 185 157 189 253 253 125 253 255 223 255 255 255 255 255 239 253 239 239 237 173 109 109 108 110 110 102 102 103 102 102 102 102 102 102 102 102 102 102 102 102 100 100 100 116 100 116 100 100 100 127 247 247 255 127 255 255 255 255 239 239 108 8 8 8 8 8 8 8 8 8 8 40 8 8 8 8 8 25 25 27 25 25 27 153 153 153 153 153 185 249 249 248 249 233 233 169 169 233 107 106 107 107 59 75 43 9 41 9 41 57 57 57 57 153 217 217 249 249 249 249 249 249 121 249 249 249 249 249 121 249 249 253 253 253 253 253 253 253 245 253 253 251 255 247 255 255 253 223 255 255 251 255 255 255 255 255 251 237 238 238 110 108 68 8 8 8 8 168 136 168 140 168 136 137 153 153 153 153 153 153 153 153 153 153 153 185 153 157 253 255 255 255 255 111 111 111 111 110 110 110 102 102 102 102 102 98 96 96 96 64 0 0 0 0 0 0 0 0 0 0 2 0 0 0 0 0
0 64 0 9 8 136 136 8 24 24 181 152 152 185 155 189 189 253 252 253 221 255 223 255 254 239 255 255 255 239 111 175 237 109 109 109 108 110 110 102 103 102 102 102 102 102 102 102 102 102 102 102 102 102 100 100 100 100 116 100 100 100 100 247 127 239 255 255 255 223 255 255 231 239 108 9 8 8 8 8 8 8 8 8 8 8 8 8 8 8 8 25 25 25 27 25 153 155 153 153 153 153 185 249 249 249 249 233 233 169 169 233 107 107 107 123 75 43 9 41 9 41 41 57 57 25 25 153 217 217 249 249 249 249 249 249 249 249 249 249 249 249 249 249 249 253 253 253 253 253 253 252 253 253 253 255 255 127 239 255 255 255 255 253 255 255 255 255 255 255 191 239 238 238 110 108 76 8 8 40 8 136 168 136 168 136 136 137 153 153 153 153 153 153 153 153 153 153 153 153 185 157 253 254 255 255 255 111 111 111 111 110 110 110 102 102 102 102 102 98 104 96 96 64 0 0 0 0 0 0 0 0 0 0 64 1 0 0 0 0
0 0 0 8 8 152 8 8 152 16 24 181 152 153 189 191 189 245 253 245 253 223 255 255 255 253 255 255 223 231 239 237 237 109 109 109 108 110 110 103 102 102 102 102 102 102 102 102 102 102 102 102 102 102 100 100 100 100 100 100 100 100 102 44 251 255 255 255 255 255 251 255 239 239 109 8 8 40 9 8 8 8 9 8 8 8 8 12 136 8 8 25 25 25 25 27 153 153 155 153 153 153 185 249 249 249 249 233 233 169 169 233 106 107 123 107 107 9 41 9 41 41 41 57 25 57 25 153 217 217 249 249 249 249 249 248 249 249 249 185 249 249 249 249 249 253 253 253 252 253 253 253 253 221 189 223 255 127 255 255 255 255 254 255 255 255 255 255 255 255 239 239 238 238 110 108 76 8 8 8 8 136 136 168 136 136 140 137 153 153 153 153 153 153 153 153 153 153 153 153 153 189 253 255 255 255 255 111 111 111 111 110 110 110 102 102 102 102 102 106 96 112 96 192 64 0 0 0 0 0 0 0 0 0 0 0 0 0 0 0
32 0 0 8 8 40 8 8 144 153 16 28 189 153 189 189 183 189 245 253 252 255 255 255 255 255 255 255 255 207 239 236 237 109 109 101 108 110 111 102 102 102 102 102 102 102 102 102 102 102 102 102 102 102 100 116 100 100 100 100 100 100 108 106 255 255 255 255 255 255 251 255 239 239 109 136 8 8 8 8 8 9 10 8 8 40 8 8 24 8 8 25 25 25 25 153 155 153 153 155 153 153 185 249 249 249 249 233 233 169 169 233 107 123 107 107 107 41 9 41 41 41 41 25 57 25 57 153 217 217 249 249 249 249 217 249 249 249 249 249 217 249 249 249 249 189 253 253 221 253 189 253 253 221 221 255 255 255 253 255 191 253 255 255 255 255 223 253 255 255 239 239 238 238 110 108 76 8 8 8 8 136 136 136 136 136 136 137 153 153 153 153 153 153 153 153 153 153 153 153 153 189 253 247 255 255 255 111 111 107 47 110 110 110 102 102 102 102 110 98 96 96 96 72 192 0 0 0 4 16 0 0 0 0 0 0 0 0 0 64
0 1 0 8 8 8 8 0 8 80 153 28 153 157 189 181 185 183 181 253 253 255 255 255 255 255 255 255 255 239 111 237 237 105 109 109 108 111 110 102 102 102 102 102 102 102 102 102 102 102 102 102 102 102 100 100 100 100 100 100 100 100 108 255 255 191 127 247 255 255 127 255 239 237 237 40 8 8 8 10 8 8 8 24 40 8 8 40 8 8 24 25 25 25 25 153 153 155 153 153 155 153 185 249 249 249 249 233 232 169 169 233 123 107 107 107 107 9 41 41 41 41 25 57 25 57 25 185 217 217 249 217 249 249 249 249 249 249 248 249 249 249 249 249 249 253 253 253 253 253 253 249 253 253 221 255 255 255 254 255 253 255 255 255 255 255 255 251 255 253 239 175 238 238 110 108 76 12 24 40 8 168 136 136 136 136 136 137 153 153 153 153 153 153 153 153 153 153 153 153 153 189 253 253 255 255 255 107 111 110 110 110 110 110 102 102 102 110 102 98 96 96 96 64 64 0 0 0 0 68 0 0 0 0 0 64 0 0 0 2
0 0 0 8 12 8 32 8 0 8 88 153 157 157 181 185 181 185 183 253 189 247 254 255 255 253 255 255 255 239 239 237 237 109 109 109 109 110 110 102 102 102 102 102 102 102 102 102 102 102 102 102 102 102 100 100 100 100 100 102 100 100 108 255 255 127 255 127 255 255 251 255 239 237 173 8 9 12 8 8 8 10 8 8 8 8 8 8 8 8 24 25 25 25 25 153 153 153 155 153 153 155 185 249 249 249 249 233 249 169 169 233 235 107 107 107 107 41 41 41 41 9 57 25 57 25 57 153 249 217 217 249 248 249 249 249 249 249 249 217 249 249 249 249 249 253 249 245 253 253 249 253 253 253 253 255 191 223 255 251 255 127 255 255 127 255 255 223 255 255 239 238 238 238 110 108 204 40 12 8 40 137 136 136 136 168 136 137 153 153 153 153 153 153 153 153 153 153 153 153 153 189 125 253 255 255 255 111 111 110 110 110 110 110 102 102 110 102 102 98 96 96 96 64 66 1 4 0 0 0 0 0 1 0 0 0 0 0 0 128
0 0 0 8 8 0 8 0 8 8 24 217 157 213 153 181 185 181 249 191 245 189 255 255 255 255 255 255 255 239 175 237 229 111 109 109 109 110 110 102 102 102 102 102 102 102 102 102 102 102 102 102 102 102 100 102 100 102 100 100 100 100 108 255 255 255 127 255 255 255 239 223 239 237 8 9 10 8 8 8 8 8 8 8 8 8 8 8 8 8 24 25 25 25 25 153 153 153 153 155 153 185 187 249 249 249 249 217 233 169 41 233 235 107 107 107 107 57 41 41 9 41 25 57 25 57 25 185 217 249 217 249 249 249 249 249 249 249 249 249 249 249 249 249 249 249 253 185 252 253 253 253 253 253 253 255 222 223 255 191 255 255 255 255 255 255 255 255 255 255 239 230 238 238 110 108 108 12 8 8 8 136 136 136 136 136 136 137 153 153 153 153 153 153 153 153 153 153 153 153 153 29 253 253 223 255 255 107 111 110 110 110 110 110 102 110 102 102 102 98 96 96 96 64 81 16 0 0 4 0 0 64 32 0 0 0 0 0 0 0
0 0 0 8 32 8 0 8 8 8 24 153 213 157 213 153 181 185 157 245 191 253 255 255 247 239 251 255 239 239 237 237 237 109 109 109 109 110 110 102 102 102 102 102 102 102 102 102 102 102 102 102 102 102 102 100 102 100 100 100 100 100 108 255 255 255 127 255 127 255 239 239 239 236 9 8 8 8 8 8 8 8 136 136 10 8 8 9 8 40 24 25 25 25 25 153 153 153 153 153 155 185 249 251 249 248 121 249 105 41 169 233 235 107 107 107 123 107 41 9 41 9 59 25 57 25 57 153 249 217 185 249 249 249 249 249 121 249 249 249 249 249 249 249 185 249 249 252 253 253 253 253 253 253 221 255 255 253 255 255 255 255 223 223 255 255 255 255 253 255 239 230 238 238 110 108 108 8 136 8 8 136 136 136 168 136 136 137 153 153 153 153 153 153 153 153 153 153 153 153 25 157 253 253 255 127 255 111 47 110 110 110 110 110 110 102 102 102 102 98 96 96 96 64 64 65 0 0 0 0 2 8 1 0 0 0 64 0 0 0
0 0 0 2 24 0 8 9 8 8 24 145 153 213 157 213 153 157 245 157 253 255 255 253 255 255 253 255 239 239 237 237 237 109 109 109 109 46 110 102 102 102 102 102 102 102 102 102 102 102 102 102 102 102 102 102 100 100 100 100 100 100 108 255 255 255 255 127 255 255 239 239 239 237 8 8 8 8 8 8 8 8 136 8 8 12 136 8 8 8 58 25 25 25 25 153 153 153 153 153 185 187 249 249 251 248 248 121 104 41 169 233 235 107 107 123 107 107 9 41 9 41 25 59 25 57 25 185 217 249 249 121 249 249 249 249 249 249 249 249 249 217 217 249 185 249 249 253 253 253 189 253 253 253 253 255 255 255 255 255 255 255 254 255 255 255 255 255 255 255 239 238 238 238 102 108 108 8 8 8 8 152 136 136 136 136 136 137 153 153 153 153 153 153 153 153 153 153 153 25 153 157 253 253 255 255 119 111 110 110 110 110 110 110 110 102 102 102 102 98 96 96 96 96 64 64 0 0 0 0 8 0 0 0 16 0 0 8 0 0
0 0 32 24 2 8 24 136 12 8 24 24 145 153 213 157 221 149 157 253 189 255 255 239 255 253 255 255 111 239 237 109 237 109 109 109 125 110 110 102 102 102 102 102 102 102 102 102 102 102 102 102 102 102 102 102 100 100 100 100 100 100 108 239 255 247 255 255 223 255 239 239 239 237 9 8 8 8 8 8 8 8 12 8 8 8 136 8 8 8 27 59 153 25 25 153 153 153 153 153 185 249 251 249 248 251 248 248 105 41 169 233 235 107 123 107 107 107 41 9 41 9 57 25 59 25 57 153 249 249 249 249 249 249 185 249 249 249 249 249 249 249 217 249 249 249 249 252 253 253 253 125 249 253 253 255 191 255 255 255 223 255 255 255 255 255 255 191 223 255 239 238 238 238 110 108 108 8 8 8 8 136 136 136 137 136 136 137 153 153 153 153 153 153 153 153 153 153 27 153 153 157 189 125 127 239 255 111 110 102 110 110 110 110 110 102 102 102 102 98 96 96 96 104 64 64 0 16 0 0 0 0 0 0 64 0 0 0 0 0
2 0 0 32 8 8 8 8 40 8 24 16 24 145 153 221 157 221 157 189 253 255 127 255 127 255 255 255 239 239 237 237 109 125 109 109 109 110 110 102 102 102 102 102 102 102 102 102 102 102 102 102 102 102 102 102 100 100 100 100 100 100 108 255 255 255 255 255 255 127 239 239 239 237 8 8 8 136 8 8 8 8 8 8 8 9 8 8 8 8 59 153 59 153 25 153 153 153 153 153 185 249 249 249 121 248 251 248 105 41 169 233 233 123 107 107 107 107 9 41 9 41 25 59 25 59 25 185 249 249 185 249 249 249 249 249 249 249 249 249 249 249 249 185 249 249 249 253 245 253 253 253 253 253 253 255 251 255 255 255 255 255 255 223 255 255 255 223 255 191 239 238 238 238 110 108 108 8 8 8 8 136 136 136 136 137 136 137 153 153 153 153 153 153 153 153 153 25 153 155 153 157 61 253 247 239 239 111 110 110 102 110 110 110 110 102 102 102 102 98 96 96 96 96 64 66 0 1 0 0 0 4 0 0 0 4 0 64 32 0
0 0 0 64 136 8 24 9 8 8 16 24 18 24 153 157 221 157 221 189 253 255 253 127 255 255 255 255 239 239 237 237 109 125 109 105 109 46 102 102 102 102 102 102 102 102 102 102 102 102 102 102 102 102 102 102 100 100 100 100 100 100 108 255 255 255 255 255 255 255 239 237 239 237 8 8 8 8 8 8 136 40 8 8 8 8 8 8 8 8 153 59 153 59 153 153 153 153 153 153 185 249 249 249 249 248 248 251 105 41 169 233 233 107 107 107 107 107 41 9 41 9 57 25 59 25 59 185 249 249 249 249 249 249 249 249 249 249 249 249 249 248 249 249 249 249 249 253 253 253 252 253 253 253 253 255 255 253 247 255 255 255 255 255 255 255 255 255 247 239 239 174 238 238 110 108 108 24 8 8 8 136 136 137 136 136 137 137 153 153 153 153 153 153 153 153 25 153 153 153 155 29 189 253 253 175 239 103 110 102 110 110 46 46 110 102 102 102 102 98 96 98 96 96 64 64 1 0 0 0 0 128 16 0 0 0 0 0 0 0
64 0 0 0 8 12 24 8 8 0 8 16 24 26 153 157 157 221 157 189 253 253 255 255 255 255 253 254 239 239 229 237 108 109 109 125 45 102 38 102 102 102 102 102 102 102 102 102 102 102 102 102 102 102 102 102 100 100 100 100 100 100 100 253 251 255 255 127 253 223 239 239 253 237 40 40 136 8 8 8 8 8 10 8 10 8 8 8 8 8 25 153 59 153 187 153 153 153 153 153 185 249 249 249 249 249 248 249 105 41 169 233 233 107 107 107 107 107 9 41 9 41 25 57 25 59 185 187 249 249 249 249 249 249 249 249 121 249 249 249 249 249 249 249 249 249 249 253 253 253 253 253 189 253 253 255 239 255 253 255 251 255 239 251 255 223 253 255 191 235 239 238 238 238 102 108 108 108 8 8 8 136 136 136 136 136 137 137 153 153 153 153 153 153 153 25 153 153 153 153 29 159 189 253 253 239 231 111 102 102 110 110 46 46 110 102 102 102 102 98 98 96 96 96 64 80 0 8 0 0 0 0 128 0 0 0 0 2 128 8
32 2 0 0 8 8 12 8 8 8 0 8 24 153 155 157 157 157 221 189 253 253 255 255 255 255 239 223 239 239 237 229 109 109 101 109 100 36 102 38 102 102 102 102 102 102 102 102 102 102 102 102 102 102 102 102 100 100 100 100 100 100 100 253 253 255 255 255 251 255 239 255 239 109 40 8 8 8 8 8 10 8 8 10 8 40 8 8 8 8 25 25 153 187 153 171 153 153 153 153 185 185 121 249 249 249 249 249 105 41 169 233 233 107 107 107 107 107 57 9 41 9 57 25 57 185 185 249 251 249 249 249 249 249 249 249 249 249 121 249 249 249 249 249 249 249 249 253 253 253 253 253 253 253 253 255 255 255 255 239 255 127 255 255 255 251 254 251 235 239 111 238 238 238 110 108 108 108 8 24 8 136 136 136 136 136 137 137 153 153 153 153 153 153 25 153 153 153 153 25 157 189 191 253 189 239 239 103 102 110 110 110 38 110 102 102 102 102 102 98 98 96 96 96 64 80 0 0 4 8 0 0 0 0 0 0 0 128 2 0
0 0 1 0 8 8 8 136 8 0 136 136 24 153 157 151 157 157 157 253 253 252 223 255 255 255 239 239 239 239 237 237 108 101 105 101 100 100 36 102 102 102 102 102 102 102 102 102 102 102 102 102 102 102 102 102 100 100 100 100 100 100 100 125 253 255 255 255 255 255 239 239 111 45 8 9 8 8 10 8 40 8 8 9 8 9 136 24 8 8 25 25 153 153 171 153 187 153 153 153 185 57 249 121 249 249 249 249 105 41 169 233 233 107 107 107 107 123 75 41 9 41 25 57 59 185 57 249 249 251 249 249 185 249 249 249 249 249 249 249 249 249 185 249 249 217 249 253 253 253 253 253 253 253 125 255 247 255 255 255 127 255 255 255 255 255 251 255 239 239 239 238 238 238 110 108 108 108 8 8 8 136 140 136 140 136 137 137 153 153 153 153 153 27 153 153 153 153 25 153 157 189 253 191 237 231 239 103 110 110 110 110 110 102 102 102 102 102 102 98 98 96 96 96 64 64 0 0 8 0 0 4 64 0 64 0 0 0 0 0
0 0 0 32 8 8 8 8 0 8 136 8 152 153 149 157 159 157 157 253 253 252 255 251 255 127 239 239 239 231 237 237 109 108 101 97 100 100 100 36 102 102 102 102 102 102 102 102 102 102 102 102 102 102 102 102 100 100 100 100 100 100 100 125 252 255 255 223 255 127 239 239 111 8 9 8 8 8 8 8 8 40 8 8 9 8 8 136 8 8 25 25 153 137 153 187 153 187 153 153 57 185 123 249 249 249 249 249 105 41 169 233 232 107 107 107 122 107 107 9 41 9 25 57 185 27 185 248 249 249 187 249 249 249 249 217 121 249 217 249 217 249 249 249 249 249 249 253 253 253 253 253 253 245 253 253 127 239 223 255 253 255 255 223 191 255 255 255 239 239 239 238 236 238 110 124 108 44 40 9 8 136 136 172 136 136 137 153 153 153 153 153 27 153 155 153 153 25 153 153 157 189 189 237 239 237 231 111 110 110 110 110 110 102 102 102 102 102 102 98 98 96 96 96 64 66 0 0 0 0 0 0 0 64 64 0 0 0 16 64
0 4 0 0 10 8 8 0 8 8 9 140 152 145 153 157 157 159 157 189 253 253 255 255 255 255 239 239 239 239 237 237 109 109 102 101 96 100 100 100 36 102 102 102 102 102 102 102 102 102 102 102 102 102 102 102 100 100 100 100 100 100 100 124 253 255 255 255 223 255 239 239 111 9 8 24 8 8 8 12 8 24 8 8 8 8 8 8 24 136 25 25 137 153 153 153 187 153 187 25 185 57 249 187 249 249 249 249 105 41 169 233 233 107 107 123 107 107 107 41 9 9 25 57 25 185 186 249 249 249 249 251 249 249 249 248 249 249 249 217 249 249 249 249 249 249 249 253 253 253 253 253 253 253 253 253 255 255 255 255 255 255 251 255 255 255 255 251 239 239 239 238 238 238 118 110 100 56 136 8 8 136 136 136 136 136 137 153 153 153 153 153 153 155 153 155 25 153 153 153 157 189 173 237 237 239 236 110 110 110 46 110 110 102 102 102 102 102 102 98 98 96 96 96 64 64 0 2 0 0 0 0 0 0 64 0 0 0 4 32
0 0 0 0 8 8 0 8 8 8 8 136 148 152 153 157 157 157 159 189 189 253 127 254 255 255 239 239 239 239 173 237 109 109 101 100 100 96 100 100 100 36 102 102 102 102 102 102 102 102 102 102 102 102 102 102 100 116 100 100 116 100 100 60 245 223 255 255 255 239 237 239 111 8 12 8 8 8 8 8 8 8 9 8 8 8 8 8 8 28 153 9 153 153 153 153 153 187 25 187 57 185 57 249 251 249 249 249 105 41 169 233 233 107 123 107 107 107 107 41 9 9 25 25 57 184 249 251 249 249 249 249 251 249 249 249 249 249 249 121 249 249 249 249 249 249 249 253 253 253 253 253 125 125 253 253 239 253 255 255 255 247 251 255 255 223 255 255 175 239 235 238 238 254 238 102 108 76 8 8 10 136 136 136 136 136 137 153 153 153 153 153 153 153 155 25 155 153 153 153 157 45 173 237 233 237 238 102 110 110 110 110 110 102 102 102 102 102 102 98 98 98 96 96 64 64 0 0 0 0 0 0 0 0 0 0 0 128 0 4
0 0 0 0 8 0 8 8 8 8 8 128 136 156 153 157 157 157 189 191 189 252 239 255 255 255 111 239 239 239 237 237 109 125 117 100 100 100 96 100 100 100 36 102 102 102 102 102 102 102 102 102 102 102 102 102 102 100 116 100 116 100 100 116 61 255 255 255 255 239 239 239 111 12 8 8 136 8 8 8 8 8 8 8 8 8 8 8 8 152 13 153 153 153 153 153 153 25 187 57 187 57 185 249 249 250 249 249 105 41 169 233 233 123 107 107 107 107 107 9 9 9 25 25 56 185 249 249 251 249 249 249 249 251 249 249 249 249 249 249 121 249 249 249 249 249 249 253 253 253 253 252 253 125 253 253 253 255 253 255 255 255 127 255 247 255 255 255 175 239 175 238 254 238 238 110 100 76 8 8 136 136 136 136 168 137 137 153 153 153 153 153 153 153 25 155 153 155 153 153 13 173 173 237 237 237 238 110 110 110 110 110 110 102 102 102 102 102 102 98 98 98 96 96 64 64 0 0 0 0 0 0 32 0 1 0 0 0 0 0
0 1 64 0 0 8 10 8 8 8 0 8 152 152 157 157 157 157 189 189 190 253 255 255 239 255 238 175 239 111 237 237 109 61 125 116 100 116 100 96 100 100 100 36 102 102 102 102 102 102 102 102 102 102 102 102 102 100 100 116 100 100 102 102 125 255 255 255 255 239 239 175 111 8 8 8 8 40 8 10 8 8 8 12 8 8 8 8 8 8 153 157 153 153 153 153 25 153 57 187 57 187 153 249 249 249 251 249 105 41 185 233 233 235 107 106 107 107 107 9 9 9 25 24 57 185 217 249 249 219 249 249 249 249 251 249 249 249 249 249 249 249 249 249 249 249 185 253 253 253 253 253 245 253 253 253 253 253 255 255 255 255 255 247 239 255 247 191 239 175 174 254 236 238 238 110 124 76 8 24 136 136 136 136 136 137 137 153 153 153 153 153 153 25 153 153 155 153 155 9 141 189 173 237 109 237 238 110 110 110 110 110 110 102 102 102 102 102 102 98 98 98 96 96 64 64 0 0 0 0 0 0 0 0 0 0 0 0 0 0
0 0 0 64 128 8 8 8 8 0 8 8 156 152 157 157 157 157 189 188 253 255 255 255 255 239 239 239 239 239 237 253 109 125 125 125 116 100 100 100 96 100 100 100 36 102 102 102 102 102 102 102 102 102 102 102 102 102 100 100 100 100 100 127 127 255 255 255 255 239 239 111 47 8 9 24 8 8 10 136 10 8 8 8 8 8 8 8 12 8 153 153 157 153 153 25 153 25 185 57 187 153 187 249 249 249 249 251 105 41 169 233 233 235 107 107 106 107 107 137 9 9 24 25 57 153 249 249 249 249 251 249 249 249 249 251 185 249 249 249 249 249 249 249 249 249 249 253 125 253 253 253 253 253 253 253 253 253 255 247 255 255 223 253 253 253 255 239 175 174 254 238 238 238 238 126 110 76 8 8 136 136 136 140 136 137 137 153 153 153 153 153 25 153 153 153 153 153 25 137 157 173 173 237 229 109 238 110 110 110 110 110 110 102 102 102 102 102 102 98 98 98 100 96 64 96 0 0 16 0 0 0 0 0 0 0 0 1 0 0
0 0 0 0 0 10 8 40 0 8 8 8 152 156 157 157 157 157 188 189 252 255 255 255 255 239 239 239 239 239 253 237 125 125 125 125 121 100 100 100 100 96 100 100 100 36 102 102 102 102 102 102 102 102 102 102 102 102 100 100 100 100 100 127 255 255 255 239 255 239 239 111 40 25 8 25 8 8 140 10 40 24 8 8 8 8 8 8 136 8 153 153 153 157 25 153 25 153 57 185 153 187 249 251 249 249 249 249 105 41 169 233 233 171 107 107 107 107 235 9 9 12 25 25 25 185 249 121 249 249 249 249 249 249 249 249 251 249 249 249 249 249 121 249 249 249 249 253 253 253 253 253 253 125 253 253 249 253 191 255 191 255 255 255 253 253 251 239 166 252 238 238 238 238 254 238 110 76 8 8 136 136 136 136 136 137 153 153 153 153 153 25 153 153 153 153 153 25 137 153 141 173 173 237 253 237 110 110 110 110 110 110 110 102 102 102 102 102 102 98 98 102 96 96 96 64 0 0 0 0 0 0 1 0 0 4 0 0 0 0
128 0 0 0 0 8 8 2 8 136 8 12 152 156 157 153 157 156 189 188 253 127 255 255 255 239 231 231 239 255 239 221 245 125 125 125 125 96 102 100 100 116 96 100 100 100 36 102 102 102 102 102 102 102 102 102 102 102 100 116 100 100 100 255 255 255 251 255 239 235 239 111 9 40 25 8 8 136 8 42 8 40 8 8 8 8 8 8 8 168 153 153 153 27 153 25 153 25 185 153 185 249 251 249 251 249 249 249 104 41 169 233 233 107 107 107 107 235 107 9 12 9 29 25 25 185 249 249 249 249 249 249 249 249 249 249 249 251 249 249 249 249 249 249 249 249 249 253 253 253 253 189 253 253 253 221 253 253 254 191 254 255 255 255 255 253 255 239 252 238 238 238 238 254 238 238 110 76 8 136 140 136 136 136 136 137 153 153 153 153 25 153 153 153 153 153 25 137 153 137 137 173 173 237 237 237 110 110 110 110 110 110 110 102 102 102 102 102 102 98 102 98 98 96 96 64 4 0 0 0 0 128 0 0 0 32 128 64 0 0
0 0 0 0 0 8 0 8 8 8 8 8 156 156 153 157 156 157 188 189 253 255 255 127 255 239 231 239 255 239 251 247 221 253 125 125 125 100 98 100 100 100 100 104 100 100 100 36 102 102 102 102 102 102 102 102 102 102 100 100 100 100 100 191 255 255 254 255 238 175 239 110 40 9 42 8 8 8 8 8 40 8 8 8 8 8 8 8 12 136 185 153 25 153 27 153 25 153 153 185 185 249 249 219 249 251 249 249 105 41 169 232 233 107 107 107 235 107 107 8 9 13 25 29 153 185 249 249 185 249 249 249 249 249 217 249 249 249 251 249 249 249 249 248 249 249 249 253 253 253 253 253 253 245 253 253 253 253 254 254 255 191 255 127 255 255 253 255 239 238 238 238 254 238 238 238 110 92 8 136 136 136 136 136 136 137 153 153 153 25 153 153 153 153 153 25 137 153 137 137 137 173 45 237 237 237 110 110 110 110 110 110 110 102 102 102 102 102 102 102 98 98 98 96 96 64 0 0 0 0 4 2 0 0 0 0 0 0 1 0
1 0 0 0 0 32 12 8 136 8 8 8 156 152 157 156 157 156 189 189 253 255 255 255 127 239 239 255 235 255 255 235 255 253 221 125 125 100 100 96 100 100 100 100 96 100 100 100 36 102 102 102 102 102 102 102 102 102 100 100 100 100 100 255 127 255 255 254 238 239 239 46 136 40 12 8 8 8 9 9 8 8 8 8 8 8 12 8 8 136 153 57 153 25 153 27 153 153 153 185 185 185 217 249 251 249 251 249 105 41 168 233 233 107 107 235 107 107 107 9 25 9 29 25 157 185 249 249 249 249 249 249 249 249 249 249 249 249 249 251 249 249 249 249 249 185 249 253 253 253 253 253 253 253 253 253 253 253 255 127 251 255 255 255 223 255 255 255 238 238 238 254 238 238 238 238 126 110 8 136 136 136 136 136 136 137 153 153 25 153 153 153 153 153 25 137 153 137 137 137 137 45 173 237 253 237 110 110 110 110 110 110 110 102 102 102 102 102 102 102 98 98 102 96 96 64 32 0 0 0 0 0 0 0 16 0 0 32 0 0
64 0 0 0 64 0 8 8 8 8 136 8 152 156 156 157 156 157 189 189 253 251 255 255 127 239 255 239 255 255 255 255 239 255 253 249 125 100 100 100 96 100 100 100 100 96 100 100 100 36 102 102 102 102 102 102 102 102 100 100 100 100 100 127 254 255 255 255 239 237 238 136 40 8 8 8 10 8 9 8 8 8 8 8 9 8 24 8 8 136 25 153 57 153 25 153 155 153 153 185 185 153 249 249 249 251 249 250 105 40 169 233 233 107 235 107 107 107 107 9 9 25 25 29 153 189 249 249 249 249 249 249 249 249 249 249 185 249 249 249 251 249 217 249 249 249 249 253 253 253 253 253 253 253 252 253 221 253 255 255 255 191 255 239 255 255 251 223 238 238 238 238 238 238 238 254 238 110 8 136 136 136 136 136 136 137 153 25 153 153 153 153 153 25 137 153 137 137 137 137 9 173 173 237 229 237 110 110 110 46 110 110 110 102 102 102 102 102 102 102 98 102 98 96 96 96 0 0 2 0 0 0 32 32 0 0 0 128 8 0
16 0 0 32 0 0 136 8 8 8 12 136 152 157 156 148 157 157 189 189 253 251 239 127 255 239 239 255 255 255 223 255 255 255 255 249 253 100 100 100 100 96 102 100 100 100 96 100 100 100 36 102 102 102 102 102 102 102 100 100 100 100 100 254 255 255 255 251 239 239 236 42 40 10 8 8 40 8 8 8 8 12 8 8 40 8 8 40 8 8 153 25 153 57 153 153 153 155 153 185 153 185 249 249 249 249 251 249 104 41 169 233 233 233 107 107 107 107 107 9 9 25 25 25 157 185 253 249 249 121 249 249 249 249 249 249 249 217 248 249 249 251 249 249 249 249 249 253 253 221 253 253 253 253 245 249 253 253 255 255 255 255 223 127 255 255 255 255 238 110 238 238 238 238 254 238 238 110 8 136 136 136 136 140 168 137 25 153 153 153 153 153 25 137 153 137 137 137 137 9 137 173 189 173 253 109 110 110 102 110 110 46 110 102 102 102 102 102 102 102 102 98 106 96 96 96 0 128 0 8 0 16 4 0 0 0 0 0 0 0
32 0 0 0 0 32 8 8 136 136 8 136 152 156 149 156 157 157 189 189 253 255 255 255 255 238 223 255 255 255 255 255 255 255 255 255 253 100 100 100 100 102 104 100 100 100 100 96 100 100 100 36 102 102 102 102 102 102 100 100 100 100 100 127 255 255 255 127 239 238 238 40 10 8 8 8 9 8 8 8 8 8 8 8 8 8 8 10 8 8 25 153 25 153 185 153 153 153 155 153 185 185 249 217 249 249 249 187 105 41 169 169 233 169 107 107 107 107 107 9 9 25 25 25 153 189 249 125 249 249 217 249 249 185 248 249 249 249 185 249 249 249 251 249 249 249 248 253 253 253 249 253 253 253 253 253 249 253 251 251 255 127 255 253 127 255 255 255 174 238 110 238 238 254 174 238 238 110 8 136 136 136 136 152 136 9 153 153 153 153 153 25 169 153 137 137 137 137 9 137 137 173 165 189 237 109 110 110 110 110 110 110 110 102 102 102 102 102 102 102 102 106 98 96 96 96 4 0 0 0 0 0 0 0 0 0 0 0 128 0
0 128 0 0 0 0 8 8 136 8 136 136 152 148 156 157 157 157 189 189 253 127 255 253 255 253 255 255 247 255 255 247 223 223 255 127 255 100 100 100 100 108 102 96 100 100 100 100 100 102 102 100 36 102 102 102 102 102 100 100 100 100 100 255 255 255 127 255 235 238 238 10 8 8 8 8 8 8 8 8 8 8 8 8 8 8 8 8 8 8 25 25 153 153 153 185 153 153 153 155 185 185 249 249 248 249 249 105 41 41 169 169 169 41 107 107 107 107 43 9 9 25 25 25 153 185 221 249 253 249 249 249 249 248 249 121 249 249 249 249 249 249 249 251 249 249 249 221 252 189 253 253 253 253 249 253 252 249 255 255 255 255 239 255 255 255 255 255 238 238 238 174 254 238 230 236 238 110 8 136 136 136 136 136 12 137 153 153 153 153 25 169 153 169 137 137 137 9 169 137 137 181 169 173 237 109 110 110 110 110 110 110 110 102 102 102 102 102 102 102 110 98 98 96 96 100 0 0 0 128 0 0 0 0 0 0 0 128 0 1
0 0 0 4 0 0 8 8 8 136 136 136 144 156 156 157 157 157 189 189 253 255 223 255 253 255 255 255 255 253 255 127 255 127 255 255 127 100 100 100 100 100 100 100 96 100 100 100 100 102 102 100 100 36 102 102 102 102 102 100 100 100 100 247 255 255 255 255 231 238 238 8 8 24 8 8 8 12 40 8 8 9 8 8 12 24 10 8 8 8 25 25 153 153 153 153 185 153 153 185 187 185 249 249 249 249 249 105 41 41 169 185 41 41 107 107 43 107 9 137 11 25 25 25 153 153 249 253 248 253 249 249 249 249 249 249 249 249 249 217 249 249 249 249 251 249 249 253 253 253 253 253 253 253 253 253 253 253 254 255 255 253 255 251 255 255 255 255 238 238 238 254 238 238 238 238 238 110 24 136 136 136 136 40 136 137 153 153 153 27 137 153 169 137 137 137 137 137 137 137 193 137 165 169 173 109 46 110 110 110 110 110 110 102 102 102 102 102 102 110 102 98 98 96 96 96 0 0 0 0 2 64 0 2 0 0 16 0 0 0
2 16 0 0 0 1 8 9 12 136 136 128 152 156 157 157 157 153 157 189 253 255 254 251 255 255 127 255 255 255 239 255 127 254 255 255 255 100 100 100 100 100 100 100 100 96 100 116 100 100 102 116 100 100 36 102 102 102 102 100 100 100 100 108 255 255 127 255 239 238 238 8 8 8 9 8 8 8 8 8 8 10 12 8 8 12 8 8 8 8 25 25 153 153 153 153 153 185 153 185 185 187 249 249 249 249 249 104 41 41 169 41 41 41 107 107 107 43 9 9 25 27 25 25 153 153 249 249 253 249 253 249 249 249 249 249 249 248 185 217 249 249 249 249 249 123 249 253 249 253 253 253 253 253 253 253 253 253 255 239 255 255 253 255 255 127 254 255 230 238 252 238 230 230 238 238 238 126 110 136 136 168 8 136 140 137 153 153 25 137 153 137 137 137 137 137 137 137 137 129 137 161 137 173 45 45 110 110 110 110 110 110 110 102 102 102 102 102 110 102 102 98 98 96 96 96 0 0 0 0 68 0 0 0 0 32 64 0 0 0
16 2 0 0 0 1 9 8 8 136 128 136 152 156 157 157 153 157 157 189 253 191 255 255 255 255 255 255 255 254 255 255 255 255 255 254 255 100 116 100 100 116 100 116 100 100 96 100 100 100 116 102 100 100 100 36 102 102 102 100 100 100 100 110 255 223 191 255 239 238 230 8 8 8 8 8 8 8 10 136 9 12 8 8 8 8 8 8 8 8 25 25 153 153 153 153 153 153 185 185 185 249 251 249 249 249 249 105 41 41 41 41 41 41 107 107 107 9 9 9 25 25 27 25 153 153 185 249 249 253 249 249 249 249 249 249 249 249 217 249 121 249 185 249 217 249 123 249 245 253 253 253 252 253 253 253 221 252 239 251 254 255 255 255 255 255 255 190 236 254 230 238 230 238 238 238 254 238 238 136 136 8 168 136 136 137 153 25 137 153 137 137 137 137 137 137 137 137 129 137 129 137 169 45 45 44 110 110 110 110 110 110 110 102 102 102 102 110 102 102 102 98 98 96 96 96 0 2 0 0 0 0 0 1 0 0 0 0 0 0
0 0 0 0 0 64 8 8 8 128 136 140 152 156 157 153 157 157 157 189 189 255 223 255 255 255 255 239 255 255 255 255 255 239 253 255 254 116 100 100 100 100 116 100 100 100 100 96 100 100 100 100 100 100 100 100 36 102 102 100 100 100 100 253 239 255 255 255 239 238 238 8 24 8 8 8 136 8 136 8 8 8 8 8 8 8 8 8 8 8 25 25 153 153 153 153 153 153 185 185 185 249 249 251 249 121 249 121 41 41 41 41 41 41 107 107 107 41 9 9 27 25 25 27 153 153 185 249 249 249 253 249 249 249 249 249 249 249 249 121 249 249 249 249 249 249 185 249 249 253 253 125 253 253 252 252 253 125 255 253 255 255 255 254 255 255 255 236 254 238 238 230 238 238 238 252 238 238 238 136 8 136 136 136 136 137 25 153 153 137 137 153 137 137 137 137 137 129 137 129 137 137 41 45 44 45 110 110 110 110 102 110 110 102 102 102 110 102 102 102 102 98 98 96 96 96 0 0 0 0 0 0 0 2 0 0 0 0 128 0
0 0 32 0 128 0 12 8 0 8 168 136 156 156 153 157 157 157 157 189 189 255 255 255 255 191 255 251 255 255 255 251 253 255 255 239 127 254 102 100 100 100 100 100 100 100 102 100 96 100 100 100 100 100 100 102 100 36 102 100 100 102 102 236 255 255 255 255 239 238 238 40 8 8 8 24 8 137 8 8 8 8 8 8 8 8 10 8 8 8 25 25 153 153 153 153 153 153 185 185 185 249 249 249 251 249 121 249 41 41 41 41 41 41 107 107 107 9 9 9 25 27 25 153 155 153 185 249 249 249 249 253 249 249 249 249 249 249 249 249 249 249 249 249 249 185 249 249 249 253 253 253 253 253 253 252 125 253 253 255 255 255 255 255 255 223 255 254 238 238 238 238 238 238 254 238 238 230 110 8 136 136 136 136 136 41 153 153 169 137 137 137 137 137 137 137 129 169 129 137 137 9 41 44 45 44 110 110 110 110 110 110 110 102 102 110 102 102 102 102 102 98 98 96 96 96 0 0 0 8 0 0 0 0 0 0 0 128 0 0
0 0 0 64 0 0 8 0 8 8 136 136 156 152 157 157 157 157 157 189 189 255 255 255 255 255 254 255 255 191 255 254 255 255 255 255 255 127 102 100 100 100 100 100 102 100 100 100 100 96 100 100 100 100 100 116 102 100 36 100 100 100 238 238 255 255 191 255 239 238 238 8 8 8 8 9 8 8 8 8 8 8 10 24 8 8 8 8 8 8 25 25 153 153 153 153 153 153 185 153 185 249 121 249 249 251 249 121 41 41 41 41 41 41 107 107 43 9 9 11 25 153 27 153 153 155 185 249 248 249 249 249 253 249 249 249 249 249 249 249 249 249 249 249 249 249 249 249 249 253 253 253 125 253 253 189 253 253 253 255 253 255 255 255 255 255 255 247 238 238 238 230 238 254 238 238 238 238 110 8 136 136 136 136 8 137 185 137 137 137 137 137 137 137 137 145 137 129 137 137 9 9 40 45 44 44 110 110 110 110 110 110 110 102 110 102 102 102 102 102 102 98 98 96 96 96 128 0 0 0 32 0 0 0 0 64 0 0 0 0
0 16 0 0 0 0 0 8 8 8 152 136 152 156 157 157 157 157 153 189 189 255 255 254 191 255 253 127 254 255 255 127 255 255 255 255 223 191 102 116 100 100 100 100 100 100 116 100 100 100 96 100 100 100 100 100 100 100 100 36 100 100 110 127 223 191 255 255 239 238 238 8 8 24 8 8 8 40 8 136 8 40 24 10 8 8 8 136 8 8 25 25 153 153 153 153 153 153 153 185 185 249 217 249 249 249 251 249 41 41 41 41 41 57 107 107 9 9 9 25 27 25 153 155 153 185 187 217 249 121 249 249 249 253 185 249 249 249 249 249 249 185 249 249 249 249 249 249 249 253 253 249 253 253 253 253 221 253 253 253 127 255 255 255 255 251 255 255 238 238 238 236 254 238 238 238 238 238 110 8 136 136 136 9 136 137 137 137 137 137 137 137 137 137 129 137 129 137 137 11 9 8 41 44 44 44 110 46 110 110 110 110 110 110 102 102 102 102 102 102 102 98 98 96 96 96 0 0 1 0 8 0 1 2 2 0 0 0 64 0
32 0 4 32 128 0 0 8 24 8 136 152 152 156 157 157 157 153 157 189 189 255 255 255 255 255 223 255 255 255 255 255 255 239 255 255 255 102 54 102 100 100 100 100 100 100 100 100 100 100 100 96 100 100 100 100 100 100 100 100 38 100 63 255 255 255 255 255 239 238 238 8 8 8 8 8 24 24 8 8 8 8 40 8 8 8 8 8 9 8 25 25 153 153 153 153 153 153 153 185 185 121 249 248 249 249 249 251 41 41 41 41 41 41 107 107 9 9 9 25 25 27 153 153 155 153 217 251 248 249 249 249 249 249 253 248 249 249 249 249 185 249 249 249 249 249 249 249 249 125 189 221 253 253 253 125 189 253 253 253 253 253 255 255 239 255 255 239 238 238 238 238 238 238 238 238 174 238 110 9 136 136 8 137 137 169 137 137 137 137 137 137 137 129 137 129 137 137 9 9 8 9 40 44 44 44 46 110 110 110 110 110 110 110 102 102 102 102 102 102 102 98 98 98 96 96 0 0 1 0 0 16 0 0 0 0 0 0 0 0
0 0 0 0 0 0 0 8 8 8 136 152 152 157 157 157 153 157 157 189 189 255 255 255 255 255 255 255 255 255 255 255 255 223 255 255 255 118 102 38 100 100 100 100 100 100 100 100 100 100 100 100 96 100 100 100 100 100 100 100 100 38 255 255 255 255 223 255 239 230 238 8 8 8 8 12 28 8 8 8 8 8 8 8 8 8 8 40 8 9 25 25 153 153 153 153 153 153 153 185 57 249 249 121 249 249 249 249 41 41 41 41 41 41 107 107 9 9 9 25 27 153 155 153 153 155 216 249 251 249 249 249 249 249 185 253 249 249 249 249 249 248 249 185 249 249 249 249 249 253 221 253 253 253 253 253 253 253 253 253 253 253 191 255 255 239 253 239 238 238 238 236 238 238 238 238 238 236 111 8 136 9 136 137 137 137 137 137 137 137 137 137 129 137 129 137 137 9 9 8 137 24 40 44 44 44 110 110 110 110 110 110 110 110 102 102 102 102 102 102 102 98 98 98 96 96 128 0 0 4 0 0 0 0 0 0 0 32 1 0
0 0 16 0 0 0 0 8 12 12 136 152 152 157 157 153 157 157 157 189 189 255 255 255 191 251 255 251 255 255 255 255 254 255 253 255 255 255 102 100 36 100 100 100 100 100 100 100 100 100 116 116 100 96 100 100 100 100 100 100 100 253 255 251 255 255 255 255 239 238 238 8 8 8 8 12 8 8 8 8 8 8 8 8 8 8 8 8 8 9 25 25 153 153 153 153 153 153 153 57 185 249 249 249 249 249 249 249 41 41 41 41 41 57 107 107 9 9 9 25 153 155 153 155 153 216 219 249 249 249 249 249 185 249 249 249 253 249 249 249 249 217 249 217 249 249 249 249 249 253 253 253 253 253 253 253 253 253 253 253 253 253 255 127 127 253 239 239 238 238 238 238 238 238 238 238 238 238 108 8 8 136 137 137 137 137 137 137 137 137 137 129 169 129 137 137 9 9 8 137 8 137 56 44 44 44 110 110 110 110 110 110 110 110 102 102 102 102 102 102 102 98 98 98 96 96 0 64 0 0 0 8 0 0 0 0 0 0 0 0
0 0 0 0 0 64 0 8 12 8 136 152 152 157 153 153 157 157 157 189 189 255 255 255 251 255 251 255 223 255 255 255 127 255 255 255 127 255 102 100 100 36 100 100 100 100 100 100 100 100 100 116 100 100 96 100 100 100 100 100 100 189 255 127 254 247 255 255 239 238 110 8 8 8 8 8 8 40 136 8 8 8 8 10 8 8 8 8 8 9 25 25 153 153 153 153 153 153 25 185 185 249 249 249 249 249 249 248 41 41 41 41 41 41 107 107 9 9 9 25 153 153 139 153 154 217 249 251 249 249 249 249 249 249 249 249 249 253 249 249 249 249 217 249 249 249 249 249 249 253 253 253 253 245 253 253 253 189 253 253 253 252 255 255 255 253 239 239 238 238 238 238 238 238 238 238 238 238 108 12 8 136 137 137 137 137 137 153 137 137 129 137 129 137 137 9 25 12 9 8 137 8 169 44 44 44 110 110 110 110 110 110 46 110 102 102 102 102 102 102 102 98 98 98 96 96 64 8 0 0 0 128 0 0 0 0 0 0 4 0
