sigma,death-seeds,terminal-rules-seeds,cluster,pc1,pc2,death-mean,death-range,terminal-rules-mean,phenotype-activity-per-cell,entropy-early,entropy-middle,entropy-late,entropy-terminal,top1-terminal,top4-terminal,active-rules-terminal,terminal-rule-flux,class4-early,class4-middle,class4-late,class4-terminal,class4-peak,entropy-delta
01257463,120|120|120,45|40|36,1,-4.37703668,-1.39062550,120.000000,0.00000000,40.3333333,0.352175926,0.663965853,0.641754107,0.648484262,0.636324552,0.100000000,0.255555556,40.3333333,0.594444444,0.0419444444,0.0386111111,0.0298102981,0.0222222222,0.127777778,-0.0154815909
01274365,120|120|120,49|46|42,1,-4.81576265,-1.64494882,120.000000,0.00000000,45.6666667,0.263333333,0.666985060,0.664117254,0.663138726,0.671257720,0.0666666667,0.194444444,45.6666667,0.577777778,0.0348611111,0.0388888889,0.0268292683,0.0333333333,0.127777778,-0.00384633377
01274653,120|120|120,17|14|13,1,0.595521433,-0.738561063,120.000000,0.00000000,14.6666667,0.166064815,0.567344221,0.494266846,0.444693325,0.420606385,0.216666667,0.611111111,14.6666667,0.183333333,0.0505555556,0.0661111111,0.0481029810,0.0222222222,0.177777778,-0.122650896
01326475,120|120|120,26|24|34,1,-1.48762280,-1.74436833,120.000000,0.00000000,28.0000000,0.251481481,0.598391252,0.516993633,0.535993633,0.528152716,0.205555556,0.438888889,28.0000000,0.327777778,0.0283333333,0.0102777778,0.00785907859,0.00000000,0.0944444444,-0.0623976189
01364572,120|120|120,16|16|17,1,-0.0925273979,-0.682245676,120.000000,0.00000000,16.3333333,0.279259259,0.591550365,0.496676258,0.462640952,0.448845458,0.194444444,0.544444444,16.3333333,0.255555556,0.0305555556,0.0512500000,0.0608401084,0.0722222222,0.150000000,-0.128909414
01452376,120|120|120,4|4|4,0,3.57237766,1.32382124,120.000000,0.00000000,4.00000000,0.442685185,0.504946384,0.282812498,0.229475990,0.224867519,0.377777778,1.00000000,4.00000000,0.0722222222,0.0819444444,0.121388889,0.119783198,0.0944444444,0.244444444,-0.275470394
01452673,120|120|120,22|29|25,1,-1.84254940,0.257839159,120.000000,0.00000000,25.3333333,0.356111111,0.626800625,0.582883926,0.542059173,0.525307549,0.177777778,0.433333333,25.3333333,0.338888889,0.0768055556,0.0762500000,0.109078591,0.0944444444,0.233333333,-0.0847414525
01462753,69|120|94,4|4|4,0,5.24103302,-2.00520989,94.3333333,51.0000000,4.00000000,0.0745370370,0.518886669,0.317800065,0.231307095,0.222719150,0.427777778,1.00000000,4.00000000,0.0777777778,0.00958333333,0.00333333333,0.00000000,0.00000000,0.0500000000,-0.287579574
01465327,120|120|120,17|29|33,1,-1.89889369,-1.89948007,120.000000,0.00000000,26.3333333,0.253055556,0.619336476,0.588960945,0.564461183,0.540907822,0.133333333,0.405555556,26.3333333,0.350000000,0.0144444444,0.0111111111,0.0111111111,0.0111111111,0.0666666667,-0.0548752929
01472563,120|120|120,16|15|19,1,-0.170191596,-0.172625377,120.000000,0.00000000,16.6666667,0.0987962963,0.580166692,0.495464705,0.493588732,0.457601152,0.166666667,0.500000000,16.6666667,0.266666667,0.0488888889,0.0812500000,0.109756098,0.105555556,0.250000000,-0.0865779605
01536472,120|120|120,37|37|45,1,-4.19275363,-1.45615948,120.000000,0.00000000,39.6666667,0.282777778,0.648879984,0.633276795,0.651308713,0.643636583,0.0666666667,0.211111111,39.6666667,0.533333333,0.0284722222,0.0312500000,0.0551490515,0.0444444444,0.133333333,0.00242872885
01642573,120|120|120,36|23|35,1,-2.52832104,-1.48548966,120.000000,0.00000000,31.3333333,0.331111111,0.594437732,0.552528829,0.583066846,0.577360315,0.127777778,0.344444444,31.3333333,0.388888889,0.0366666667,0.0222222222,0.0242547425,0.0166666667,0.0944444444,-0.0113708852
01742635,111|120|68,4|4|4,0,5.37115859,-1.58109406,99.6666667,52.0000000,4.00000000,0.0675925926,0.529833015,0.277311597,0.225552820,0.214768849,0.455555556,1.00000000,4.00000000,0.0500000000,0.0338888889,0.00944444444,0.00000000,0.00000000,0.105555556,-0.304280195
01754362,120|120|120,30|40|37,1,-3.20506659,-1.32451876,120.000000,0.00000000,35.6666667,0.271759259,0.628746351,0.590463691,0.594849801,0.615831652,0.0888888889,0.261111111,35.6666667,0.427777778,0.0455555556,0.0384722222,0.0375338753,0.0388888889,0.116666667,-0.0338965498
02145367,120|120|120,31|29|25,1,-1.59729304,-2.25352177,120.000000,0.00000000,28.3333333,0.162314815,0.577747475,0.537544775,0.546188510,0.549983148,0.166666667,0.394444444,28.3333333,0.338888889,0.0108333333,0.00194444444,0.00298102981,0.00000000,0.0555555556,-0.0315589647
02164573,120|120|120,41|22|30,1,-2.36562734,-0.421168009,120.000000,0.00000000,31.0000000,0.341759259,0.602540429,0.510313820,0.574785543,0.572155365,0.111111111,0.361111111,31.0000000,0.350000000,0.0465277778,0.0765277778,0.0780487805,0.0611111111,0.211111111,-0.0277548867
02174563,120|120|120,28|32|33,1,-2.43276329,-1.87771983,120.000000,0.00000000,31.0000000,0.224120370,0.618809871,0.575108778,0.598042952,0.572714512,0.138888889,0.366666667,31.0000000,0.383333333,0.0219444444,0.0130555556,0.0218157182,0.0111111111,0.0833333333,-0.0207669189
02175634,120|120|120,18|13|20,1,0.283584255,-1.73288934,120.000000,0.00000000,17.0000000,0.157314815,0.579920240,0.519000888,0.487640409,0.416724039,0.266666667,0.655555556,17.0000000,0.233333333,0.0216666667,0.0223611111,0.00636856369,0.00000000,0.0833333333,-0.0922798310
02317465,120|120|120,43|27|42,1,-3.83013973,-0.928505838,120.000000,0.00000000,37.3333333,0.338796296,0.653141397,0.645206803,0.636573387,0.621046774,0.0944444444,0.261111111,37.3333333,0.466666667,0.0508333333,0.0427777778,0.0397018970,0.0833333333,0.150000000,-0.0165680101
02351476,120|120|120,15|15|9,0,1.78626555,-1.35313773,120.000000,0.00000000,13.0000000,0.264537037,0.516968925,0.400743771,0.396024728,0.339354346,0.438888889,0.755555556,13.0000000,0.150000000,0.0172222222,0.0181944444,0.0181571816,0.0222222222,0.0777777778,-0.120944196
02371456,120|120|120,20|8|18,1,1.16671662,-1.91669206,120.000000,0.00000000,15.3333333,0.111342593,0.526119311,0.459194433,0.421224652,0.398646270,0.305555556,0.644444444,15.3333333,0.166666667,0.0140277778,0.00972222222,0.00338753388,0.00000000,0.0722222222,-0.104894658
02375614,120|120|120,8|14|15,0,1.80096815,-1.88118240,120.000000,0.00000000,12.3333333,0.111157407,0.515762083,0.449877680,0.407518075,0.356191781,0.361111111,0.744444444,12.3333333,0.127777778,0.0148611111,0.00861111111,0.00528455285,0.00000000,0.0555555556,-0.108244008
02415763,120|120|120,9|27|30,1,0.116664588,-1.76190842,120.000000,0.00000000,22.0000000,0.174074074,0.592560039,0.502942626,0.450519902,0.424967229,0.355555556,0.638888889,22.0000000,0.288888889,0.0176388889,0.0150000000,0.0139566396,0.0166666667,0.0666666667,-0.142040137
02516473,120|120|120,24|21|27,1,-0.936532414,-1.37125907,120.000000,0.00000000,24.0000000,0.242129630,0.647808341,0.591306813,0.500895050,0.484801748,0.250000000,0.544444444,24.0000000,0.277777778,0.0363888889,0.0177777778,0.0177506775,0.0166666667,0.116666667,-0.146913291
02573164,120|120|120,44|36|35,1,-3.52566668,-1.83671887,120.000000,0.00000000,38.3333333,0.230324074,0.646354787,0.630681464,0.617164209,0.629265665,0.0888888889,0.244444444,38.3333333,0.427777778,0.0234722222,0.0216666667,0.0242547425,0.0277777778,0.0944444444,-0.0291905786
02647351,120|120|120,25|40|35,1,-2.68851459,-1.00528456,120.000000,0.00000000,33.3333333,0.387916667,0.636510539,0.544141436,0.568527391,0.583560649,0.144444444,0.344444444,33.3333333,0.383333333,0.0329166667,0.0616666667,0.0433604336,0.0277777778,0.133333333,-0.0679831480
02753641,120|120|120,31|27|19,1,-0.830176282,-0.605219961,120.000000,0.00000000,25.6666667,0.280416667,0.600512285,0.472544255,0.497249760,0.493198427,0.294444444,0.500000000,25.6666667,0.283333333,0.0511111111,0.0591666667,0.0676151762,0.0388888889,0.177777778,-0.103262526
02756431,120|120|120,24|29|27,1,-1.38344986,-0.442356361,120.000000,0.00000000,26.6666667,0.296990741,0.603035982,0.525510129,0.538419482,0.516922803,0.233333333,0.466666667,26.6666667,0.283333333,0.0615277778,0.0768055556,0.0753387534,0.0333333333,0.183333333,-0.0646164993
03142576,120|120|120,24|12|25,1,-0.0486765870,0.927357496,120.000000,0.00000000,20.3333333,0.466342593,0.614798882,0.471805376,0.433968471,0.430906622,0.322222222,0.627777778,20.3333333,0.194444444,0.0658333333,0.114583333,0.131300813,0.105555556,0.250000000,-0.180830411
03145276,120|120|120,24|19|17,1,0.0203231460,-0.963547074,120.000000,0.00000000,20.0000000,0.273750000,0.586006671,0.413954662,0.434177101,0.464505908,0.233333333,0.561111111,20.0000000,0.277777778,0.0230555556,0.0269444444,0.0598915989,0.0611111111,0.133333333,-0.151829570
03147265,120|120|120,26|30|14,1,-0.895758758,1.21440991,120.000000,0.00000000,23.3333333,0.460185185,0.624171936,0.513563827,0.453576620,0.461753453,0.305555556,0.555555556,23.3333333,0.327777778,0.0812500000,0.136805556,0.142682927,0.100000000,0.305555556,-0.170595316
03154276,120|120|120,30|7|21,1,0.0143434063,1.04729677,120.000000,0.00000000,19.3333333,0.467870370,0.615796616,0.487390046,0.419083307,0.417517044,0.333333333,0.594444444,19.3333333,0.200000000,0.0756944444,0.119166667,0.128048780,0.111111111,0.250000000,-0.196713308
03167254,120|120|120,20|20|20,1,-0.468319281,-0.420030236,120.000000,0.00000000,20.0000000,0.390833333,0.563249465,0.427959765,0.483279668,0.476905341,0.200000000,0.505555556,20.0000000,0.255555556,0.0375000000,0.0437500000,0.0761517615,0.0777777778,0.161111111,-0.0799697970
03264715,120|120|120,40|40|25,1,-3.37873274,-0.819061321,120.000000,0.00000000,35.0000000,0.308564815,0.637402724,0.604229461,0.608932273,0.608495361,0.0777777778,0.266666667,35.0000000,0.444444444,0.0598611111,0.0679166667,0.0509485095,0.0500000000,0.155555556,-0.0284704512
03274651,120|120|120,26|23|22,1,-0.943098618,-1.64487807,120.000000,0.00000000,23.6666667,0.191018519,0.601899707,0.518990881,0.509738160,0.511927705,0.177777778,0.455555556,23.6666667,0.283333333,0.0348611111,0.0131944444,0.00487804878,0.0166666667,0.100000000,-0.0921615468
03416572,120|120|120,40|37|27,1,-3.12688153,-1.02930720,120.000000,0.00000000,34.6666667,0.370416667,0.651609774,0.617749292,0.582047285,0.598459972,0.111111111,0.322222222,34.6666667,0.405555556,0.0543055556,0.0384722222,0.0341463415,0.0277777778,0.133333333,-0.0695624888
03475162,120|120|120,22|25|20,1,-0.275191077,-1.75861563,120.000000,0.00000000,22.3333333,0.168611111,0.610369354,0.529457722,0.478496107,0.456510503,0.322222222,0.555555556,22.3333333,0.272222222,0.0197222222,0.0104166667,0.0223577236,0.0111111111,0.0777777778,-0.131873247
03542716,120|120|120,19|21|17,1,0.478237148,1.72923259,120.000000,0.00000000,19.0000000,0.475416667,0.570538495,0.379442522,0.378852282,0.419585410,0.338888889,0.633333333,19.0000000,0.211111111,0.0934722222,0.164166667,0.156504065,0.144444444,0.283333333,-0.191686213
03641572,120|120|120,34|35|32,1,-3.27896295,-0.926292237,120.000000,0.00000000,33.6666667,0.331481481,0.630413283,0.617943549,0.614263188,0.597366312,0.0944444444,0.311111111,33.6666667,0.450000000,0.0518055556,0.0494444444,0.0497289973,0.0555555556,0.144444444,-0.0161500943
03647215,120|120|120,16|15|15,1,0.728256698,1.59104641,120.000000,0.00000000,15.3333333,0.469537037,0.564890201,0.392976541,0.392816901,0.390036555,0.311111111,0.694444444,15.3333333,0.205555556,0.0998611111,0.138333333,0.131436314,0.150000000,0.272222222,-0.172073299
03654712,120|120|120,17|20|15,1,0.651472238,-0.835046859,120.000000,0.00000000,17.3333333,0.223472222,0.636617777,0.566298690,0.447017342,0.371394514,0.438888889,0.727777778,17.3333333,0.183333333,0.0601388889,0.0423611111,0.0182926829,0.0111111111,0.150000000,-0.189600435
03675241,120|120|120,32|27|38,1,-2.57006714,-0.988534283,120.000000,0.00000000,32.3333333,0.261851852,0.641832609,0.608815767,0.575245190,0.564897640,0.183333333,0.383333333,32.3333333,0.411111111,0.0362500000,0.0731944444,0.0475609756,0.0444444444,0.161111111,-0.0665874193
03761245,120|120|120,44|41|40,1,-4.20949195,-0.877996117,120.000000,0.00000000,41.6666667,0.301250000,0.654433440,0.644069869,0.650157517,0.649192138,0.0833333333,0.233333333,41.6666667,0.472222222,0.0594444444,0.0518055556,0.0658536585,0.0555555556,0.172222222,-0.00427592289
04152637,120|120|120,46|28|39,1,-3.60665065,0.00628720136,120.000000,0.00000000,37.6666667,0.383518519,0.591518356,0.599158530,0.616456620,0.622959890,0.0944444444,0.255555556,37.6666667,0.422222222,0.0994444444,0.0925000000,0.0719512195,0.0388888889,0.250000000,0.0249382641
04167235,120|120|120,14|17|19,1,0.606087672,0.891729366,120.000000,0.00000000,16.6666667,0.415555556,0.482295813,0.397310554,0.419561969,0.416682303,0.300000000,0.627777778,16.6666667,0.200000000,0.0722222222,0.118055556,0.124525745,0.100000000,0.272222222,-0.0627338436
04253176,120|120|120,4|4|4,0,3.91401725,-1.21928422,120.000000,0.00000000,4.00000000,0.284212963,0.433341914,0.239970427,0.239919023,0.238185152,0.350000000,1.00000000,4.00000000,0.105555556,0.0265277778,0.00000000,0.00000000,0.00000000,0.0888888889,-0.193422892
04572136,120|120|120,17|19|15,1,1.07083668,1.51512962,120.000000,0.00000000,17.0000000,0.259768519,0.507655195,0.342803216,0.386182373,0.401503932,0.350000000,0.672222222,17.0000000,0.222222222,0.107500000,0.179722222,0.162737127,0.100000000,0.327777778,-0.121472823
04576213,120|120|120,32|24|25,1,-0.745068451,-0.800536536,120.000000,0.00000000,27.0000000,0.180138889,0.509173508,0.442541822,0.492047105,0.527192669,0.177777778,0.450000000,27.0000000,0.244444444,0.0509722222,0.0511111111,0.0773712737,0.0666666667,0.161111111,-0.0171264032
04652317,120|120|120,4|4|4,0,4.11013615,-1.39127101,120.000000,0.00000000,4.00000000,0.246759259,0.438679545,0.244412700,0.239334176,0.228665638,0.394444444,1.00000000,4.00000000,0.0722222222,0.0148611111,0.000138888889,0.00000000,0.00000000,0.0777777778,-0.199345368
04752316,120|120|120,16|18|15,1,1.35938889,0.838871862,120.000000,0.00000000,16.3333333,0.218518519,0.525089202,0.399362021,0.352144327,0.381058025,0.405555556,0.694444444,16.3333333,0.222222222,0.0801388889,0.118333333,0.154065041,0.122222222,0.255555556,-0.172944874
05143276,120|120|120,12|8|12,0,1.95361929,1.11422386,120.000000,0.00000000,10.6666667,0.405000000,0.516109391,0.370822365,0.334777638,0.335148415,0.388888889,0.766666667,10.6666667,0.127777778,0.0795833333,0.110416667,0.122493225,0.105555556,0.272222222,-0.181331753
05172436,120|120|120,27|34|24,1,-2.01031003,-1.31368930,120.000000,0.00000000,28.3333333,0.223518519,0.629829012,0.601541600,0.570287686,0.543078881,0.188888889,0.405555556,28.3333333,0.350000000,0.0391666667,0.0501388889,0.0294037940,0.0166666667,0.133333333,-0.0595413263
05241367,120|120|120,14|22|16,1,0.351947715,-0.0975730372,120.000000,0.00000000,17.3333333,0.243750000,0.572463424,0.437490938,0.444174320,0.433800516,0.238888889,0.611111111,17.3333333,0.216666667,0.0573611111,0.0861111111,0.0879403794,0.0777777778,0.194444444,-0.128289105
05274163,120|120|120,35|33|31,1,-2.75286557,-1.39819299,120.000000,0.00000000,33.0000000,0.252731481,0.608535758,0.572458647,0.602396284,0.590867529,0.111111111,0.322222222,33.0000000,0.388888889,0.0451388889,0.0363888889,0.0388888889,0.0222222222,0.111111111,-0.00613947374
05346712,120|120|120,13|31|21,1,-0.0495233548,-1.11361480,120.000000,0.00000000,21.6666667,0.284953704,0.553059213,0.460761373,0.464520075,0.436676296,0.338888889,0.583333333,21.6666667,0.272222222,0.0500000000,0.0231944444,0.0184281843,0.00555555556,0.138888889,-0.0885391382
05347261,120|120|120,28|34|32,1,-2.14179027,-0.207537189,120.000000,0.00000000,31.3333333,0.397314815,0.621529482,0.540101524,0.556470661,0.537415702,0.250000000,0.438888889,31.3333333,0.355555556,0.0683333333,0.0615277778,0.0623306233,0.0888888889,0.183333333,-0.0650588208
05472613,120|120|120,9|23|19,1,1.15401883,0.917691158,120.000000,0.00000000,17.0000000,0.170833333,0.496878230,0.345896667,0.406155321,0.403733510,0.283333333,0.683333333,17.0000000,0.183333333,0.0843055556,0.154027778,0.119512195,0.144444444,0.283333333,-0.0907229091
05473612,120|120|120,16|14|17,1,1.28293633,0.806389883,120.000000,0.00000000,15.6666667,0.159305556,0.512962499,0.323846252,0.395441355,0.400943095,0.300000000,0.672222222,15.6666667,0.205555556,0.0740277778,0.157777778,0.129403794,0.116666667,0.288888889,-0.117521145
05671324,120|120|120,20|20|14,1,0.964935655,1.17346494,120.000000,0.00000000,18.0000000,0.259768519,0.562459722,0.426296461,0.356864842,0.410446558,0.350000000,0.661111111,18.0000000,0.194444444,0.0840277778,0.102361111,0.169783198,0.172222222,0.277777778,-0.205594880
06147523,120|120|120,39|35|40,1,-3.60144635,-0.746419586,120.000000,0.00000000,38.0000000,0.400462963,0.609002124,0.591874766,0.601888631,0.623455059,0.0944444444,0.277777778,38.0000000,0.461111111,0.0583333333,0.0623611111,0.0397018970,0.0500000000,0.166666667,-0.00711349342
06472351,120|120|120,11|7|17,0,2.20452824,-1.83253836,120.000000,0.00000000,11.6666667,0.173240741,0.501249529,0.325826258,0.349622050,0.346797941,0.377777778,0.744444444,11.6666667,0.183333333,0.0111111111,0.00000000,0.000948509485,0.00000000,0.0555555556,-0.151627478
10246375,120|120|120,23|22|24,1,-1.16289549,5.57393187,120.000000,0.00000000,23.0000000,0.452083333,0.547358479,0.438626456,0.479923775,0.487934666,0.250000000,0.500000000,23.0000000,0.322222222,0.225138889,0.399444444,0.340650407,0.333333333,0.511111111,-0.0674347032
10253764,120|120|120,8|7|7,0,2.53159049,5.09980462,120.000000,0.00000000,7.33333333,0.466481481,0.509561102,0.351126228,0.283223922,0.256806104,0.377777778,0.938888889,7.33333333,0.111111111,0.167777778,0.282638889,0.342818428,0.344444444,0.494444444,-0.226337180
10273654,120|120|120,13|24|10,1,0.542675527,4.20938283,120.000000,0.00000000,15.6666667,0.301296296,0.551321879,0.407943450,0.424675010,0.406903407,0.305555556,0.650000000,15.6666667,0.200000000,0.138888889,0.328888889,0.329810298,0.277777778,0.488888889,-0.126646869
10276345,120|120|120,14|26|26,1,-0.899596845,4.44868942,120.000000,0.00000000,22.0000000,0.477916667,0.592500727,0.465132903,0.478747667,0.468913415,0.261111111,0.538888889,22.0000000,0.238888889,0.220555556,0.277500000,0.228319783,0.283333333,0.477777778,-0.113753060
10276435,120|120|120,23|20|21,1,-0.700696002,5.44236513,120.000000,0.00000000,21.3333333,0.385740741,0.531469475,0.412404215,0.461095149,0.471362234,0.244444444,0.533333333,21.3333333,0.300000000,0.228611111,0.404027778,0.333197832,0.294444444,0.533333333,-0.0703743260
10324765,120|120|120,35|33|35,1,-3.04746921,-1.64512410,120.000000,0.00000000,34.3333333,0.276018519,0.598731509,0.591117550,0.597741569,0.608195220,0.0944444444,0.266666667,34.3333333,0.422222222,0.0315277778,0.0209722222,0.0279132791,0.0333333333,0.0888888889,-0.000989940158
10376245,120|120|120,20|33|24,1,-1.15888856,-0.279714787,120.000000,0.00000000,25.6666667,0.249074074,0.549619763,0.455279799,0.521960410,0.529133781,0.133333333,0.433333333,25.6666667,0.277777778,0.0563888889,0.0393055556,0.100135501,0.116666667,0.211111111,-0.0276593531
10432576,120|120|120,4|4|4,0,3.38744399,-0.146099962,120.000000,0.00000000,4.00000000,0.474305556,0.573766007,0.321588583,0.257387072,0.222564813,0.466666667,1.00000000,4.00000000,0.0888888889,0.0556944444,0.0470833333,0.00663956640,0.00000000,0.155555556,-0.316378935
10463725,120|120|120,2|2|2,0,5.75539344,-0.945124593,120.000000,0.00000000,2.00000000,0.208333333,0.418109779,0.129761752,0.116620178,0.116620178,0.644444444,1.00000000,2.00000000,0.00000000,0.0394444444,0.000138888889,0.00000000,0.00000000,0.133333333,-0.301489601
10467352,120|120|120,24|30|31,1,-1.62809156,-1.16188814,120.000000,0.00000000,28.3333333,0.311435185,0.572967083,0.488222555,0.539192745,0.541125587,0.161111111,0.438888889,28.3333333,0.333333333,0.0395833333,0.0275000000,0.0266937669,0.0388888889,0.138888889,-0.0337743387
10472356,120|120|120,9|16|10,0,1.69307755,4.72218623,120.000000,0.00000000,11.6666667,0.372129630,0.567349930,0.401815631,0.351136710,0.315259301,0.461111111,0.794444444,11.6666667,0.122222222,0.206111111,0.376388889,0.264634146,0.177777778,0.511111111,-0.216213219
10476325,120|120|120,38|19|33,1,-2.66878988,2.39191301,120.000000,0.00000000,30.0000000,0.394444444,0.608431662,0.569133077,0.568283435,0.555609960,0.166666667,0.377777778,30.0000000,0.416666667,0.155833333,0.174861111,0.202845528,0.183333333,0.388888889,-0.0401482269
10562347,120|120|120,24|21|23,1,-1.05707498,4.60313708,120.000000,0.00000000,22.6666667,0.450972222,0.557033871,0.433421135,0.484092606,0.485420562,0.211111111,0.516666667,22.6666667,0.288888889,0.196111111,0.352222222,0.287262873,0.227777778,0.516666667,-0.0729412648
10563742,120|120|120,32|16|28,1,-1.65137699,2.94524612,120.000000,0.00000000,25.3333333,0.395416667,0.561635324,0.480340851,0.527719408,0.520076394,0.161111111,0.438888889,25.3333333,0.322222222,0.143194444,0.318055556,0.177913279,0.150000000,0.444444444,-0.0339159162
10573246,120|120|120,22|24|27,1,-1.08596995,3.10202503,120.000000,0.00000000,24.3333333,0.301157407,0.576279249,0.473105475,0.503945603,0.505459255,0.188888889,0.488888889,24.3333333,0.250000000,0.171527778,0.214305556,0.227100271,0.250000000,0.416666667,-0.0723336456
10573426,120|120|120,26|26|26,1,-1.89521013,2.77451804,120.000000,0.00000000,26.0000000,0.355972222,0.588858725,0.531985095,0.536722773,0.537702321,0.161111111,0.388888889,26.0000000,0.316666667,0.149166667,0.207083333,0.230352304,0.205555556,0.422222222,-0.0521359521
10576234,120|120|120,35|18|28,1,-1.83935015,3.11673990,120.000000,0.00000000,27.0000000,0.383518519,0.594599752,0.523155676,0.514405536,0.540322010,0.150000000,0.405555556,27.0000000,0.294444444,0.158055556,0.218750000,0.224254743,0.227777778,0.455555556,-0.0801942152
10623475,120|120|120,33|23|19,1,-1.31220468,0.0753047284,120.000000,0.00000000,25.0000000,0.373703704,0.561428677,0.492658351,0.516656452,0.525378805,0.144444444,0.427777778,25.0000000,0.261111111,0.0577777778,0.0387500000,0.0933604336,0.150000000,0.216666667,-0.0447722246
10623547,120|120|120,34|26|26,1,-1.96513867,0.0735790491,120.000000,0.00000000,28.6666667,0.392592593,0.609070200,0.538694277,0.549635050,0.547955589,0.183333333,0.411111111,28.6666667,0.305555556,0.0379166667,0.0773611111,0.123170732,0.116666667,0.222222222,-0.0594351499
10623754,120|120|120,18|30|29,1,-1.12474996,-0.620724033,120.000000,0.00000000,25.6666667,0.297175926,0.596221627,0.508399344,0.510991599,0.512611622,0.222222222,0.461111111,25.6666667,0.266666667,0.0668055556,0.0450000000,0.0415989160,0.0555555556,0.161111111,-0.0852300286
10634275,120|120|120,9|18|8,0,1.73260545,2.25285250,120.000000,0.00000000,11.6666667,0.500462963,0.625759633,0.383419395,0.304286573,0.314804577,0.372222222,0.844444444,11.6666667,0.161111111,0.0615277778,0.180138889,0.192682927,0.172222222,0.355555556,-0.321473060
10634527,120|120|120,16|20|15,1,-0.460012470,0.822856231,120.000000,0.00000000,17.0000000,0.364305556,0.598192140,0.472198454,0.449577357,0.468455307,0.138888889,0.466666667,17.0000000,0.266666667,0.0756944444,0.128472222,0.111653117,0.133333333,0.244444444,-0.148614783
10645237,120|120|120,11|23|9,0,1.89050884,-1.61337458,120.000000,0.00000000,14.3333333,0.157361111,0.514789123,0.378392856,0.380044771,0.355549823,0.438888889,0.711111111,14.3333333,0.150000000,0.0208333333,0.0150000000,0.00609756098,0.00000000,0.0944444444,-0.134744352
10647352,120|120|120,8|22|26,1,1.20706567,-1.06889882,120.000000,0.00000000,18.6666667,0.358611111,0.538336235,0.368087391,0.374380731,0.362919842,0.461111111,0.705555556,18.6666667,0.227777778,0.0263888889,0.0100000000,0.0336043360,0.0277777778,0.100000000,-0.163955504
10653742,120|120|120,30|18|24,1,-1.39301053,2.64500843,120.000000,0.00000000,24.0000000,0.435138889,0.571704082,0.488795892,0.505180766,0.508839721,0.172222222,0.466666667,24.0000000,0.300000000,0.0913888889,0.178055556,0.226558266,0.294444444,0.411111111,-0.0665233154
10675324,120|120|120,1|2|7,0,4.35514629,1.18355722,120.000000,0.00000000,3.33333333,0.362175926,0.577735808,0.365658290,0.203547033,0.0987587447,0.800000000,0.961111111,3.33333333,0.0444444444,0.0770833333,0.0958333333,0.0849593496,0.105555556,0.288888889,-0.374188774
12037564,120|120|120,28|26|34,1,-2.40947765,0.0700248503,120.000000,0.00000000,29.3333333,0.413472222,0.622763154,0.568098632,0.548987343,0.570995361,0.116666667,0.338888889,29.3333333,0.338888889,0.0551388889,0.0831944444,0.101084011,0.111111111,0.200000000,-0.0737758115
12045673,120|120|120,29|18|34,1,-1.22874312,-1.89206210,120.000000,0.00000000,27.0000000,0.208750000,0.548387654,0.491616156,0.530079142,0.526582943,0.177777778,0.455555556,27.0000000,0.327777778,0.0163888889,0.00375000000,0.0139566396,0.0166666667,0.0888888889,-0.0183085118
12054763,120|120|120,37|45|44,1,-4.36979335,-0.379413736,120.000000,0.00000000,42.0000000,0.334675926,0.657346301,0.648660323,0.641368953,0.647959890,0.0722222222,0.238888889,42.0000000,0.511111111,0.0886111111,0.0634722222,0.0731707317,0.0666666667,0.205555556,-0.0159773482
12064735,120|120|120,22|18|26,1,-0.576749138,1.23041905,120.000000,0.00000000,22.0000000,0.213333333,0.571888407,0.501451517,0.471295548,0.492373616,0.177777778,0.500000000,22.0000000,0.233333333,0.104166667,0.185000000,0.158130081,0.0777777778,0.338888889,-0.100592859
12076354,120|120|120,35|41|42,1,-3.89948659,-1.55387235,120.000000,0.00000000,39.3333333,0.253935185,0.641032521,0.602959551,0.647710367,0.635390539,0.0777777778,0.244444444,39.3333333,0.500000000,0.0477777778,0.0170833333,0.0252032520,0.0333333333,0.127777778,0.00667784572
12305674,74|40|29,1|1|1,0,9.04755023,-1.93674972,47.6666667,45.0000000,1.00000000,0.0616666667,0.417594818,0.0381525957,-0.00000000,-0.00000000,1.00000000,1.00000000,1.00000000,0.00000000,0.0134722222,0.000277777778,0.00000000,0.00000000,0.0666666667,-0.417594818
12345670,47|41|44,1|1|1,0,8.56890170,-1.95699159,44.0000000,6.00000000,1.00000000,0.0500000000,0.428785731,0.0296653398,-0.00000000,-0.00000000,1.00000000,1.00000000,1.00000000,0.00000000,0.00708333333,0.00000000,0.00000000,0.00000000,0.0555555556,-0.428785731
12463507,120|120|120,27|4|9,0,1.77639044,0.762489014,120.000000,0.00000000,13.3333333,0.202731481,0.564108668,0.436830247,0.356504004,0.322587370,0.455555556,0.788888889,13.3333333,0.188888889,0.0806944444,0.119027778,0.138888889,0.111111111,0.238888889,-0.207604663
12465307,120|120|120,31|19|29,1,-1.50480469,-1.39810189,120.000000,0.00000000,26.3333333,0.209444444,0.640929639,0.611203689,0.546699710,0.512993971,0.222222222,0.483333333,26.3333333,0.311111111,0.0215277778,0.0158333333,0.0481029810,0.0444444444,0.127777778,-0.0942299283
12536470,120|120|120,34|27|24,1,-1.32609459,-1.98274293,120.000000,0.00000000,28.3333333,0.197592593,0.580770415,0.502025297,0.512898200,0.530021533,0.233333333,0.444444444,28.3333333,0.372222222,0.0193055556,0.00291666667,0.0120596206,0.0111111111,0.0666666667,-0.0678722152
12537406,120|120|120,35|27|23,1,-1.96184947,-0.936583029,120.000000,0.00000000,28.3333333,0.322222222,0.624295538,0.567880778,0.553817740,0.534785715,0.188888889,0.438888889,28.3333333,0.355555556,0.0619444444,0.0358333333,0.0317073171,0.0277777778,0.138888889,-0.0704777983
12540367,120|120|120,30|34|24,1,-2.09284973,-0.572803377,120.000000,0.00000000,29.3333333,0.234537037,0.620327927,0.575674340,0.559829170,0.552071081,0.172222222,0.405555556,29.3333333,0.372222222,0.0484722222,0.0737500000,0.0753387534,0.100000000,0.166666667,-0.0604987568
12564073,120|120|120,18|21|13,1,0.785407408,-1.50844363,120.000000,0.00000000,17.3333333,0.180925926,0.598604375,0.416878488,0.421518316,0.415005476,0.294444444,0.650000000,17.3333333,0.211111111,0.0341666667,0.00902777778,0.00826558266,0.00000000,0.105555556,-0.177086059
12645730,120|102|120,15|1|8,0,4.28801199,-1.60488669,114.000000,18.0000000,8.00000000,0.107222222,0.553652680,0.362298470,0.263142214,0.170422116,0.705555556,0.911111111,8.00000000,0.0722222222,0.0113888889,0.00263888889,0.0119241192,0.0111111111,0.0833333333,-0.290510466
12703645,120|120|120,24|23|26,1,-1.66083814,-0.213180303,120.000000,0.00000000,24.3333333,0.396990741,0.581318016,0.522662584,0.548145262,0.520760270,0.150000000,0.438888889,24.3333333,0.333333333,0.0620833333,0.0488888889,0.0472899729,0.105555556,0.200000000,-0.0331727531
12704563,120|120|120,40|48|31,1,-4.12055201,-0.705752727,120.000000,0.00000000,39.6666667,0.369629630,0.638171056,0.615553015,0.631756733,0.639994144,0.0722222222,0.222222222,39.6666667,0.505555556,0.0730555556,0.0504166667,0.0467479675,0.0500000000,0.183333333,-0.00641432290
12754063,120|120|120,34|33|23,1,-2.47908736,-0.906814972,120.000000,0.00000000,30.0000000,0.293935185,0.659710238,0.630006636,0.594795684,0.534557071,0.233333333,0.444444444,30.0000000,0.427777778,0.0455555556,0.0476388889,0.0542005420,0.0444444444,0.161111111,-0.0649145537
13027654,120|120|120,5|7|13,0,2.89764852,-1.44543074,120.000000,0.00000000,8.33333333,0.213981481,0.558562723,0.425196760,0.324292848,0.252778397,0.472222222,0.900000000,8.33333333,0.0777777778,0.0252777778,0.00138888889,0.00000000,0.00000000,0.0666666667,-0.234269875
13065742,120|120|120,36|30|39,1,-3.08314001,1.37809545,120.000000,0.00000000,35.0000000,0.315648148,0.642877866,0.595553856,0.562249623,0.598905520,0.111111111,0.327777778,35.0000000,0.422222222,0.0752777778,0.182500000,0.188617886,0.138888889,0.388888889,-0.0806282429
13072564,120|120|120,8|32|12,1,-0.152397832,-0.166621530,120.000000,0.00000000,17.3333333,0.422685185,0.633643439,0.563609609,0.458328240,0.390978308,0.333333333,0.694444444,17.3333333,0.294444444,0.0841666667,0.0458333333,0.0436314363,0.0111111111,0.177777778,-0.175315199
13246750,120|120|120,28|30|42,1,-3.26100596,-0.950105081,120.000000,0.00000000,33.3333333,0.289444444,0.653387977,0.643438838,0.618316436,0.592762707,0.105555556,0.316666667,33.3333333,0.444444444,0.0372222222,0.0644444444,0.0659891599,0.0444444444,0.166666667,-0.0350715414
13256704,120|120|120,38|33|28,1,-2.94990312,2.48620184,120.000000,0.00000000,33.0000000,0.403657407,0.657577110,0.612758455,0.554069724,0.581609512,0.138888889,0.333333333,33.0000000,0.366666667,0.0847222222,0.181388889,0.285636856,0.255555556,0.405555556,-0.103507385
13257604,120|120|120,22|29|23,1,-1.81250435,1.36469832,120.000000,0.00000000,24.6666667,0.431712963,0.635575223,0.573116608,0.533392564,0.515459764,0.161111111,0.466666667,24.6666667,0.311111111,0.116388889,0.122638889,0.0892953930,0.194444444,0.283333333,-0.102182659
13264075,120|120|120,23|23|7,1,0.449024505,6.73417526,120.000000,0.00000000,17.6666667,0.343055556,0.636763699,0.508718043,0.402097774,0.359740537,0.483333333,0.711111111,17.6666667,0.200000000,0.115277778,0.347222222,0.534010840,0.605555556,0.683333333,-0.234665925
13275460,120|120|120,24|20|10,1,0.118360196,-1.90473853,120.000000,0.00000000,18.0000000,0.184537037,0.607990686,0.544886187,0.464099586,0.430437859,0.283333333,0.611111111,18.0000000,0.250000000,0.0154166667,0.00138888889,0.00149051491,0.00000000,0.0611111111,-0.143891099
13526407,120|120|120,25|36|28,1,-1.97831497,-1.13809973,120.000000,0.00000000,29.6666667,0.298101852,0.652775138,0.604327586,0.557837990,0.528449586,0.233333333,0.444444444,29.6666667,0.327777778,0.0286111111,0.0345833333,0.0384823848,0.0444444444,0.144444444,-0.0949371488
13546270,120|120|120,33|20|32,1,-1.80091783,-0.339680374,120.000000,0.00000000,28.3333333,0.276620370,0.640415575,0.576202212,0.527401570,0.530123994,0.205555556,0.438888889,28.3333333,0.350000000,0.0433333333,0.0651388889,0.0830623306,0.127777778,0.183333333,-0.113014005
13642507,120|120|120,22|18|5,1,0.945672001,0.00591806000,120.000000,0.00000000,15.0000000,0.229305556,0.617154727,0.497330335,0.396131688,0.365589662,0.388888889,0.716666667,15.0000000,0.238888889,0.0418055556,0.0754166667,0.106368564,0.0944444444,0.216666667,-0.221023040
13650427,120|120|120,26|34|29,1,-2.13410429,3.53620036,120.000000,0.00000000,29.6666667,0.391018519,0.635246059,0.553435719,0.513463450,0.544597258,0.205555556,0.411111111,29.6666667,0.333333333,0.0968055556,0.281527778,0.346341463,0.272222222,0.466666667,-0.121782609
13672540,120|120|120,30|26|40,1,-2.56106625,-1.71846932,120.000000,0.00000000,32.0000000,0.271388889,0.629151771,0.592294793,0.588065883,0.573579174,0.144444444,0.372222222,32.0000000,0.388888889,0.0262500000,0.0161111111,0.0135501355,0.0277777778,0.0833333333,-0.0410858883
13674502,120|120|120,25|32|12,1,-0.212786723,-1.63706139,120.000000,0.00000000,23.0000000,0.154907407,0.624159457,0.513057576,0.472997446,0.432471249,0.344444444,0.616666667,23.0000000,0.316666667,0.0305555556,0.0144444444,0.0180216802,0.0111111111,0.0944444444,-0.151162010
13706425,120|120|120,36|37|41,1,-3.68756283,-0.140147261,120.000000,0.00000000,38.0000000,0.313287037,0.645912120,0.620060276,0.625441593,0.629310756,0.0888888889,0.250000000,38.0000000,0.416666667,0.0633333333,0.0804166667,0.0823848238,0.122222222,0.238888889,-0.0204705269
13706452,120|120|120,43|33|30,1,-3.18885344,-0.993045226,120.000000,0.00000000,35.3333333,0.315648148,0.649628054,0.621708525,0.619516536,0.596046774,0.133333333,0.338888889,35.3333333,0.394444444,0.0458333333,0.0355555556,0.0468834688,0.0666666667,0.150000000,-0.0301115185
14035672,120|120|120,18|31|25,1,-0.852282332,-1.93311291,120.000000,0.00000000,24.6666667,0.166064815,0.575954206,0.456520567,0.495840469,0.516076433,0.166666667,0.461111111,24.6666667,0.333333333,0.0156944444,0.0156944444,0.00907859079,0.0111111111,0.0777777778,-0.0801137364
14067325,120|120|120,1|1|1,0,6.89413404,-0.409645841,120.000000,0.00000000,1.00000000,0.466111111,0.413354774,0.0163663293,-0.00000000,-0.00000000,1.00000000,1.00000000,1.00000000,0.00000000,0.0397222222,0.000694444444,0.00000000,0.00000000,0.116666667,-0.413354774
14237560,120|120|120,16|18|18,1,-0.455027316,-0.563972850,120.000000,0.00000000,17.3333333,0.429074074,0.606280244,0.476364647,0.464895902,0.461004459,0.177777778,0.516666667,17.3333333,0.272222222,0.0345833333,0.0409722222,0.0586720867,0.0500000000,0.138888889,-0.141384342
14237605,120|120|120,27|34|17,1,-1.38175685,3.12887459,120.000000,0.00000000,26.0000000,0.418935185,0.643305080,0.584086404,0.485328054,0.483195718,0.316666667,0.533333333,26.0000000,0.300000000,0.0730555556,0.176388889,0.306910569,0.344444444,0.455555556,-0.157977026
14263507,120|120|120,16|17|26,1,0.0362469152,0.551573512,120.000000,0.00000000,19.6666667,0.211527778,0.570409863,0.488432379,0.439813942,0.442631846,0.261111111,0.605555556,19.6666667,0.266666667,0.0765277778,0.0962500000,0.138753388,0.133333333,0.250000000,-0.130595921
14302657,120|120|120,18|22|18,1,0.702942928,-1.52281177,120.000000,0.00000000,19.3333333,0.204259259,0.538037104,0.342124607,0.395107522,0.458560486,0.238888889,0.561111111,19.3333333,0.222222222,0.0375000000,0.00347222222,0.00569105691,0.00000000,0.111111111,-0.142929581
14307562,120|120|120,7|6|7,0,3.62779324,-1.30727787,120.000000,0.00000000,6.66666667,0.196342593,0.536125800,0.288704276,0.258024894,0.243127960,0.455555556,0.950000000,6.66666667,0.100000000,0.0279166667,0.00263888889,0.00176151762,0.00000000,0.0944444444,-0.278100906
14326750,120|120|120,31|24|29,1,-1.39967355,-1.90985820,120.000000,0.00000000,28.0000000,0.203472222,0.601615873,0.516504586,0.534811000,0.523418353,0.205555556,0.472222222,28.0000000,0.344444444,0.0220833333,0.00666666667,0.0105691057,0.00555555556,0.0777777778,-0.0668048729
14357026,120|120|120,13|13|17,1,0.730823125,1.07868695,120.000000,0.00000000,14.3333333,0.433379630,0.572520916,0.518365414,0.433925460,0.353830002,0.405555556,0.744444444,14.3333333,0.172222222,0.111805556,0.0870833333,0.0814363144,0.105555556,0.272222222,-0.138595457
14362057,120|120|120,25|23|10,1,0.353313033,-1.66048839,120.000000,0.00000000,19.3333333,0.275000000,0.546225168,0.428376885,0.418652528,0.442099533,0.250000000,0.600000000,19.3333333,0.255555556,0.0145833333,0.00680555556,0.0107046070,0.0111111111,0.0666666667,-0.127572641
14520736,120|120|120,23|36|36,1,-2.06074271,-0.733655423,120.000000,0.00000000,31.6666667,0.196296296,0.569702103,0.492042126,0.576940800,0.566439106,0.138888889,0.394444444,31.6666667,0.355555556,0.0783333333,0.0431944444,0.0418699187,0.0833333333,0.177777778,0.00723869781
14530672,120|120|120,9|31|21,1,-0.911155017,-1.22506489,120.000000,0.00000000,20.3333333,0.234444444,0.630631912,0.581717933,0.529352130,0.474999141,0.172222222,0.505555556,20.3333333,0.261111111,0.0455555556,0.0315277778,0.0207317073,0.0166666667,0.122222222,-0.101279781
14530726,120|120|120,33|40|44,1,-3.66488220,-0.552596066,120.000000,0.00000000,39.0000000,0.339814815,0.621219520,0.603129344,0.603791111,0.630785029,0.0833333333,0.261111111,39.0000000,0.450000000,0.0662500000,0.0830555556,0.0700542005,0.0611111111,0.166666667,-0.0174284094
14570632,120|120|120,31|25|21,1,-1.03568825,-1.86502169,120.000000,0.00000000,25.6666667,0.166388889,0.547906826,0.522800226,0.531232606,0.514689701,0.200000000,0.472222222,25.6666667,0.300000000,0.0244444444,0.0152777778,0.0192411924,0.00000000,0.0888888889,-0.0166742191
14572306,120|120|120,26|14|27,1,-0.101419672,2.34901924,120.000000,0.00000000,22.3333333,0.243703704,0.575929940,0.423310806,0.431724725,0.448642955,0.244444444,0.611111111,22.3333333,0.261111111,0.106666667,0.200277778,0.251355014,0.227777778,0.355555556,-0.144205215
14625730,120|120|120,22|24|37,1,-0.873032217,-2.04870879,120.000000,0.00000000,27.6666667,0.157500000,0.551629010,0.493042394,0.511880366,0.517494506,0.211111111,0.488888889,27.6666667,0.266666667,0.0130555556,0.00388888889,0.00894308943,0.0222222222,0.0611111111,-0.0397486439
14650723,120|120|120,19|20|23,1,-1.09300853,-0.422358714,120.000000,0.00000000,20.6666667,0.312685185,0.600033704,0.577866043,0.521114197,0.497507532,0.161111111,0.455555556,20.6666667,0.255555556,0.0590277778,0.0506944444,0.0635501355,0.0722222222,0.172222222,-0.0789195073
14657320,120|120|120,1|2|1,0,6.72967700,-0.416432998,120.000000,0.00000000,1.33333333,0.476157407,0.383807099,0.0302251353,0.0172423688,0.0172423688,0.972222222,1.00000000,1.33333333,0.00000000,0.0387500000,0.00152777778,0.00000000,0.00000000,0.122222222,-0.366564730
14670325,120|120|120,22|24|17,1,-0.716944980,-1.76922566,120.000000,0.00000000,21.0000000,0.179305556,0.584238413,0.538217678,0.515851297,0.487741320,0.194444444,0.477777778,21.0000000,0.283333333,0.0263888889,0.0144444444,0.00934959350,0.00000000,0.0944444444,-0.0683871160
14670352,120|120|120,34|26|27,1,-2.04580922,-2.10402636,120.000000,0.00000000,29.0000000,0.181759259,0.616828270,0.591089594,0.577259016,0.561262019,0.127777778,0.372222222,29.0000000,0.327777778,0.0137500000,0.0111111111,0.0102981030,0.00555555556,0.0611111111,-0.0395692538
14670523,120|120|120,11|11|10,0,2.35008805,-1.44126920,120.000000,0.00000000,10.6666667,0.0741666667,0.544377785,0.380378416,0.327596482,0.343614087,0.350000000,0.738888889,10.6666667,0.144444444,0.0154166667,0.0348611111,0.00989159892,0.0277777778,0.122222222,-0.216781303
14705263,120|120|120,28|17|33,1,-0.653828387,-1.38326581,120.000000,0.00000000,26.0000000,0.189166667,0.564394240,0.430376478,0.460709314,0.510245591,0.216666667,0.477777778,26.0000000,0.327777778,0.0500000000,0.0136111111,0.0134146341,0.0333333333,0.122222222,-0.103684926
14752306,120|120|120,22|20|21,1,-0.498043236,1.76684921,120.000000,0.00000000,21.0000000,0.226944444,0.579276602,0.488872503,0.467086852,0.473591366,0.205555556,0.544444444,21.0000000,0.272222222,0.148472222,0.149861111,0.160704607,0.161111111,0.333333333,-0.112189751
15024367,120|120|120,43|42|37,1,-4.03002473,-1.48412250,120.000000,0.00000000,40.6666667,0.230879630,0.642395453,0.614077806,0.635367092,0.646598154,0.0722222222,0.216666667,40.6666667,0.522222222,0.0376388889,0.0487500000,0.0352303523,0.0500000000,0.122222222,-0.00702836108
15062437,120|120|120,17|22|20,1,-0.514180644,5.75791617,120.000000,0.00000000,19.6666667,0.374259259,0.550968977,0.441162335,0.449991833,0.466525189,0.233333333,0.538888889,19.6666667,0.250000000,0.199305556,0.397638889,0.397425474,0.344444444,0.577777778,-0.100977144
15063472,120|120|99,13|12|1,0,4.14529529,1.95248631,113.000000,21.0000000,8.66666667,0.240046296,0.563621837,0.387235393,0.185173715,0.180530224,0.722222222,0.900000000,8.66666667,0.100000000,0.126527778,0.200972222,0.125474255,0.116666667,0.333333333,-0.378448123
15236047,120|120|120,32|40|35,1,-3.50565458,-1.20799518,120.000000,0.00000000,35.6666667,0.285231481,0.660990106,0.627642962,0.623005320,0.607122505,0.0944444444,0.316666667,35.6666667,0.483333333,0.0447222222,0.0345833333,0.0479674797,0.0444444444,0.138888889,-0.0379847858
15264703,120|120|120,37|6|12,1,0.449930658,-0.564619558,120.000000,0.00000000,18.3333333,0.214027778,0.619570695,0.549509550,0.437591424,0.364505705,0.438888889,0.688888889,18.3333333,0.272222222,0.0676388889,0.0613888889,0.0295392954,0.0277777778,0.183333333,-0.181979270
15267430,120|120|120,14|18|32,1,-0.664315999,4.17649703,120.000000,0.00000000,21.3333333,0.376666667,0.573623420,0.421628349,0.447492471,0.486471593,0.161111111,0.505555556,21.3333333,0.244444444,0.143333333,0.376388889,0.311111111,0.166666667,0.550000000,-0.126130948
15276034,120|120|120,28|27|29,1,-1.77145433,-0.318806446,120.000000,0.00000000,28.0000000,0.227175926,0.637100256,0.546714070,0.545536864,0.539297969,0.166666667,0.433333333,28.0000000,0.327777778,0.0713888889,0.0712500000,0.0704607046,0.0777777778,0.211111111,-0.0915633918
15307426,120|120|120,33|23|34,1,-2.45479734,1.97018802,120.000000,0.00000000,30.0000000,0.474583333,0.577207212,0.533132668,0.557857949,0.558708328,0.144444444,0.388888889,30.0000000,0.350000000,0.151527778,0.186944444,0.130894309,0.133333333,0.338888889,-0.0193492635
15327604,120|120|120,7|8|6,0,3.39308321,2.31632836,120.000000,0.00000000,7.00000000,0.223981481,0.552028853,0.382444616,0.260894796,0.206928979,0.627777778,0.933333333,7.00000000,0.111111111,0.101111111,0.165277778,0.245663957,0.161111111,0.366666667,-0.291134057
15370642,120|120|120,38|39|42,1,-3.64755284,-1.01931936,120.000000,0.00000000,39.6666667,0.241388889,0.640888820,0.621166030,0.617652880,0.638334172,0.0888888889,0.238888889,39.6666667,0.422222222,0.0427777778,0.0736111111,0.0355013550,0.0611111111,0.188888889,-0.0232359400
15372604,120|120|120,33|32|40,1,-3.36768543,-0.493527469,120.000000,0.00000000,35.0000000,0.338194444,0.653694141,0.609930953,0.619738677,0.612798824,0.100000000,0.261111111,35.0000000,0.388888889,0.0429166667,0.0541666667,0.0844173442,0.122222222,0.177777778,-0.0339554640
15420637,120|120|120,33|29|22,1,-1.75129638,-1.73464587,120.000000,0.00000000,28.0000000,0.225370370,0.635425210,0.553226384,0.527026602,0.543940650,0.161111111,0.400000000,28.0000000,0.361111111,0.0286111111,0.00527777778,0.00826558266,0.0166666667,0.100000000,-0.108398608
15423706,120|120|120,41|31|36,1,-3.06088790,0.310507328,120.000000,0.00000000,36.0000000,0.278055556,0.589869937,0.572330642,0.585246848,0.605491707,0.105555556,0.322222222,36.0000000,0.422222222,0.103333333,0.123055556,0.104607046,0.0500000000,0.288888889,-0.00462308898
15473206,120|120|120,26|19|34,1,-1.48555379,-0.154524607,120.000000,0.00000000,26.3333333,0.190833333,0.599870539,0.508245473,0.545994597,0.531135135,0.150000000,0.433333333,26.3333333,0.316666667,0.0504166667,0.0809722222,0.114363144,0.127777778,0.216666667,-0.0538759428
15627304,120|120|120,19|26|20,1,-0.369425221,1.40163029,120.000000,0.00000000,21.6666667,0.318564815,0.565982047,0.432119995,0.453558249,0.478817222,0.200000000,0.538888889,21.6666667,0.233333333,0.116944444,0.183472222,0.127913279,0.0944444444,0.311111111,-0.112423798
15640723,120|118|120,17|2|12,0,3.08786864,-0.419645117,119.333333,2.00000000,10.3333333,0.195879630,0.587306580,0.406467824,0.271069620,0.228206223,0.655555556,0.794444444,10.3333333,0.111111111,0.0615277778,0.0554166667,0.0443089431,0.0333333333,0.150000000,-0.316236960
15643270,120|120|120,1|1|1,0,6.82910427,-0.405896250,120.000000,0.00000000,1.00000000,0.454398148,0.457138885,0.0261164475,-0.00000000,-0.00000000,1.00000000,1.00000000,1.00000000,0.00000000,0.0386111111,0.00263888889,0.00000000,0.00000000,0.116666667,-0.457138885
15674203,120|120|120,22|31|25,1,-1.10122915,-1.49169998,120.000000,0.00000000,26.0000000,0.138796296,0.596486240,0.506877883,0.517135222,0.520745299,0.216666667,0.438888889,26.0000000,0.322222222,0.0551388889,0.00708333333,0.00650406504,0.0111111111,0.155555556,-0.0793510181
15702346,120|120|120,27|21|33,1,-1.86703953,3.99737564,120.000000,0.00000000,27.0000000,0.430972222,0.606294188,0.502129809,0.508242821,0.520367426,0.216666667,0.450000000,27.0000000,0.355555556,0.212500000,0.307777778,0.222628726,0.194444444,0.488888889,-0.0980513673
15704263,120|120|120,35|26|41,1,-3.22107553,0.633771430,120.000000,0.00000000,34.0000000,0.360879630,0.629351911,0.607266509,0.599959147,0.597113167,0.116666667,0.305555556,34.0000000,0.411111111,0.0901388889,0.103611111,0.122086721,0.150000000,0.261111111,-0.0293927647
15720364,120|120|120,24|32|19,1,-1.52069185,2.38100162,120.000000,0.00000000,25.0000000,0.311759259,0.551270501,0.465168076,0.552531405,0.514064907,0.161111111,0.483333333,25.0000000,0.333333333,0.142361111,0.259722222,0.156097561,0.138888889,0.433333333,0.00126090418
15726304,120|120|120,15|28|28,1,-0.726143920,0.402431386,120.000000,0.00000000,23.6666667,0.293379630,0.588791472,0.461215241,0.493710752,0.473769436,0.227777778,0.550000000,23.6666667,0.283333333,0.103888889,0.118750000,0.0630081301,0.0500000000,0.266666667,-0.0950807205
15743602,120|120|120,8|8|6,0,2.93573981,1.13254458,120.000000,0.00000000,7.33333333,0.130138889,0.553829442,0.421327357,0.320830366,0.259336303,0.516666667,0.894444444,7.33333333,0.100000000,0.0820833333,0.130277778,0.165989160,0.111111111,0.305555556,-0.232999076
15760243,120|120|120,21|23|24,1,-0.724327630,5.97670823,120.000000,0.00000000,22.6666667,0.343564815,0.609027141,0.469856404,0.452129150,0.464350673,0.261111111,0.594444444,22.6666667,0.277777778,0.109444444,0.422083333,0.477913279,0.455555556,0.644444444,-0.156897991
16027354,120|120|120,15|21|11,1,0.745109983,-0.652475908,120.000000,0.00000000,15.6666667,0.321064815,0.592371714,0.519365424,0.440423309,0.374626854,0.416666667,0.700000000,15.6666667,0.177777778,0.0448611111,0.0334722222,0.0554200542,0.0277777778,0.144444444,-0.151948405
16037524,120|120|120,4|4|4,0,3.69530828,-0.570103587,120.000000,0.00000000,4.00000000,0.488611111,0.527577754,0.313045302,0.229529726,0.205854792,0.483333333,1.00000000,4.00000000,0.0722222222,0.0356944444,0.0145833333,0.00149051491,0.00000000,0.111111111,-0.298048028
16057243,120|120|120,29|28|26,1,-1.69644499,6.62378359,120.000000,0.00000000,27.6666667,0.440648148,0.563528416,0.396208155,0.494152574,0.529668033,0.183333333,0.466666667,27.6666667,0.327777778,0.251666667,0.534027778,0.358672087,0.272222222,0.677777778,-0.0693758413
16057342,120|120|120,17|20|29,1,-0.607459714,4.16669380,120.000000,0.00000000,22.0000000,0.322592593,0.571524970,0.442618567,0.460002352,0.475680009,0.216666667,0.544444444,22.0000000,0.250000000,0.193472222,0.299166667,0.266124661,0.311111111,0.438888889,-0.111522618
16234570,120|120|120,18|18|16,1,-0.489952084,-0.669468318,120.000000,0.00000000,17.3333333,0.418518519,0.615637707,0.497409239,0.467313812,0.461228660,0.172222222,0.505555556,17.3333333,0.255555556,0.0420833333,0.0434722222,0.0495934959,0.0222222222,0.127777778,-0.148323895
16247053,120|120|120,20|19|19,1,0.575014016,-1.18898886,120.000000,0.00000000,19.3333333,0.305138889,0.534817751,0.353618214,0.412840405,0.451632229,0.272222222,0.566666667,19.3333333,0.200000000,0.0288888889,0.0220833333,0.0314363144,0.0333333333,0.0888888889,-0.121977346
16274035,120|120|120,14|6|13,0,2.52908239,5.67959136,120.000000,0.00000000,11.0000000,0.242546296,0.492343321,0.253576115,0.282711937,0.303919387,0.394444444,0.861111111,11.0000000,0.155555556,0.173750000,0.383333333,0.394715447,0.377777778,0.583333333,-0.209631384
16275430,120|120|120,12|12|13,0,2.14648110,-1.82270946,120.000000,0.00000000,12.3333333,0.0885648148,0.498037007,0.333449643,0.382012793,0.344386042,0.388888889,0.755555556,12.3333333,0.183333333,0.0193055556,0.000277777778,0.00108401084,0.00000000,0.0944444444,-0.116024214
16357402,120|120|120,34|25|35,1,-2.36438542,-0.734930930,120.000000,0.00000000,31.3333333,0.235462963,0.576932441,0.555273768,0.596305532,0.570668067,0.150000000,0.366666667,31.3333333,0.361111111,0.0827777778,0.0552777778,0.0468834688,0.0333333333,0.183333333,0.0193730915
16372450,120|120|120,12|16|9,0,1.94197668,-1.83358816,120.000000,0.00000000,12.3333333,0.175416667,0.568310524,0.479727622,0.380155120,0.305625352,0.416666667,0.822222222,12.3333333,0.144444444,0.00638888889,0.000277777778,0.00203252033,0.00000000,0.0500000000,-0.188155404
16430725,120|120|120,24|29|19,1,-1.52732793,-0.947805396,120.000000,0.00000000,24.0000000,0.242870370,0.599721981,0.569403757,0.541932466,0.519480910,0.138888889,0.427777778,24.0000000,0.333333333,0.0550000000,0.0401388889,0.0310298103,0.0611111111,0.144444444,-0.0577895145
16432570,120|120|120,4|4|4,0,3.67554615,-0.917461622,120.000000,0.00000000,4.00000000,0.459027778,0.548861482,0.330539788,0.224514505,0.213665118,0.444444444,1.00000000,4.00000000,0.0611111111,0.0162500000,0.00305555556,0.00000000,0.00000000,0.0777777778,-0.324346976
16452703,120|120|120,20|20|37,1,-1.67276121,-0.191454324,120.000000,0.00000000,25.6666667,0.318194444,0.602517255,0.542521995,0.548988884,0.532050261,0.127777778,0.411111111,25.6666667,0.277777778,0.0744444444,0.0669444444,0.0547425474,0.0944444444,0.194444444,-0.0535283704
16475023,120|31|120,1|1|1,0,9.12991297,-1.50629134,90.3333333,89.0000000,1.00000000,0.0688888889,0.405896617,0.00767096649,-0.00000000,-0.00000000,1.00000000,1.00000000,1.00000000,0.00000000,0.0398611111,0.00000000,0.00000000,0.00000000,0.105555556,-0.405896617
16502437,120|120|120,21|14|9,1,0.615860279,6.93393927,120.000000,0.00000000,14.6666667,0.441851852,0.499519276,0.331435057,0.391925503,0.416497100,0.288888889,0.600000000,14.6666667,0.166666667,0.194027778,0.494305556,0.421680217,0.338888889,0.750000000,-0.107593774
16527043,120|120|120,29|33|14,1,-0.661081536,-0.102562376,120.000000,0.00000000,25.3333333,0.253425926,0.580843447,0.472612648,0.481154103,0.490787173,0.222222222,0.527777778,25.3333333,0.244444444,0.0465277778,0.102222222,0.107317073,0.0555555556,0.238888889,-0.0996893441
16530724,120|120|120,31|28|24,1,-2.14439889,0.657422860,120.000000,0.00000000,27.6666667,0.356157407,0.607467979,0.549144283,0.553616343,0.542235126,0.155555556,0.422222222,27.6666667,0.388888889,0.0813888889,0.127083333,0.127100271,0.0555555556,0.327777778,-0.0538516363
16532407,120|120|120,39|41|37,1,-3.80380203,-1.24719586,120.000000,0.00000000,39.0000000,0.269814815,0.647692294,0.613206135,0.645122303,0.632341678,0.0833333333,0.255555556,39.0000000,0.455555556,0.0433333333,0.0497222222,0.0363143631,0.0500000000,0.144444444,-0.00256999140
16537204,120|120|120,19|18|12,1,-0.0965406368,-0.216190990,120.000000,0.00000000,16.3333333,0.336481481,0.596778468,0.517173657,0.470874617,0.433836282,0.227777778,0.588888889,16.3333333,0.227777778,0.0812500000,0.0511111111,0.0672086721,0.0277777778,0.172222222,-0.125903851
16543702,120|120|120,15|16|19,1,0.227995317,1.44189430,120.000000,0.00000000,16.6666667,0.192731481,0.555935249,0.486917122,0.469378586,0.432712137,0.250000000,0.583333333,16.6666667,0.188888889,0.0788888889,0.153194444,0.141598916,0.261111111,0.311111111,-0.0865566627
16703245,120|120|120,23|25|21,1,-1.21366784,3.09633313,120.000000,0.00000000,23.0000000,0.425601852,0.563706720,0.494810287,0.501894816,0.490892639,0.211111111,0.516666667,23.0000000,0.305555556,0.132222222,0.275694444,0.234010840,0.216666667,0.394444444,-0.0618119044
16703524,120|120|119,10|13|11,0,2.37086082,8.41644143,119.666667,1.00000000,11.3333333,0.227175926,0.475065392,0.326724706,0.324743175,0.285845842,0.527777778,0.838888889,11.3333333,0.122222222,0.121111111,0.530000000,0.631571816,0.705555556,0.772222222,-0.150322217
16724350,120|120|120,19|16|27,1,-0.153215749,-1.85668052,120.000000,0.00000000,20.6666667,0.222962963,0.561357351,0.484870680,0.475027515,0.464738956,0.272222222,0.533333333,20.6666667,0.261111111,0.0119444444,0.00555555556,0.00650406504,0.00555555556,0.0722222222,-0.0863298360
16724503,120|120|120,39|35|39,1,-3.58974960,-0.758965337,120.000000,0.00000000,37.6666667,0.315509259,0.624326369,0.629544000,0.618272533,0.629563900,0.0666666667,0.238888889,37.6666667,0.394444444,0.0590277778,0.0376388889,0.0567750678,0.0666666667,0.200000000,-0.00605383538
16730425,120|120|120,21|24|22,1,-0.837189654,-1.58372673,120.000000,0.00000000,22.3333333,0.130416667,0.593543947,0.548367465,0.536364960,0.479160923,0.205555556,0.527777778,22.3333333,0.311111111,0.0431944444,0.0138888889,0.0139566396,0.0111111111,0.127777778,-0.0571789868
16745230,59|50|29,1|1|1,0,8.88950913,-1.93401227,46.0000000,30.0000000,1.00000000,0.0500000000,0.408491126,0.0370578849,-0.00000000,-0.00000000,1.00000000,1.00000000,1.00000000,0.00000000,0.0115277778,0.00000000,0.00000000,0.00000000,0.0722222222,-0.408491126
17043526,120|120|120,17|14|23,1,0.0681855662,5.62561443,120.000000,0.00000000,18.0000000,0.264953704,0.543043239,0.410592681,0.432393326,0.447049423,0.233333333,0.572222222,18.0000000,0.200000000,0.209861111,0.406250000,0.367479675,0.283333333,0.650000000,-0.110649913
17062345,120|120|120,35|21|30,1,-1.89896621,1.81793465,120.000000,0.00000000,28.6666667,0.286851852,0.584171512,0.505877698,0.544949664,0.544962939,0.127777778,0.422222222,28.6666667,0.316666667,0.135972222,0.205277778,0.124254743,0.177777778,0.355555556,-0.0392218476
17062354,120|120|120,25|33|35,1,-2.58067335,0.554170697,120.000000,0.00000000,31.0000000,0.241620370,0.597183593,0.559731628,0.594211401,0.569891643,0.122222222,0.361111111,31.0000000,0.400000000,0.109861111,0.126250000,0.0880758808,0.122222222,0.283333333,-0.00297219177
17065234,120|120|120,4|3|13,0,4.29332808,0.512808340,120.000000,0.00000000,6.66666667,0.139722222,0.554473981,0.396893139,0.219890411,0.128628570,0.794444444,0.950000000,6.66666667,0.0388888889,0.133333333,0.100277778,0.0277777778,0.0111111111,0.238888889,-0.334583570
17205436,120|120|120,20|12|27,1,0.568938748,5.68244096,120.000000,0.00000000,19.6666667,0.337685185,0.557002992,0.374379979,0.339125926,0.424359825,0.355555556,0.611111111,19.6666667,0.227777778,0.134444444,0.386250000,0.440650407,0.355555556,0.661111111,-0.217877067
17235640,120|120|120,49|38|44,1,-4.19906441,-1.97623018,120.000000,0.00000000,43.6666667,0.208611111,0.647396688,0.628730991,0.636884137,0.665247288,0.0555555556,0.183333333,43.6666667,0.483333333,0.0329166667,0.0166666667,0.0127371274,0.0333333333,0.0833333333,-0.0105125509
17254306,120|120|120,18|25|22,1,-0.736168544,3.89961890,120.000000,0.00000000,21.6666667,0.220231481,0.639063066,0.563304229,0.498732901,0.438625328,0.333333333,0.588888889,21.6666667,0.283333333,0.128750000,0.235000000,0.301897019,0.388888889,0.533333333,-0.140330165
17320645,120|120|120,15|23|27,1,0.443820674,-1.76145175,120.000000,0.00000000,21.6666667,0.162638889,0.582150740,0.448125915,0.406013630,0.422368944,0.344444444,0.611111111,21.6666667,0.283333333,0.0198611111,0.0179166667,0.00243902439,0.00555555556,0.0833333333,-0.176137110
17342650,120|120|120,19|24|20,1,-0.633483350,-2.08959760,120.000000,0.00000000,21.0000000,0.148611111,0.566155103,0.549654891,0.514328333,0.496044378,0.177777778,0.450000000,21.0000000,0.244444444,0.0113888889,0.00750000000,0.00582655827,0.00000000,0.0611111111,-0.0518267692
17352604,120|120|120,38|41|39,1,-3.94943640,-0.976024275,120.000000,0.00000000,39.3333333,0.292824074,0.661667836,0.649951059,0.652258672,0.636438994,0.0833333333,0.244444444,39.3333333,0.427777778,0.0444444444,0.0579166667,0.0550135501,0.0722222222,0.155555556,-0.00940916325
17356240,120|120|120,38|40|30,1,-3.09454418,-0.877467805,120.000000,0.00000000,36.0000000,0.245231481,0.631111059,0.594015939,0.599167589,0.613594135,0.0944444444,0.288888889,36.0000000,0.383333333,0.0570833333,0.0381944444,0.0735772358,0.0388888889,0.200000000,-0.0319434702
17402536,120|120|120,18|21|27,1,-0.0771245084,7.62756869,120.000000,0.00000000,22.0000000,0.353981481,0.529764080,0.384499768,0.370832307,0.450365939,0.333333333,0.594444444,22.0000000,0.294444444,0.211111111,0.467916667,0.553523035,0.461111111,0.744444444,-0.158931773
17426503,120|120|120,31|40|29,1,-2.40210277,-1.58326340,120.000000,0.00000000,33.3333333,0.225648148,0.638866496,0.577266326,0.580767148,0.573547262,0.172222222,0.388888889,33.3333333,0.355555556,0.0341666667,0.0168055556,0.0204607046,0.0388888889,0.105555556,-0.0580993477
17435260,120|120|120,47|41|42,1,-4.38093101,-2.22621029,120.000000,0.00000000,43.3333333,0.240046296,0.655958439,0.645224368,0.657917287,0.658233493,0.0666666667,0.222222222,43.3333333,0.533333333,0.0148611111,0.0138888889,0.0165311653,0.00555555556,0.0666666667,0.00195884772
17462053,27|120|120,1|1|1,0,9.21956365,-1.38679106,89.0000000,93.0000000,1.00000000,0.0662962963,0.394850337,0.00491588025,-0.00000000,-0.00000000,1.00000000,1.00000000,1.00000000,0.00000000,0.0498611111,0.00000000,0.00000000,0.00000000,0.127777778,-0.394850337
17530624,120|120|120,42|32|35,1,-3.66690235,-0.937111561,120.000000,0.00000000,36.3333333,0.288009259,0.655768305,0.647897746,0.638456516,0.616855847,0.0777777778,0.277777778,36.3333333,0.444444444,0.0468055556,0.0602777778,0.0669376694,0.0500000000,0.161111111,-0.0173117884
17540623,120|120|120,30|12|33,1,-1.18324772,-0.349053243,120.000000,0.00000000,25.0000000,0.228287037,0.558025698,0.561259355,0.555643979,0.499464741,0.194444444,0.505555556,25.0000000,0.250000000,0.0641666667,0.0734722222,0.0621951220,0.0888888889,0.205555556,-0.00238171853
17560342,120|120|120,21|16|28,1,-0.431586260,6.35181256,120.000000,0.00000000,21.6666667,0.373240741,0.597070910,0.457345207,0.444840329,0.437869101,0.327777778,0.622222222,21.6666667,0.255555556,0.121805556,0.452777778,0.457588076,0.472222222,0.672222222,-0.152230581
17560432,120|120|120,21|20|10,1,0.126046070,2.65001838,120.000000,0.00000000,17.0000000,0.251203704,0.572649807,0.507295736,0.451568878,0.424558850,0.250000000,0.622222222,17.0000000,0.194444444,0.135555556,0.226111111,0.269512195,0.105555556,0.438888889,-0.121080929
17602453,120|120|120,1|1|1,0,7.39021750,-0.754262245,120.000000,0.00000000,1.00000000,0.0932407407,0.406609952,0.0156471249,-0.00000000,-0.00000000,1.00000000,1.00000000,1.00000000,0.00000000,0.0593055556,0.0102777778,0.00000000,0.00000000,0.155555556,-0.406609952
17603254,120|120|120,23|17|26,1,-1.03851633,1.35782550,120.000000,0.00000000,22.0000000,0.338796296,0.566939530,0.527200444,0.515493105,0.490961638,0.211111111,0.500000000,22.0000000,0.277777778,0.0851388889,0.164166667,0.150677507,0.155555556,0.322222222,-0.0514464242
20147536,120|120|120,11|13|9,1,1.56718805,1.22037216,120.000000,0.00000000,11.0000000,0.424259259,0.500869369,0.364084365,0.368314886,0.357542098,0.322222222,0.727777778,11.0000000,0.150000000,0.0504166667,0.124444444,0.134688347,0.161111111,0.294444444,-0.132554482
20147635,120|120|120,29|23|32,1,-2.14295082,2.16670368,120.000000,0.00000000,28.0000000,0.463333333,0.552261836,0.513257100,0.546047700,0.549107367,0.150000000,0.394444444,28.0000000,0.338888889,0.120000000,0.220972222,0.172222222,0.144444444,0.377777778,-0.00621413534
20157364,120|120|120,13|19|14,1,0.403879252,3.22326486,120.000000,0.00000000,15.3333333,0.453842593,0.528159968,0.423357240,0.418005999,0.410399836,0.238888889,0.650000000,15.3333333,0.177777778,0.145416667,0.248888889,0.221815718,0.188888889,0.405555556,-0.110153969
20314675,120|120|120,45|37|41,1,-4.32736384,-0.181319330,120.000000,0.00000000,41.0000000,0.399722222,0.654365870,0.626551692,0.629343046,0.644685038,0.0722222222,0.238888889,41.0000000,0.527777778,0.0613888889,0.0793055556,0.109891599,0.0500000000,0.255555556,-0.0250228246
20315674,120|119|120,4|8|5,0,3.91901893,-1.45499130,119.666667,1.00000000,5.66666667,0.214583333,0.545502474,0.354078698,0.253975651,0.207033526,0.538888889,0.972222222,5.66666667,0.0333333333,0.0156944444,0.000416666667,0.000135501355,0.00000000,0.0555555556,-0.291526823
20345617,120|120|120,16|12|8,0,2.70535564,-1.69407738,120.000000,0.00000000,12.0000000,0.240601852,0.480352314,0.288935741,0.324491956,0.314197957,0.477777778,0.794444444,12.0000000,0.122222222,0.0115277778,0.000833333333,0.000271002710,0.00000000,0.0444444444,-0.155860358
20416573,120|120|120,34|31|31,1,-2.84392969,2.11562950,120.000000,0.00000000,32.0000000,0.384583333,0.651645417,0.614189470,0.569726392,0.573676635,0.150000000,0.366666667,32.0000000,0.366666667,0.0815277778,0.152083333,0.262059621,0.216666667,0.416666667,-0.0819190242
20456731,120|120|120,25|21|27,1,-1.21551310,2.74003699,120.000000,0.00000000,24.3333333,0.415879630,0.601494728,0.536381682,0.500694355,0.476208768,0.294444444,0.505555556,24.3333333,0.277777778,0.163472222,0.220833333,0.169783198,0.194444444,0.372222222,-0.100800372
20473561,120|120|120,11|7|7,0,2.74362414,6.34900081,120.000000,0.00000000,8.33333333,0.190138889,0.528056464,0.375511920,0.260708847,0.266282691,0.422222222,0.916666667,8.33333333,0.138888889,0.160972222,0.372222222,0.486043360,0.466666667,0.644444444,-0.267347617
20476513,120|120|120,29|19|24,1,-1.14495106,5.06344255,120.000000,0.00000000,24.0000000,0.271342593,0.560720671,0.448305683,0.507384131,0.495043410,0.266666667,0.477777778,24.0000000,0.322222222,0.205555556,0.412638889,0.306368564,0.327777778,0.538888889,-0.0533365399
20513647,120|120|120,36|11|32,1,-1.08962186,0.148044381,120.000000,0.00000000,26.3333333,0.266898148,0.647197111,0.517430679,0.487602470,0.498432934,0.238888889,0.505555556,26.3333333,0.288888889,0.0665277778,0.130555556,0.102845528,0.0444444444,0.238888889,-0.159594641
20514736,120|120|120,20|41|19,1,-1.31749914,1.21513036,120.000000,0.00000000,26.6666667,0.335277778,0.609818926,0.532178969,0.501154200,0.502168649,0.233333333,0.483333333,26.6666667,0.277777778,0.106388889,0.192500000,0.107317073,0.0833333333,0.322222222,-0.108664726
20516347,120|120|120,43|34|35,1,-3.73468702,1.23895808,120.000000,0.00000000,37.3333333,0.395509259,0.646915920,0.602061375,0.608319086,0.625668317,0.0777777778,0.244444444,37.3333333,0.411111111,0.129722222,0.206527778,0.111246612,0.0722222222,0.311111111,-0.0385968347
20516437,120|120|120,19|39|11,1,-0.635278951,0.758469172,120.000000,0.00000000,23.0000000,0.312407407,0.636721706,0.551648217,0.484260637,0.438308442,0.344444444,0.588888889,23.0000000,0.266666667,0.118055556,0.121388889,0.0936314363,0.0555555556,0.266666667,-0.152461069
20571463,120|120|120,28|28|23,1,-1.34762295,4.21870150,120.000000,0.00000000,26.3333333,0.296064815,0.523987894,0.479796921,0.512319059,0.519866550,0.161111111,0.477777778,26.3333333,0.261111111,0.232083333,0.288888889,0.233739837,0.250000000,0.538888889,-0.0116688345
20617543,120|120|120,26|25|40,1,-2.13434037,1.16463513,120.000000,0.00000000,30.3333333,0.427037037,0.629664502,0.556440012,0.505503418,0.547586097,0.194444444,0.427777778,30.3333333,0.372222222,0.0451388889,0.0895833333,0.226964770,0.150000000,0.361111111,-0.124161084
20643157,120|120|120,19|24|27,1,-0.296540147,-1.66377918,120.000000,0.00000000,23.3333333,0.200000000,0.528154891,0.434045363,0.509925175,0.477708878,0.238888889,0.544444444,23.3333333,0.238888889,0.0204166667,0.00861111111,0.0220867209,0.0333333333,0.0888888889,-0.0182297151
20657134,120|120|120,1|1|1,0,6.82795646,0.215018430,120.000000,0.00000000,1.00000000,0.480787037,0.383179641,0.0388716462,0.000248560157,-0.00000000,1.00000000,1.00000000,1.00000000,0.00000000,0.0809722222,0.0212500000,0.000271002710,0.00000000,0.183333333,-0.382931081
20671534,120|120|120,14|27|16,1,0.746506700,7.80121127,120.000000,0.00000000,19.0000000,0.318796296,0.548967899,0.368385591,0.359471300,0.397122119,0.400000000,0.661111111,19.0000000,0.172222222,0.176250000,0.547361111,0.547425474,0.500000000,0.727777778,-0.189496599
20714635,120|120|120,17|31|31,1,-1.33094787,1.93437973,120.000000,0.00000000,26.3333333,0.294212963,0.621400444,0.574012496,0.496602476,0.499569970,0.261111111,0.505555556,26.3333333,0.305555556,0.0527777778,0.138194444,0.263414634,0.272222222,0.388888889,-0.124797968
20751634,120|120|120,30|30|32,1,-2.49825001,3.54027455,120.000000,0.00000000,30.6666667,0.418379630,0.583160647,0.523217829,0.553847965,0.574736325,0.122222222,0.350000000,30.6666667,0.311111111,0.180000000,0.312500000,0.225067751,0.150000000,0.505555556,-0.0293126824
21034567,120|120|120,46|44|41,1,-4.55837334,-1.13857148,120.000000,0.00000000,43.6666667,0.291527778,0.658774662,0.653896930,0.656412655,0.657525472,0.0833333333,0.227777778,43.6666667,0.555555556,0.0369444444,0.0497222222,0.0535230352,0.0833333333,0.155555556,-0.00236200707
21057463,120|120|120,43|39|31,1,-3.64501422,-0.775476865,120.000000,0.00000000,37.6666667,0.337685185,0.654245558,0.628792926,0.630548264,0.612450124,0.133333333,0.300000000,37.6666667,0.450000000,0.0568055556,0.0797222222,0.0501355014,0.0333333333,0.172222222,-0.0236972941
21065347,120|120|120,32|20|24,1,-1.26938556,-0.274492315,120.000000,0.00000000,25.3333333,0.234583333,0.630026176,0.554007312,0.505672571,0.515415535,0.205555556,0.461111111,25.3333333,0.305555556,0.0548611111,0.0787500000,0.0779132791,0.0944444444,0.205555556,-0.124353604
21067354,120|120|120,24|15|21,1,-0.778249886,0.582297171,120.000000,0.00000000,20.0000000,0.426527778,0.588809180,0.548798912,0.504058481,0.470293774,0.200000000,0.538888889,20.0000000,0.205555556,0.0795833333,0.0997222222,0.0861788618,0.0944444444,0.244444444,-0.0847506990
21074563,120|120|120,27|36|25,1,-2.27469138,-1.09305348,120.000000,0.00000000,29.3333333,0.195462963,0.611199259,0.578561714,0.566731737,0.564055830,0.116666667,0.366666667,29.3333333,0.411111111,0.0412500000,0.0579166667,0.0509485095,0.0722222222,0.133333333,-0.0444675223
21076435,120|120|120,26|32|38,1,-2.27270970,1.42614807,120.000000,0.00000000,32.0000000,0.302962963,0.572244033,0.511991180,0.549259052,0.576315711,0.144444444,0.350000000,32.0000000,0.338888889,0.0848611111,0.187638889,0.202303523,0.155555556,0.327777778,-0.0229849810
21340576,120|120|120,4|4|4,0,3.79608366,4.93363036,120.000000,0.00000000,4.00000000,0.233287037,0.516725643,0.258479534,0.225453062,0.222382685,0.416666667,1.00000000,4.00000000,0.0500000000,0.166527778,0.349722222,0.295392954,0.311111111,0.544444444,-0.291272581
21345670,120|120|120,24|13|20,1,0.0560307179,-1.85450834,120.000000,0.00000000,19.0000000,0.280648148,0.579557479,0.507648426,0.454203335,0.452799392,0.250000000,0.555555556,19.0000000,0.200000000,0.00736111111,0.00430555556,0.00121951220,0.00000000,0.0444444444,-0.125354144
21345760,120|120|120,6|10|6,0,3.58274569,-1.53266973,120.000000,0.00000000,7.33333333,0.0911111111,0.553358287,0.306106702,0.261520274,0.262649947,0.400000000,0.933333333,7.33333333,0.0777777778,0.0265277778,0.00111111111,0.000271002710,0.00000000,0.0888888889,-0.291838013
21346075,120|120|120,29|20|32,1,-1.51851646,-0.0250298332,120.000000,0.00000000,27.0000000,0.243611111,0.610435507,0.543697353,0.550495268,0.507049761,0.261111111,0.494444444,27.0000000,0.350000000,0.0677777778,0.0822222222,0.0861788618,0.111111111,0.233333333,-0.0599402390
21347056,120|120|120,11|18|31,1,-0.0332872536,-1.07620147,120.000000,0.00000000,20.0000000,0.362546296,0.542487551,0.452235376,0.419363674,0.455328607,0.205555556,0.583333333,20.0000000,0.277777778,0.0445833333,0.0251388889,0.00379403794,0.0111111111,0.122222222,-0.123123877
21347650,120|120|120,21|19|23,1,-0.531031867,-1.83049169,120.000000,0.00000000,21.0000000,0.295092593,0.558369148,0.508039736,0.476692852,0.493023733,0.194444444,0.455555556,21.0000000,0.244444444,0.00819444444,0.0130555556,0.000677506775,0.00000000,0.0611111111,-0.0816762956
21360547,120|120|120,35|33|38,1,-2.83193086,-0.0503200071,120.000000,0.00000000,35.3333333,0.308287037,0.611353846,0.543345121,0.564887614,0.600415172,0.122222222,0.333333333,35.3333333,0.411111111,0.0493055556,0.0619444444,0.127100271,0.122222222,0.255555556,-0.0464662317
21364057,120|120|120,27|31|29,1,-2.25950059,-1.57597184,120.000000,0.00000000,29.0000000,0.278148148,0.614493166,0.590355086,0.583495420,0.558414891,0.127777778,0.377777778,29.0000000,0.350000000,0.0270833333,0.0209722222,0.0273712737,0.0222222222,0.0944444444,-0.0309977459
21370546,120|120|120,26|21|28,1,-1.05132806,-1.72819588,120.000000,0.00000000,25.0000000,0.182592593,0.626919143,0.556459852,0.497659427,0.499908659,0.250000000,0.500000000,25.0000000,0.355555556,0.0347222222,0.0100000000,0.00704607046,0.00000000,0.100000000,-0.129259716
21376504,120|120|120,27|22|35,1,-1.34377418,-1.86306307,120.000000,0.00000000,28.0000000,0.175740741,0.618669684,0.515872046,0.528914894,0.526087803,0.216666667,0.461111111,28.0000000,0.333333333,0.0279166667,0.00763888889,0.0136856369,0.00555555556,0.0833333333,-0.0897547902
21465307,120|120|120,25|33|16,1,-0.581702093,-1.67196499,120.000000,0.00000000,24.6666667,0.180138889,0.620226315,0.573932094,0.493982767,0.454884811,0.311111111,0.616666667,24.6666667,0.294444444,0.0258333333,0.0109722222,0.00907859079,0.0222222222,0.0944444444,-0.126243548
21530674,120|120|120,37|25|36,1,-2.75356279,-1.02153127,120.000000,0.00000000,32.6666667,0.303055556,0.604124726,0.598209509,0.592543690,0.584814899,0.127777778,0.338888889,32.6666667,0.383333333,0.0548611111,0.0555555556,0.0402439024,0.0166666667,0.155555556,-0.0115810362
21543067,120|120|120,26|30|30,1,-2.12397879,-0.410162678,120.000000,0.00000000,28.6666667,0.243657407,0.610778024,0.575589983,0.567958034,0.560363386,0.138888889,0.366666667,28.6666667,0.333333333,0.0652777778,0.0683333333,0.0937669377,0.0666666667,0.194444444,-0.0428199899
21546703,120|120|120,32|26|26,1,-1.95298553,1.43482747,120.000000,0.00000000,28.0000000,0.288888889,0.596089044,0.536548843,0.554256805,0.533369799,0.200000000,0.438888889,28.0000000,0.377777778,0.0770833333,0.176388889,0.186043360,0.183333333,0.344444444,-0.0418322399
21643507,120|120|120,28|22|28,1,-1.41517576,-1.04327480,120.000000,0.00000000,26.0000000,0.192083333,0.601824024,0.546701264,0.532623465,0.526978640,0.172222222,0.438888889,26.0000000,0.322222222,0.0472222222,0.0481944444,0.0398373984,0.0444444444,0.161111111,-0.0692005594
21654037,120|120|120,39|26|34,1,-2.83831023,-1.17401889,120.000000,0.00000000,33.0000000,0.170277778,0.617341423,0.583086860,0.603129466,0.592646359,0.111111111,0.322222222,33.0000000,0.450000000,0.0468055556,0.0476388889,0.0429539295,0.0833333333,0.144444444,-0.0142119567
21657430,120|120|120,22|25|38,1,-1.85101368,2.35507026,120.000000,0.00000000,28.3333333,0.336481481,0.594025694,0.515579302,0.498635830,0.542169129,0.166666667,0.411111111,28.3333333,0.361111111,0.138888889,0.164027778,0.173983740,0.205555556,0.455555556,-0.0953898637
21750463,120|120|120,36|42|47,1,-4.13039375,-0.673196713,120.000000,0.00000000,41.6666667,0.307731481,0.655613532,0.621456125,0.629414344,0.645296555,0.0888888889,0.238888889,41.6666667,0.500000000,0.0580555556,0.0745833333,0.0525745257,0.0944444444,0.177777778,-0.0261991874
21760453,120|120|120,11|29|19,1,-0.477508674,-1.88561656,120.000000,0.00000000,19.6666667,0.153703704,0.561294436,0.535190339,0.497885888,0.471320260,0.211111111,0.500000000,19.6666667,0.316666667,0.0215277778,0.0104166667,0.00758807588,0.00555555556,0.0833333333,-0.0634085478
21763450,120|120|120,14|12|13,1,1.35963975,-1.90487395,120.000000,0.00000000,13.0000000,0.103981481,0.528756494,0.419797517,0.414277451,0.414767391,0.216666667,0.605555556,13.0000000,0.105555556,0.0172222222,0.000138888889,0.00000000,0.00000000,0.0777777778,-0.114479043
23041657,120|120|120,23|15|23,1,0.231383486,-1.65145728,120.000000,0.00000000,20.3333333,0.183472222,0.539733675,0.436340538,0.459624103,0.451120448,0.283333333,0.572222222,20.3333333,0.244444444,0.0181944444,0.0212500000,0.0108401084,0.0166666667,0.100000000,-0.0801095722
23054716,120|120|120,30|30|25,1,-1.69886530,1.12137261,120.000000,0.00000000,28.3333333,0.302314815,0.614108181,0.516309346,0.518627686,0.529758438,0.205555556,0.461111111,28.3333333,0.344444444,0.136944444,0.206666667,0.107452575,0.0111111111,0.311111111,-0.0954804955
23176504,120|120|120,33|30|39,1,-2.80114760,-0.0148859158,120.000000,0.00000000,34.0000000,0.283611111,0.634710573,0.613304059,0.588001241,0.582033270,0.183333333,0.344444444,34.0000000,0.377777778,0.0452777778,0.0654166667,0.143766938,0.161111111,0.211111111,-0.0467093319
23456701,120|120|120,30|25|34,1,-1.79015932,-0.303524068,120.000000,0.00000000,29.6666667,0.277407407,0.646493166,0.561173971,0.523485840,0.526039829,0.233333333,0.483333333,29.6666667,0.366666667,0.0884722222,0.0648611111,0.0486449864,0.0611111111,0.194444444,-0.123007326
23457061,120|120|120,39|34|41,1,-3.89168138,0.119613849,120.000000,0.00000000,38.0000000,0.323379630,0.642328994,0.610790994,0.627341850,0.631817451,0.0722222222,0.227777778,38.0000000,0.472222222,0.0887500000,0.135694444,0.0638211382,0.0666666667,0.272222222,-0.0149871444
23476105,120|120|120,38|36|40,1,-3.29973959,-0.279450168,120.000000,0.00000000,38.0000000,0.281250000,0.649799026,0.638221053,0.601173740,0.613990895,0.116666667,0.327777778,38.0000000,0.372222222,0.0545833333,0.0762500000,0.110298103,0.111111111,0.200000000,-0.0486252858
23540167,120|120|120,21|35|9,1,0.318425985,-1.28740509,120.000000,0.00000000,21.6666667,0.175833333,0.623089544,0.472169005,0.417169692,0.419353826,0.372222222,0.638888889,21.6666667,0.283333333,0.0462500000,0.0237500000,0.0219512195,0.00555555556,0.122222222,-0.205919852
23560714,120|120|120,30|16|28,1,-1.35575134,0.383263752,120.000000,0.00000000,24.6666667,0.238101852,0.593942187,0.553450546,0.544043144,0.517416067,0.155555556,0.461111111,24.6666667,0.255555556,0.0875000000,0.118888889,0.109485095,0.0777777778,0.266666667,-0.0498990423
23574160,120|120|120,39|10|19,1,-0.254423545,-1.64464605,120.000000,0.00000000,22.6666667,0.203842593,0.649508331,0.582160166,0.480768259,0.410195872,0.383333333,0.638888889,22.6666667,0.277777778,0.0231944444,0.0152777778,0.00867208672,0.00555555556,0.0888888889,-0.168740073
23647501,120|120|120,17|14|25,1,-0.243786709,3.43275863,120.000000,0.00000000,18.6666667,0.366851852,0.629189509,0.509315760,0.438532971,0.444794944,0.277777778,0.572222222,18.6666667,0.200000000,0.108888889,0.226527778,0.315040650,0.288888889,0.427777778,-0.190656538
23647510,120|120|120,31|19|11,1,0.210816441,-1.20830918,120.000000,0.00000000,20.3333333,0.460462963,0.557043005,0.348965723,0.436983818,0.444152561,0.272222222,0.600000000,20.3333333,0.216666667,0.0269444444,0.00388888889,0.00650406504,0.00555555556,0.0888888889,-0.120059187
23654017,120|120|120,20|27|30,1,-1.00675054,-0.979297696,120.000000,0.00000000,25.6666667,0.281712963,0.642838252,0.572641747,0.495582848,0.479583607,0.288888889,0.550000000,25.6666667,0.294444444,0.0504166667,0.0386111111,0.0295392954,0.0333333333,0.127777778,-0.147255405
23657014,120|120|120,15|18|3,0,1.80406471,1.02285696,120.000000,0.00000000,12.0000000,0.417916667,0.582086706,0.476415841,0.356413402,0.288546397,0.555555556,0.788888889,12.0000000,0.116666667,0.114166667,0.128472222,0.0638211382,0.0388888889,0.255555556,-0.225673304
23710465,120|120|120,35|28|43,1,-3.07235628,1.89161331,120.000000,0.00000000,35.3333333,0.328796296,0.616200668,0.575885651,0.575893259,0.594196687,0.127777778,0.344444444,35.3333333,0.416666667,0.107638889,0.184861111,0.183062331,0.188888889,0.416666667,-0.0403074086
23751064,120|120|120,22|25|19,1,-0.639526286,0.628498687,120.000000,0.00000000,22.0000000,0.291898148,0.600591734,0.484829291,0.474617915,0.476085418,0.250000000,0.516666667,22.0000000,0.283333333,0.107083333,0.121111111,0.0544715447,0.0555555556,0.327777778,-0.125973818
23756410,120|120|120,30|17|34,1,-1.26966301,-1.60321064,120.000000,0.00000000,27.0000000,0.233796296,0.616174783,0.566776702,0.518505850,0.519409528,0.188888889,0.483333333,27.0000000,0.266666667,0.0390277778,0.0165277778,0.00785907859,0.00000000,0.0944444444,-0.0976689331
24063175,120|120|120,2|2|2,0,5.70726149,-1.15702720,120.000000,0.00000000,2.00000000,0.237083333,0.386666231,0.127833105,0.119384179,0.119384179,0.600000000,1.00000000,2.00000000,0.00000000,0.0212500000,0.00180555556,0.00000000,0.00000000,0.100000000,-0.267282051
24071653,120|120|120,2|2|2,0,6.85142478,-1.23151636,120.000000,0.00000000,2.00000000,0.0413888889,0.278165191,0.0702208904,0.0700961658,0.0700961658,0.850000000,1.00000000,2.00000000,0.00000000,0.0498611111,0.000138888889,0.00000000,0.00000000,0.116666667,-0.208069025
24153067,117|120|120,5|8|6,0,3.77986287,-1.45377179,119.000000,3.00000000,6.33333333,0.0843518519,0.520148537,0.285056029,0.269686705,0.240475452,0.438888889,0.955555556,6.33333333,0.116666667,0.0313888889,0.00375000000,0.00162601626,0.00000000,0.111111111,-0.250461832
24350176,120|120|120,1|1|1,0,7.48161594,-0.941814863,120.000000,0.00000000,1.00000000,0.0739351852,0.377980980,0.00829692072,-0.00000000,-0.00000000,1.00000000,1.00000000,1.00000000,0.00000000,0.0477777778,0.00375000000,0.00000000,0.00000000,0.150000000,-0.377980980
24356710,120|120|120,36|39|22,1,-2.58732014,1.02256530,120.000000,0.00000000,32.3333333,0.400648148,0.555697374,0.582794574,0.598333813,0.572100142,0.144444444,0.366666667,32.3333333,0.283333333,0.103888889,0.124305556,0.100406504,0.144444444,0.322222222,0.0426364390
24751630,120|120|120,25|27|30,1,-1.38295629,1.12173450,120.000000,0.00000000,27.3333333,0.265509259,0.519395777,0.504089268,0.511520735,0.534348903,0.194444444,0.433333333,27.3333333,0.311111111,0.133611111,0.107361111,0.130894309,0.127777778,0.327777778,-0.00787504137
24761350,120|120|120,22|24|21,1,-0.514586545,-1.95154847,120.000000,0.00000000,22.3333333,0.186018519,0.550818338,0.489299406,0.485415180,0.503780197,0.188888889,0.438888889,22.3333333,0.250000000,0.00819444444,0.0116666667,0.0143631436,0.00555555556,0.0722222222,-0.0654031581
25047163,120|120|120,19|26|16,1,-0.238371121,3.06309417,120.000000,0.00000000,20.3333333,0.336388889,0.543594332,0.413201464,0.430663788,0.475469341,0.211111111,0.511111111,20.3333333,0.233333333,0.112083333,0.283472222,0.266937669,0.200000000,0.427777778,-0.112930544
25073614,120|120|120,30|32|37,1,-2.51716230,-0.271775904,120.000000,0.00000000,33.0000000,0.231990741,0.608271646,0.593625077,0.568877536,0.592917442,0.116666667,0.305555556,33.0000000,0.311111111,0.0704166667,0.0695833333,0.0990514905,0.0611111111,0.250000000,-0.0393941092
25170436,120|120|120,29|28|21,1,-1.51815593,-1.99167648,120.000000,0.00000000,26.0000000,0.153148148,0.605862540,0.553991767,0.547021057,0.544301916,0.116666667,0.377777778,26.0000000,0.294444444,0.0188888889,0.0145833333,0.00609756098,0.00555555556,0.0833333333,-0.0588414824
25341607,120|120|120,18|14|28,1,0.616051431,0.147554846,120.000000,0.00000000,20.0000000,0.197175926,0.482731646,0.347743956,0.429950098,0.446647115,0.305555556,0.572222222,20.0000000,0.227777778,0.0240277778,0.0766666667,0.141056911,0.194444444,0.227777778,-0.0527815481
25346071,120|120|120,28|29|21,1,-1.19818117,-0.279941937,120.000000,0.00000000,26.0000000,0.229166667,0.590038031,0.536448510,0.515583537,0.519862373,0.194444444,0.466666667,26.0000000,0.272222222,0.0744444444,0.0544444444,0.0773712737,0.0722222222,0.222222222,-0.0744544939
25370164,120|120|120,27|30|28,1,-2.04715786,-1.54559477,120.000000,0.00000000,28.3333333,0.188518519,0.595418060,0.557526165,0.586643271,0.560187359,0.127777778,0.350000000,28.3333333,0.338888889,0.0320833333,0.0255555556,0.0310298103,0.0333333333,0.122222222,-0.00877478884
25471036,120|120|120,34|28|31,1,-2.05982848,-1.73135463,120.000000,0.00000000,31.0000000,0.137037037,0.587221412,0.550132579,0.560856093,0.571772848,0.116666667,0.366666667,31.0000000,0.366666667,0.0451388889,0.0125000000,0.0143631436,0.0111111111,0.127777778,-0.0263653188
25476103,120|120|120,31|23|30,1,-1.61081711,-0.973641690,120.000000,0.00000000,28.0000000,0.182592593,0.600290993,0.541132059,0.533190789,0.547666068,0.133333333,0.400000000,28.0000000,0.305555556,0.0575000000,0.0302777778,0.0555555556,0.0666666667,0.150000000,-0.0671002040
25643017,120|120|120,19|14|12,1,1.30359847,-1.91747922,120.000000,0.00000000,15.0000000,0.106388889,0.502335900,0.295510902,0.431388992,0.421718183,0.211111111,0.622222222,15.0000000,0.172222222,0.0154166667,0.00152777778,0.0131436314,0.00000000,0.0777777778,-0.0709469089
25740136,120|120|120,1|2|1,0,7.24833322,-1.41685368,120.000000,0.00000000,1.33333333,0.0720370370,0.393215293,0.0374629155,0.0195414831,0.0195414831,0.966666667,1.00000000,1.33333333,0.00000000,0.0194444444,0.00000000,0.00000000,0.00000000,0.0777777778,-0.373673810
26045173,120|120|120,32|28|24,1,-2.03372474,-0.848246572,120.000000,0.00000000,28.0000000,0.294027778,0.576459452,0.584284883,0.573823781,0.559360023,0.127777778,0.355555556,28.0000000,0.283333333,0.0500000000,0.0425000000,0.0367208672,0.0777777778,0.155555556,-0.00263567143
26147035,120|67|120,1|1|1,0,8.18583385,-0.906697118,102.333333,53.0000000,1.00000000,0.109351852,0.442795118,0.0761490538,0.000248560157,-0.00000000,1.00000000,1.00000000,1.00000000,0.00000000,0.0590277778,0.0227777778,0.00000000,0.00000000,0.144444444,-0.442546558
26374501,118|120|115,10|14|6,0,3.43887434,-1.88468053,117.666667,5.00000000,10.0000000,0.0523148148,0.472805384,0.306741940,0.274251833,0.281467050,0.427777778,0.894444444,10.0000000,0.150000000,0.0130555556,0.000555555556,0.000135501355,0.00000000,0.0777777778,-0.198553551
26475103,120|120|120,7|23|14,0,1.93479952,-1.57232981,120.000000,0.00000000,14.6666667,0.104537037,0.551718954,0.435216633,0.371124012,0.328070132,0.400000000,0.794444444,14.6666667,0.144444444,0.0330555556,0.00486111111,0.00257452575,0.00000000,0.111111111,-0.180594942
26475301,120|115|120,12|16|30,1,0.678244944,-1.93074843,118.333333,5.00000000,19.3333333,0.121342593,0.537312147,0.480237491,0.452762849,0.420559456,0.322222222,0.638888889,19.3333333,0.216666667,0.0169444444,0.00541666667,0.00758807588,0.0111111111,0.0722222222,-0.0845492978
26543170,120|120|120,1|1|1,0,6.83524478,-0.868876513,120.000000,0.00000000,1.00000000,0.436250000,0.436929145,0.0635707383,-0.00000000,-0.00000000,1.00000000,1.00000000,1.00000000,0.00000000,0.00875000000,0.000138888889,0.00000000,0.00000000,0.0611111111,-0.436929145
40125376,120|120|120,13|15|24,1,0.0366265027,-1.15823198,120.000000,0.00000000,17.3333333,0.350324074,0.588374836,0.528203157,0.483540270,0.425702482,0.266666667,0.633333333,17.3333333,0.188888889,0.0162500000,0.0444444444,0.0207317073,0.00555555556,0.116666667,-0.104834565
40125673,120|120|120,29|20|46,1,-2.37709389,-1.80051610,120.000000,0.00000000,31.6666667,0.367685185,0.592741321,0.552165720,0.571717709,0.567156103,0.155555556,0.361111111,31.6666667,0.361111111,0.0144444444,0.0133333333,0.0115176152,0.0111111111,0.0555555556,-0.0210236123
40163275,120|120|86,3|4|1,0,5.37527685,11.3847336,108.666667,34.0000000,2.66666667,0.313750000,0.552818934,0.307523291,0.135492444,0.0526185430,0.922222222,1.00000000,2.66666667,0.0222222222,0.202638889,0.556111111,0.786991870,0.922222222,0.927777778,-0.417326490
40167523,120|120|120,36|31|23,1,-2.09453780,0.910223247,120.000000,0.00000000,30.0000000,0.359629630,0.617647208,0.592039482,0.564472000,0.537922106,0.200000000,0.444444444,30.0000000,0.272222222,0.131527778,0.120694444,0.0983739837,0.0777777778,0.283333333,-0.0531752076
40261357,120|120|120,38|32|36,1,-3.41195446,-1.12204418,120.000000,0.00000000,35.3333333,0.344027778,0.621620230,0.614490043,0.615620488,0.605531885,0.100000000,0.300000000,35.3333333,0.461111111,0.0401388889,0.0454166667,0.0452574526,0.0333333333,0.150000000,-0.00599974133
40321576,120|120|120,18|10|13,1,1.53776990,-1.55481149,120.000000,0.00000000,13.6666667,0.246203704,0.506710098,0.443170324,0.406102258,0.364296643,0.394444444,0.700000000,13.6666667,0.127777778,0.0186111111,0.0126388889,0.00975609756,0.00000000,0.0722222222,-0.100607840
40351627,120|120|120,29|33|33,1,-2.78850682,-0.397119003,120.000000,0.00000000,31.6666667,0.365972222,0.632765057,0.578620809,0.585250031,0.575500431,0.150000000,0.333333333,31.6666667,0.405555556,0.0673611111,0.0527777778,0.0684281843,0.0722222222,0.188888889,-0.0475150264
40367125,120|120|120,40|35|17,1,-2.51682338,4.94767478,120.000000,0.00000000,30.6666667,0.466851852,0.582183307,0.517413769,0.520465846,0.552630111,0.161111111,0.388888889,30.6666667,0.400000000,0.167916667,0.351805556,0.358807588,0.288888889,0.594444444,-0.0617174610
40372516,120|120|120,33|36|35,1,-2.68925734,-0.483064268,120.000000,0.00000000,34.6666667,0.418287037,0.630898808,0.564907457,0.540329184,0.596900315,0.127777778,0.316666667,34.6666667,0.327777778,0.0463888889,0.0475000000,0.0674796748,0.0944444444,0.161111111,-0.0905696238
40513672,120|120|77,8|3|1,0,5.96323927,0.115466558,105.666667,43.0000000,4.00000000,0.153009259,0.580545832,0.284293731,0.147755994,0.0880514612,0.872222222,0.966666667,4.00000000,0.0444444444,0.0837500000,0.0622222222,0.0830623306,0.0166666667,0.233333333,-0.432789838
40516237,120|120|120,20|19|24,1,-0.517936535,0.393837967,120.000000,0.00000000,21.0000000,0.303750000,0.636545118,0.548896574,0.507950220,0.439769616,0.338888889,0.600000000,21.0000000,0.238888889,0.0858333333,0.117500000,0.0777777778,0.0944444444,0.211111111,-0.128594897
40516732,120|120|120,23|24|31,1,-1.84845842,1.07512948,120.000000,0.00000000,26.0000000,0.288425926,0.643919305,0.593060325,0.563201836,0.516804550,0.177777778,0.483333333,26.0000000,0.316666667,0.106666667,0.114722222,0.141734417,0.161111111,0.288888889,-0.0807174684
40716235,120|120|120,22|22|25,1,-1.52135713,0.786749580,120.000000,0.00000000,23.0000000,0.273055556,0.649937464,0.591020331,0.560153504,0.494431508,0.161111111,0.516666667,23.0000000,0.300000000,0.0584722222,0.143750000,0.119647696,0.150000000,0.316666667,-0.0897839598
40726351,120|120|120,32|34|38,1,-3.37443985,-1.15488071,120.000000,0.00000000,34.6666667,0.355046296,0.646193444,0.625397274,0.631415417,0.595984242,0.127777778,0.322222222,34.6666667,0.438888889,0.0222222222,0.0273611111,0.0504065041,0.0777777778,0.138888889,-0.0147780272
40735162,120|120|120,33|34|37,1,-3.47389062,-0.840386283,120.000000,0.00000000,34.6666667,0.304490741,0.640529071,0.624658742,0.643268338,0.606367488,0.105555556,0.288888889,34.6666667,0.438888889,0.0612500000,0.0381944444,0.0527100271,0.0555555556,0.183333333,0.00273926696
40753621,120|120|120,33|36|32,1,-2.52952931,0.432744637,120.000000,0.00000000,33.6666667,0.322962963,0.606527805,0.562047919,0.577327643,0.580406322,0.161111111,0.366666667,33.6666667,0.316666667,0.0776388889,0.0904166667,0.136720867,0.127777778,0.255555556,-0.0292001614
40756132,120|120|120,28|35|33,1,-2.46447205,1.55582478,120.000000,0.00000000,32.0000000,0.332777778,0.560207808,0.513029169,0.558804875,0.579385020,0.133333333,0.333333333,32.0000000,0.366666667,0.129166667,0.162500000,0.159485095,0.122222222,0.372222222,-0.00140293245
40761235,120|120|120,23|23|20,1,-1.01527837,3.59070624,120.000000,0.00000000,22.0000000,0.373750000,0.553987311,0.473245746,0.503474154,0.495312098,0.177777778,0.466666667,22.0000000,0.227777778,0.171944444,0.283055556,0.246883469,0.216666667,0.450000000,-0.0505131572
41035672,120|120|120,28|23|31,1,-2.05198117,-1.47506884,120.000000,0.00000000,27.3333333,0.244675926,0.623962156,0.587991156,0.569175093,0.551678499,0.127777778,0.383333333,27.3333333,0.350000000,0.0291666667,0.0256944444,0.0315718157,0.0111111111,0.133333333,-0.0547870640
41056732,120|120|120,23|32|33,1,-1.30691756,-0.437835003,120.000000,0.00000000,29.3333333,0.231111111,0.602886226,0.435692281,0.492595337,0.542693209,0.194444444,0.438888889,29.3333333,0.327777778,0.101250000,0.0708333333,0.0178861789,0.0222222222,0.216666667,-0.110290890
41072653,120|120|120,8|15|13,1,1.43623366,3.74401182,120.000000,0.00000000,12.0000000,0.202268519,0.536819116,0.445095898,0.403158406,0.339788391,0.372222222,0.772222222,12.0000000,0.144444444,0.169722222,0.209305556,0.255555556,0.305555556,0.505555556,-0.133660710
41235076,120|120|120,34|37|28,1,-3.18143354,-0.761648472,120.000000,0.00000000,33.0000000,0.371620370,0.638768352,0.613588191,0.622634366,0.591967397,0.105555556,0.316666667,33.0000000,0.394444444,0.0520833333,0.0363888889,0.0513550136,0.0777777778,0.155555556,-0.0161339861
41237560,120|120|120,44|45|44,1,-5.05274732,-1.41418264,120.000000,0.00000000,44.3333333,0.410046296,0.667311989,0.656430648,0.663076771,0.665587722,0.0555555556,0.194444444,44.3333333,0.633333333,0.0313888889,0.0365277778,0.0391598916,0.0444444444,0.105555556,-0.00423521816
41257306,120|120|120,4|4|4,0,3.72036684,6.99348029,120.000000,0.00000000,4.00000000,0.150277778,0.489624747,0.266018041,0.230097080,0.224407059,0.383333333,1.00000000,4.00000000,0.0611111111,0.219722222,0.439305556,0.425067751,0.516666667,0.616666667,-0.259527667
41265730,120|80|60,15|4|4,0,4.56621587,-1.29420894,86.6666667,60.0000000,7.66666667,0.0904629630,0.500953527,0.292396627,0.297582226,0.284180993,0.333333333,0.900000000,7.66666667,0.0944444444,0.0505555556,0.0261111111,0.0406504065,0.0111111111,0.133333333,-0.203371301
41320576,120|120|120,4|4|4,0,3.83027541,4.93828378,120.000000,0.00000000,4.00000000,0.225555556,0.491924735,0.254915327,0.225872217,0.225515729,0.416666667,1.00000000,4.00000000,0.0555555556,0.155416667,0.355694444,0.304878049,0.338888889,0.533333333,-0.266052519
41325670,120|120|120,14|28|17,1,0.287412766,-1.98109533,120.000000,0.00000000,19.6666667,0.224675926,0.547676813,0.446540961,0.438086639,0.438035367,0.305555556,0.588888889,19.6666667,0.283333333,0.00930555556,0.000138888889,0.00189701897,0.00000000,0.0444444444,-0.109590174
41357062,120|120|120,6|11|7,0,3.03740678,2.45001622,120.000000,0.00000000,8.00000000,0.174166667,0.538272064,0.330166204,0.280971988,0.267178458,0.433333333,0.922222222,8.00000000,0.116666667,0.115138889,0.173472222,0.222222222,0.222222222,0.366666667,-0.257300077
41530726,120|120|120,27|18|26,1,-1.71512850,0.617720464,120.000000,0.00000000,23.6666667,0.315092593,0.611338762,0.573276775,0.580514110,0.516742925,0.166666667,0.450000000,23.6666667,0.288888889,0.0950000000,0.0990277778,0.0944444444,0.138888889,0.261111111,-0.0308246521
41563207,120|120|120,8|8|10,0,2.77574452,-0.427107868,120.000000,0.00000000,8.66666667,0.0920833333,0.484463686,0.361943150,0.322976492,0.309981450,0.366666667,0.827777778,8.66666667,0.122222222,0.0458333333,0.0819444444,0.0726287263,0.0611111111,0.177777778,-0.161487194
41607523,120|120|120,27|22|23,1,-1.38762846,3.82976749,120.000000,0.00000000,24.0000000,0.405092593,0.639799875,0.586862024,0.487214218,0.490044509,0.250000000,0.505555556,24.0000000,0.277777778,0.108472222,0.198611111,0.352032520,0.372222222,0.477777778,-0.152585657
41630752,120|120|120,33|40|23,1,-2.41134990,-1.65036400,120.000000,0.00000000,32.0000000,0.163842593,0.617503393,0.540072743,0.567394820,0.578434975,0.111111111,0.338888889,32.0000000,0.433333333,0.0350000000,0.0284722222,0.0252032520,0.0444444444,0.100000000,-0.0501085722
41650372,120|120|120,13|17|17,1,1.05712192,1.27872429,120.000000,0.00000000,15.6666667,0.141851852,0.540163409,0.439650206,0.383864250,0.410720937,0.255555556,0.650000000,15.6666667,0.161111111,0.105555556,0.107361111,0.144308943,0.183333333,0.338888889,-0.156299159
41670523,92|108|69,4|4|4,0,5.18387347,-1.47470087,89.6666667,39.0000000,4.00000000,0.0583796296,0.514639986,0.273003901,0.230027158,0.227111667,0.422222222,1.00000000,4.00000000,0.0888888889,0.0356944444,0.0220833333,0.000677506775,0.00000000,0.138888889,-0.284612828
41702653,120|120|120,22|27|23,1,-1.46523826,0.827619442,120.000000,0.00000000,24.0000000,0.276759259,0.569840674,0.495741780,0.523124858,0.529554686,0.127777778,0.383333333,24.0000000,0.316666667,0.148333333,0.152777778,0.0394308943,0.0333333333,0.333333333,-0.0467158159
41703526,120|120|120,37|30|36,1,-3.54806293,0.293356700,120.000000,0.00000000,34.3333333,0.379398148,0.629355504,0.613473176,0.602231170,0.614102329,0.0722222222,0.238888889,34.3333333,0.455555556,0.0881944444,0.0780555556,0.112601626,0.105555556,0.255555556,-0.0271243340
41735620,120|120|120,29|33|33,1,-2.45597328,-2.00875720,120.000000,0.00000000,31.6666667,0.180648148,0.597144538,0.566869110,0.592498642,0.583606911,0.116666667,0.322222222,31.6666667,0.388888889,0.0202777778,0.00625000000,0.0159891599,0.0222222222,0.0833333333,-0.00464589627
41762350,120|120|120,40|11|31,1,-1.16268694,-1.96163098,120.000000,0.00000000,27.3333333,0.125694444,0.597772605,0.534829978,0.526698469,0.514526814,0.216666667,0.461111111,27.3333333,0.311111111,0.0213888889,0.00861111111,0.0184281843,0.00555555556,0.0888888889,-0.0710741357
41763205,120|120|120,12|13|12,1,1.12613272,1.39801797,120.000000,0.00000000,12.3333333,0.119305556,0.511865991,0.412888210,0.413445805,0.410113112,0.211111111,0.588888889,12.3333333,0.144444444,0.100833333,0.173472222,0.115989160,0.194444444,0.338888889,-0.0984201858
42031567,120|120|120,19|17|18,1,-0.153664680,-0.792304063,120.000000,0.00000000,18.0000000,0.180092593,0.593932577,0.478093833,0.465718844,0.473420138,0.166666667,0.483333333,18.0000000,0.233333333,0.0541666667,0.0580555556,0.0567750678,0.0388888889,0.150000000,-0.128213732
42037651,120|120|120,20|27|26,1,-1.61051503,-1.71621257,120.000000,0.00000000,24.3333333,0.208194444,0.623260568,0.553728740,0.539401406,0.531998849,0.105555556,0.383333333,24.3333333,0.350000000,0.0313888889,0.0133333333,0.00975609756,0.0222222222,0.0833333333,-0.0838591612
42053176,120|120|120,1|1|1,0,7.48931210,-1.09553138,120.000000,0.00000000,1.00000000,0.0791203704,0.371940916,0.00956134320,-0.00000000,-0.00000000,1.00000000,1.00000000,1.00000000,0.00000000,0.0441666667,0.000138888889,0.00000000,0.00000000,0.111111111,-0.371940916
42071563,120|120|112,7|8|13,0,3.49508718,-1.52230974,117.333333,8.00000000,9.33333333,0.0621296296,0.464053128,0.304856893,0.285049173,0.280682956,0.377777778,0.894444444,9.33333333,0.105555556,0.0304166667,0.00750000000,0.00528455285,0.0166666667,0.111111111,-0.179003955
42167053,120|120|120,22|19|19,1,0.0960494127,-1.27112751,120.000000,0.00000000,20.0000000,0.172175926,0.545045665,0.450769360,0.441070372,0.472221363,0.222222222,0.516666667,20.0000000,0.244444444,0.0477777778,0.0213888889,0.0262872629,0.0277777778,0.122222222,-0.103975293
42170365,120|120|120,16|21|16,1,0.770935311,-1.16396658,120.000000,0.00000000,17.6666667,0.124305556,0.541932945,0.393651282,0.415233550,0.450834532,0.211111111,0.555555556,17.6666667,0.172222222,0.0190277778,0.0548611111,0.0548780488,0.0277777778,0.155555556,-0.126699395
42301576,120|120|120,12|11|14,0,2.23248705,-1.16240396,120.000000,0.00000000,12.3333333,0.272592593,0.527673506,0.407680540,0.320801057,0.313740623,0.494444444,0.783333333,12.3333333,0.166666667,0.0288888889,0.0176388889,0.0163956640,0.0111111111,0.100000000,-0.206872449
42310567,120|120|120,33|28|30,1,-2.01205057,-0.552854522,120.000000,0.00000000,30.3333333,0.223703704,0.596297505,0.523369205,0.548833896,0.568957631,0.138888889,0.361111111,30.3333333,0.338888889,0.0716666667,0.0731944444,0.0811653117,0.0277777778,0.200000000,-0.0474636086
42350761,120|120|120,17|23|18,1,-0.119289033,3.88486729,120.000000,0.00000000,19.3333333,0.217824074,0.541228829,0.457215601,0.461108594,0.441393629,0.266666667,0.594444444,19.3333333,0.261111111,0.145972222,0.272222222,0.305826558,0.344444444,0.477777778,-0.0801202351
42367501,120|120|120,24|20|16,1,0.156183883,6.13891031,120.000000,0.00000000,20.0000000,0.341574074,0.504729194,0.343789441,0.395567443,0.453666338,0.261111111,0.572222222,20.0000000,0.222222222,0.214583333,0.496944444,0.343902439,0.288888889,0.666666667,-0.109161751
42370156,120|120|120,14|25|19,1,0.779960783,-2.11700566,120.000000,0.00000000,19.3333333,0.0895370370,0.543874935,0.452670981,0.423221382,0.410181268,0.322222222,0.672222222,19.3333333,0.261111111,0.00958333333,0.00652777778,0.00149051491,0.00000000,0.0555555556,-0.120653553
42510673,120|120|120,17|24|24,1,-0.163796651,-0.384704481,120.000000,0.00000000,21.6666667,0.205370370,0.592262750,0.504747357,0.467045083,0.449843023,0.311111111,0.583333333,21.6666667,0.255555556,0.0700000000,0.0544444444,0.0504065041,0.0777777778,0.200000000,-0.125217667
42563701,46|24|43,1|1|1,0,9.01347881,-1.74568859,37.6666667,22.0000000,1.00000000,0.0341203704,0.355313070,0.0150615421,-0.00000000,-0.00000000,1.00000000,1.00000000,1.00000000,0.00000000,0.0287500000,0.00277777778,0.00000000,0.00000000,0.111111111,-0.355313070
42570631,40|30|20,1|1|1,0,9.14058986,-2.04398911,30.0000000,20.0000000,1.00000000,0.0319444444,0.350558074,0.00380020339,-0.00000000,-0.00000000,1.00000000,1.00000000,1.00000000,0.00000000,0.0101388889,0.00000000,0.00000000,0.00000000,0.0777777778,-0.350558074
42605173,120|120|120,38|43|38,1,-3.98439554,-1.46113401,120.000000,0.00000000,39.6666667,0.339675926,0.647578191,0.644172647,0.643742866,0.634001650,0.0944444444,0.266666667,39.6666667,0.472222222,0.0293055556,0.0361111111,0.0273712737,0.0388888889,0.116666667,-0.00383532432
42635107,120|120|120,42|38|33,1,-3.53350891,-1.85010982,120.000000,0.00000000,37.6666667,0.241435185,0.635751762,0.622327541,0.630446630,0.619928968,0.0888888889,0.288888889,37.6666667,0.461111111,0.0316666667,0.0187500000,0.0184281843,0.0166666667,0.0888888889,-0.00530513193
42670531,120|120|120,10|15|18,0,1.89121773,-1.91500968,120.000000,0.00000000,14.3333333,0.0960648148,0.526648229,0.412222256,0.365971847,0.352615266,0.450000000,0.727777778,14.3333333,0.200000000,0.0165277778,0.00513888889,0.00135501355,0.00000000,0.0611111111,-0.160676383
42673510,101|120|120,10|22|22,0,1.78806877,-2.08871837,113.666667,19.0000000,18.0000000,0.0728703704,0.514368189,0.383082961,0.403494788,0.393783524,0.411111111,0.666666667,18.0000000,0.194444444,0.00861111111,0.00125000000,0.00325203252,0.0277777778,0.0611111111,-0.110873401
43017256,64|120|120,2|5|4,0,5.33136329,-0.406528400,101.333333,56.0000000,3.66666667,0.172037037,0.573240483,0.355607946,0.209770324,0.173545362,0.555555556,0.988888889,3.66666667,0.0277777778,0.0293055556,0.0488888889,0.0986449864,0.0833333333,0.155555556,-0.363470159
43062157,120|120|120,31|10|13,1,0.0101742357,-1.33243196,120.000000,0.00000000,18.0000000,0.250925926,0.633712411,0.523902853,0.461084344,0.434590888,0.222222222,0.600000000,18.0000000,0.211111111,0.0365277778,0.0156944444,0.0140921409,0.00555555556,0.105555556,-0.172628067
43102756,120|120|120,41|38|40,1,-4.02454838,-1.30725353,120.000000,0.00000000,39.6666667,0.346666667,0.650107000,0.623200487,0.638258882,0.638535904,0.0944444444,0.222222222,39.6666667,0.477777778,0.0547222222,0.0300000000,0.0262872629,0.0166666667,0.133333333,-0.0118481181
43160527,120|120|120,16|16|14,1,0.731956737,0.512960925,120.000000,0.00000000,15.3333333,0.195277778,0.597797647,0.492641190,0.434249345,0.382048898,0.372222222,0.705555556,15.3333333,0.238888889,0.0734722222,0.109305556,0.126829268,0.127777778,0.222222222,-0.163548302
43205167,120|120|120,32|34|46,1,-3.63513319,-1.11230063,120.000000,0.00000000,37.3333333,0.329398148,0.665483702,0.652583757,0.609731069,0.614891671,0.133333333,0.277777778,37.3333333,0.466666667,0.0416666667,0.0551388889,0.0491869919,0.0277777778,0.144444444,-0.0557526324
43215670,120|120|120,30|15|33,1,-0.987497325,-1.72922217,120.000000,0.00000000,26.0000000,0.372407407,0.606636296,0.521483173,0.520364139,0.470884002,0.311111111,0.566666667,26.0000000,0.294444444,0.0120833333,0.00750000000,0.00514905149,0.00000000,0.0500000000,-0.0862721570
43216705,120|120|120,23|14|21,1,-0.0963065087,0.443768806,120.000000,0.00000000,19.3333333,0.207129630,0.615455324,0.497675512,0.470290561,0.444316961,0.272222222,0.577777778,19.3333333,0.233333333,0.0500000000,0.0988888889,0.144986450,0.127777778,0.277777778,-0.145164763
43256071,120|120|120,32|19|21,1,-1.51062708,1.03212612,120.000000,0.00000000,24.0000000,0.248796296,0.655599860,0.608040941,0.527608428,0.510898136,0.161111111,0.455555556,24.0000000,0.277777778,0.0693055556,0.0847222222,0.166531165,0.244444444,0.294444444,-0.127991432
43507216,120|101|120,3|2|3,0,4.94973953,7.45850930,113.666667,19.0000000,2.66666667,0.223611111,0.583362584,0.379218259,0.150986725,0.0866095296,0.827777778,1.00000000,2.66666667,0.0333333333,0.147638889,0.325277778,0.565176152,0.650000000,0.722222222,-0.432375859
43521670,120|120|120,19|24|36,1,-1.50498512,-1.27169816,120.000000,0.00000000,26.3333333,0.346064815,0.604780235,0.583741348,0.512349362,0.519996871,0.194444444,0.450000000,26.3333333,0.305555556,0.0286111111,0.0200000000,0.0363143631,0.0333333333,0.0944444444,-0.0924308732
43572160,120|120|120,27|25|32,1,-1.26421814,-0.434071197,120.000000,0.00000000,28.0000000,0.417037037,0.605278581,0.496018986,0.467586908,0.521799409,0.227777778,0.483333333,28.0000000,0.300000000,0.0588888889,0.0856944444,0.0284552846,0.0222222222,0.172222222,-0.137691672
43650172,120|120|120,29|33|18,1,-1.41011161,1.61561668,120.000000,0.00000000,26.6666667,0.226388889,0.595538256,0.550022575,0.502328961,0.533214221,0.177777778,0.422222222,26.6666667,0.266666667,0.138333333,0.161805556,0.166124661,0.122222222,0.366666667,-0.0932092948
43650712,120|120|119,12|13|5,0,2.54717849,1.24436273,119.666667,1.00000000,10.0000000,0.180787037,0.558928067,0.453170254,0.313839851,0.267528980,0.572222222,0.855555556,10.0000000,0.155555556,0.154027778,0.150138889,0.0619241192,0.0444444444,0.316666667,-0.245088215
43760215,120|120|120,20|23|18,1,-0.536997580,0.822703217,120.000000,0.00000000,20.3333333,0.219444444,0.558226220,0.468359786,0.477706200,0.491260226,0.166666667,0.455555556,20.3333333,0.261111111,0.0718055556,0.139305556,0.149864499,0.138888889,0.294444444,-0.0805200195
45036271,120|120|120,42|40|37,1,-3.93103847,0.127777399,120.000000,0.00000000,39.6666667,0.380231481,0.640911817,0.620908423,0.636607421,0.626008751,0.116666667,0.283333333,39.6666667,0.450000000,0.106250000,0.108333333,0.0665311653,0.0666666667,0.227777778,-0.00430439638
45037261,120|120|120,33|45|46,1,-4.33804272,-0.00992838613,120.000000,0.00000000,41.3333333,0.428611111,0.650467420,0.622105446,0.635027157,0.648921055,0.0666666667,0.216666667,41.3333333,0.477777778,0.0783333333,0.103472222,0.0834688347,0.0666666667,0.227777778,-0.0154402635
45071263,120|120|120,13|25|25,1,-0.659807218,0.485600281,120.000000,0.00000000,21.0000000,0.239814815,0.506569406,0.460094891,0.512141709,0.484093968,0.172222222,0.488888889,21.0000000,0.288888889,0.0880555556,0.144583333,0.0964769648,0.0722222222,0.283333333,0.00557230384
45076312,120|120|120,32|27|30,1,-2.29516715,0.256939898,120.000000,0.00000000,29.6666667,0.267175926,0.583569155,0.541491617,0.569512355,0.572798949,0.105555556,0.333333333,29.6666667,0.344444444,0.119027778,0.101944444,0.0708672087,0.0555555556,0.266666667,-0.0140568007
45102367,120|120|120,36|43|36,1,-3.88808756,-0.601983185,120.000000,0.00000000,38.3333333,0.373101852,0.633921273,0.630902277,0.617919862,0.629241405,0.0777777778,0.261111111,38.3333333,0.483333333,0.0754166667,0.0459722222,0.0750677507,0.0277777778,0.194444444,-0.0160014111
45137062,120|120|120,5|7|9,0,3.11652612,3.10278487,120.000000,0.00000000,7.00000000,0.205648148,0.579847857,0.306809494,0.255892165,0.263165283,0.372222222,0.944444444,7.00000000,0.105555556,0.100555556,0.201944444,0.258130081,0.272222222,0.444444444,-0.323955692
45162073,120|120|120,27|28|24,1,-2.07639503,1.00640753,120.000000,0.00000000,26.3333333,0.318750000,0.592763631,0.597188360,0.570014982,0.547258688,0.111111111,0.377777778,26.3333333,0.283333333,0.110833333,0.0934722222,0.128048780,0.177777778,0.283333333,-0.0227486492
45173260,118|116|120,12|11|16,0,1.90364291,-1.93425082,118.000000,4.00000000,13.0000000,0.0727777778,0.509872257,0.417352618,0.394243440,0.368573675,0.311111111,0.722222222,13.0000000,0.133333333,0.0162500000,0.00625000000,0.00298102981,0.00555555556,0.0666666667,-0.115628817
45206317,120|120|120,27|23|25,1,-1.71294663,2.18519848,120.000000,0.00000000,25.0000000,0.347222222,0.595855516,0.532260240,0.529040641,0.528415589,0.172222222,0.427777778,25.0000000,0.322222222,0.166666667,0.220000000,0.144715447,0.122222222,0.361111111,-0.0668148747
45216307,120|120|120,39|39|45,1,-3.84448563,-0.816534683,120.000000,0.00000000,41.0000000,0.275416667,0.648196031,0.620943306,0.612749244,0.644702976,0.0722222222,0.244444444,41.0000000,0.444444444,0.0611111111,0.0629166667,0.0658536585,0.0388888889,0.194444444,-0.0354467869
45231607,120|120|120,27|32|24,1,-1.83848420,-0.119082169,120.000000,0.00000000,27.6666667,0.266574074,0.600211460,0.534600287,0.543184084,0.541858603,0.155555556,0.405555556,27.6666667,0.350000000,0.0861111111,0.0934722222,0.0718157182,0.0666666667,0.205555556,-0.0570273759
45237061,120|120|120,42|34|33,1,-3.58210922,0.102979814,120.000000,0.00000000,36.3333333,0.340138889,0.631272722,0.620742611,0.600781058,0.613777928,0.0777777778,0.266666667,36.3333333,0.461111111,0.0880555556,0.0990277778,0.0776422764,0.0777777778,0.266666667,-0.0304916644
45273016,120|120|120,18|17|23,1,0.544672129,-1.49777068,120.000000,0.00000000,19.3333333,0.131805556,0.554522890,0.488254520,0.407623192,0.428744030,0.327777778,0.605555556,19.3333333,0.266666667,0.0358333333,0.0241666667,0.0168021680,0.0166666667,0.105555556,-0.146899697
45306172,120|120|120,25|27|30,1,-2.07773550,-0.824285839,120.000000,0.00000000,27.3333333,0.324490741,0.592448955,0.533001689,0.544280447,0.559671398,0.105555556,0.338888889,27.3333333,0.372222222,0.0568055556,0.0523611111,0.0486449864,0.0388888889,0.144444444,-0.0481685086
45601732,120|120|120,23|27|24,1,-1.86460727,1.37805866,120.000000,0.00000000,24.6666667,0.396759259,0.579612818,0.578975690,0.553663494,0.528470852,0.116666667,0.405555556,24.6666667,0.266666667,0.143194444,0.124444444,0.0995934959,0.144444444,0.294444444,-0.0259493246
45610273,120|120|120,11|26|21,1,0.0468638686,4.59599389,120.000000,0.00000000,19.3333333,0.221620370,0.584695268,0.511880407,0.442517305,0.411600902,0.400000000,0.600000000,19.3333333,0.238888889,0.140972222,0.229166667,0.381165312,0.483333333,0.511111111,-0.142177963
45617230,120|120|120,29|32|40,1,-2.35628272,-0.871295966,120.000000,0.00000000,33.6666667,0.294861111,0.622858138,0.552586199,0.546006026,0.579618069,0.172222222,0.355555556,33.6666667,0.344444444,0.0786111111,0.0311111111,0.0279132791,0.0166666667,0.177777778,-0.0768521122
45623071,120|120|120,27|24|25,1,-0.596680793,-0.446701728,120.000000,0.00000000,25.3333333,0.179027778,0.555532921,0.463944556,0.471166706,0.500859044,0.250000000,0.477777778,25.3333333,0.283333333,0.0729166667,0.0518055556,0.0844173442,0.0611111111,0.200000000,-0.0843662147
45631702,120|120|120,23|17|26,1,0.0862506450,0.486526573,120.000000,0.00000000,22.0000000,0.262407407,0.530666329,0.370943643,0.411181124,0.472091750,0.244444444,0.544444444,22.0000000,0.266666667,0.144027778,0.0887500000,0.0430894309,0.0277777778,0.283333333,-0.119485206
45703126,120|120|120,19|32|24,1,-1.95412648,1.80583101,120.000000,0.00000000,25.0000000,0.356712963,0.590004030,0.575659066,0.549069578,0.522130720,0.150000000,0.438888889,25.0000000,0.355555556,0.166527778,0.154166667,0.139295393,0.0888888889,0.377777778,-0.0409344519
45760231,39|38|39,1|1|1,0,8.63201277,-1.08596291,38.6666667,1.00000000,1.00000000,0.0410185185,0.368786675,0.0159610879,-0.00000000,-0.00000000,1.00000000,1.00000000,1.00000000,0.00000000,0.0715277778,0.00833333333,0.00000000,0.00000000,0.183333333,-0.368786675
45761230,54|41|91,1|1|1,0,8.88539040,-1.13391257,62.0000000,50.0000000,1.00000000,0.0692129630,0.395887303,0.0376868377,0.00136708086,-0.00000000,1.00000000,1.00000000,1.00000000,0.00000000,0.0666666667,0.00916666667,0.00000000,0.00000000,0.161111111,-0.394520222
46021375,120|120|120,1|1|1,0,7.27699798,-0.544598536,120.000000,0.00000000,1.00000000,0.119814815,0.419757563,0.0385164839,-0.00000000,-0.00000000,1.00000000,1.00000000,1.00000000,0.00000000,0.0772222222,0.00916666667,0.00000000,0.00000000,0.161111111,-0.419757563
46025137,120|120|120,22|12|22,1,1.09748893,-1.69720175,120.000000,0.00000000,18.6666667,0.123379630,0.550152033,0.350980618,0.392967817,0.407562419,0.355555556,0.666666667,18.6666667,0.272222222,0.0302777778,0.00708333333,0.00772357724,0.00555555556,0.0944444444,-0.157184216
46025317,120|120|120,14|15|30,1,0.117083568,-1.46307953,120.000000,0.00000000,19.6666667,0.171018519,0.516653616,0.392575466,0.476583378,0.467672179,0.222222222,0.522222222,19.6666667,0.255555556,0.0259722222,0.0100000000,0.0304878049,0.0333333333,0.133333333,-0.0400702372
46123507,120|117|99,4|4|4,0,4.84510304,-1.90072801,112.000000,21.0000000,4.00000000,0.0493981481,0.412877439,0.240290720,0.238178628,0.226253387,0.416666667,1.00000000,4.00000000,0.0833333333,0.0140277778,0.00000000,0.00000000,0.00000000,0.0611111111,-0.174698812
46135702,120|120|120,12|15|25,1,0.0555027952,-1.44098708,120.000000,0.00000000,17.3333333,0.133888889,0.605681200,0.526905376,0.490513796,0.435119903,0.205555556,0.594444444,17.3333333,0.216666667,0.0430555556,0.0301388889,0.0132791328,0.0111111111,0.105555556,-0.115167404
46135720,120|120|120,23|10|34,1,-0.939718842,-1.64037464,120.000000,0.00000000,22.3333333,0.174305556,0.601068012,0.558677503,0.511200493,0.492476203,0.177777778,0.477777778,22.3333333,0.316666667,0.0222222222,0.0204166667,0.0322493225,0.0166666667,0.100000000,-0.0898675190
46153720,120|120|120,29|27|18,1,-1.26552578,3.54757256,120.000000,0.00000000,24.6666667,0.529212963,0.534950293,0.514069426,0.503139016,0.495594597,0.250000000,0.494444444,24.6666667,0.222222222,0.150972222,0.220833333,0.251490515,0.261111111,0.438888889,-0.0318112766
46175302,120|120|120,18|16|15,1,0.945095217,-1.76466508,120.000000,0.00000000,16.3333333,0.140509259,0.561995776,0.481130046,0.410409892,0.402591562,0.333333333,0.633333333,16.3333333,0.205555556,0.0161111111,0.0158333333,0.00813008130,0.0111111111,0.0722222222,-0.151585884
46235071,120|120|120,42|40|44,1,-4.28383297,-1.34031411,120.000000,0.00000000,42.0000000,0.364351852,0.637337117,0.633533723,0.640579920,0.652084359,0.0722222222,0.216666667,42.0000000,0.494444444,0.0370833333,0.0316666667,0.0443089431,0.0388888889,0.122222222,0.00324280322
46235107,120|120|120,25|27|30,1,-2.04318138,-1.21238790,120.000000,0.00000000,27.3333333,0.197453704,0.608012075,0.570097352,0.561759178,0.560929812,0.127777778,0.327777778,27.3333333,0.366666667,0.0391666667,0.0381944444,0.0449864499,0.0777777778,0.116666667,-0.0462528964
46317250,120|120|120,30|22|27,1,-1.24705869,-1.97637548,120.000000,0.00000000,26.3333333,0.223009259,0.609731263,0.549152718,0.530099522,0.524038016,0.188888889,0.455555556,26.3333333,0.266666667,0.0152777778,0.00305555556,0.00284552846,0.0111111111,0.0555555556,-0.0796317410
46325017,120|120|120,8|21|13,1,1.31989071,-1.89345048,120.000000,0.00000000,14.0000000,0.118657407,0.501297624,0.391079413,0.408806059,0.396647743,0.227777778,0.677777778,14.0000000,0.205555556,0.0161111111,0.00263888889,0.00962059621,0.00555555556,0.0666666667,-0.0924915656
46327150,120|120|120,27|18|32,1,-0.820330183,-2.21564511,120.000000,0.00000000,25.6666667,0.175601852,0.563206584,0.497055264,0.516941486,0.502199992,0.222222222,0.505555556,25.6666667,0.294444444,0.00583333333,0.00291666667,0.00203252033,0.00000000,0.0444444444,-0.0462650980
46520731,38|37|27,1|1|1,0,8.81938287,-1.68816608,34.0000000,11.0000000,1.00000000,0.0418981481,0.396227581,0.0238557171,-0.00000000,-0.00000000,1.00000000,1.00000000,1.00000000,0.00000000,0.0373611111,0.000416666667,0.00000000,0.00000000,0.0944444444,-0.396227581
46715203,120|120|115,9|25|1,0,2.73771954,-1.60952629,118.333333,5.00000000,11.6666667,0.116527778,0.543599945,0.456440249,0.311873683,0.263153324,0.583333333,0.772222222,11.6666667,0.150000000,0.0154166667,0.0205555556,0.0139566396,0.0111111111,0.0722222222,-0.231726262
46721503,120|120|120,10|13|6,0,2.02348368,4.87841413,120.000000,0.00000000,9.66666667,0.210509259,0.439807514,0.374144231,0.367193457,0.334829558,0.366666667,0.766666667,9.66666667,0.105555556,0.170555556,0.355694444,0.326558266,0.355555556,0.522222222,-0.0726140578
46725130,120|120|120,19|11|17,1,1.29973668,-1.36463026,120.000000,0.00000000,15.6666667,0.275231481,0.565362325,0.490291903,0.389898391,0.351023469,0.405555556,0.744444444,15.6666667,0.161111111,0.0170833333,0.0148611111,0.0172086721,0.0166666667,0.0833333333,-0.175463933
46730521,101|35|62,4|4|4,0,5.95720539,-1.38359138,66.0000000,66.0000000,4.00000000,0.0630555556,0.507737095,0.268313110,0.229680323,0.229093702,0.400000000,1.00000000,4.00000000,0.0444444444,0.0520833333,0.0390277778,0.00000000,0.00000000,0.155555556,-0.278056772
46731520,42|77|51,4|4|4,0,5.74374495,-1.91106577,56.6666667,35.0000000,4.00000000,0.0511574074,0.492448997,0.228438481,0.226077264,0.222569706,0.405555556,1.00000000,4.00000000,0.0833333333,0.0318055556,0.000972222222,0.00000000,0.00000000,0.0888888889,-0.266371733
47025136,120|120|67,8|24|1,0,4.48680492,-1.06263049,102.333333,53.0000000,11.0000000,0.128333333,0.570752575,0.362602803,0.240986718,0.221457140,0.644444444,0.861111111,11.0000000,0.100000000,0.0202777778,0.0437500000,0.0512195122,0.0611111111,0.122222222,-0.329765857
47025613,95|35|38,1|1|1,0,9.15560764,-1.78084066,56.0000000,60.0000000,1.00000000,0.0432407407,0.369274561,0.0480223153,0.0105147935,-0.00000000,1.00000000,1.00000000,1.00000000,0.00000000,0.0281944444,0.0127777778,0.00000000,0.00000000,0.0833333333,-0.358759768
47052136,120|120|120,29|26|30,1,-2.08613026,0.519301477,120.000000,0.00000000,28.3333333,0.297592593,0.587479473,0.541005286,0.575462457,0.554402959,0.133333333,0.372222222,28.3333333,0.305555556,0.0959722222,0.140277778,0.0661246612,0.116666667,0.266666667,-0.0120170159
47132650,120|120|120,11|15|19,1,0.168161720,-1.98623181,120.000000,0.00000000,15.0000000,0.152824074,0.579249299,0.520168389,0.502644147,0.436103931,0.183333333,0.550000000,15.0000000,0.188888889,0.0113888889,0.00111111111,0.00447154472,0.0111111111,0.0500000000,-0.0766051528
47156023,120|120|120,35|30|29,1,-2.09960676,-1.70742028,120.000000,0.00000000,31.3333333,0.164537037,0.581069024,0.518811441,0.555162908,0.584120966,0.111111111,0.305555556,31.3333333,0.355555556,0.0336111111,0.0281944444,0.0201897019,0.0277777778,0.105555556,-0.0259061155
47206513,120|120|120,25|24|33,1,-2.00917629,1.88158558,120.000000,0.00000000,27.3333333,0.275740741,0.599610465,0.562582188,0.551908815,0.545260188,0.166666667,0.377777778,27.3333333,0.322222222,0.160555556,0.175138889,0.143495935,0.177777778,0.333333333,-0.0477016503
47210635,120|120|120,17|14|16,1,0.394691402,4.52688229,120.000000,0.00000000,15.6666667,0.268518519,0.566569541,0.500770864,0.431229250,0.388557997,0.388888889,0.672222222,15.6666667,0.255555556,0.0954166667,0.236666667,0.403929539,0.472222222,0.544444444,-0.135340292
47216305,120|120|120,22|23|27,1,-1.06708801,0.793171845,120.000000,0.00000000,24.0000000,0.238981481,0.631553670,0.568189985,0.506799292,0.487592910,0.222222222,0.538888889,24.0000000,0.283333333,0.0848611111,0.107916667,0.149728997,0.161111111,0.255555556,-0.124754379
47230516,120|120|120,34|33|29,1,-2.01828509,-2.16554310,120.000000,0.00000000,32.0000000,0.0986111111,0.597266547,0.522960807,0.545894482,0.583266477,0.144444444,0.327777778,32.0000000,0.388888889,0.0194444444,0.00763888889,0.00962059621,0.0166666667,0.0833333333,-0.0513720655
47235016,120|120|120,33|34|36,1,-3.23333291,-0.889364620,120.000000,0.00000000,34.3333333,0.303472222,0.638089681,0.613330799,0.612413348,0.607059476,0.0944444444,0.277777778,34.3333333,0.405555556,0.0445833333,0.0550000000,0.0502710027,0.0777777778,0.155555556,-0.0256763332
47236105,120|120|120,37|41|39,1,-3.84921034,-1.40293423,120.000000,0.00000000,39.0000000,0.239953704,0.642735659,0.645525979,0.626808770,0.634411435,0.0833333333,0.238888889,39.0000000,0.494444444,0.0470833333,0.0372222222,0.0424119241,0.0333333333,0.133333333,-0.0159268890
47265310,120|120|120,9|27|9,0,2.20844031,-1.97551725,120.000000,0.00000000,15.0000000,0.102500000,0.495682417,0.297983729,0.329850974,0.363028145,0.394444444,0.744444444,15.0000000,0.205555556,0.0101388889,0.000138888889,0.000271002710,0.00555555556,0.0555555556,-0.165831442
47351026,120|120|120,15|31|24,1,-0.0754784741,-1.62155151,120.000000,0.00000000,23.3333333,0.122129630,0.545168649,0.430465871,0.439707877,0.480920338,0.233333333,0.505555556,23.3333333,0.288888889,0.0237500000,0.0194444444,0.0126016260,0.0388888889,0.122222222,-0.105460772
47356201,120|120|120,27|29|29,1,-2.04232377,-0.719962099,120.000000,0.00000000,28.3333333,0.240972222,0.582443735,0.546744282,0.555234012,0.565970852,0.0944444444,0.333333333,28.3333333,0.333333333,0.0608333333,0.0723611111,0.0556910569,0.0444444444,0.177777778,-0.0272097234
47516032,120|120|120,21|22|19,1,-0.0440180023,0.142437941,120.000000,0.00000000,20.6666667,0.290833333,0.613650740,0.560786377,0.479830341,0.412614403,0.355555556,0.661111111,20.6666667,0.177777778,0.0926388889,0.0884722222,0.0617886179,0.0333333333,0.233333333,-0.133820399
47602315,120|104|120,9|3|4,0,4.56429896,0.793557003,114.666667,16.0000000,5.33333333,0.110555556,0.552096245,0.396997755,0.223147506,0.145802049,0.733333333,0.961111111,5.33333333,0.0444444444,0.150277778,0.105833333,0.0326558266,0.0166666667,0.305555556,-0.328948739
47625130,120|120|120,33|30|38,1,-2.40005245,-2.21985615,120.000000,0.00000000,33.6666667,0.227083333,0.587912312,0.556974009,0.596790973,0.585717948,0.144444444,0.344444444,33.6666667,0.327777778,0.00763888889,0.00152777778,0.00596205962,0.0111111111,0.0500000000,0.00887866043
47631250,120|120|118,16|13|12,1,1.48851554,-2.14192076,119.333333,2.00000000,13.6666667,0.0716203704,0.516021343,0.420637884,0.420618432,0.387550566,0.322222222,0.666666667,13.6666667,0.183333333,0.00791666667,0.000277777778,0.00189701897,0.00000000,0.0500000000,-0.0954029109
47651032,49|51|53,1|1|1,0,8.52955217,-1.66891157,51.0000000,4.00000000,1.00000000,0.0357870370,0.372234929,0.0258492561,0.000124280078,-0.00000000,1.00000000,1.00000000,1.00000000,0.00000000,0.0287500000,0.000277777778,0.00000000,0.00000000,0.100000000,-0.372110649
47651302,29|27|64,1|1|1,0,9.05805484,-1.80241881,40.0000000,37.0000000,1.00000000,0.0393518519,0.387573450,0.0498634353,0.00374539572,-0.00000000,1.00000000,1.00000000,1.00000000,0.00000000,0.0245833333,0.00180555556,0.00000000,0.00000000,0.105555556,-0.383828054
47652310,29|36|42,1|1|1,0,8.89818571,-1.65724957,35.6666667,13.0000000,1.00000000,0.0421296296,0.366164723,0.00729366341,-0.00000000,-0.00000000,1.00000000,1.00000000,1.00000000,0.00000000,0.0369444444,0.00000000,0.00000000,0.00000000,0.111111111,-0.366164723
50123674,37|59|36,1|1|1,0,8.95062283,-1.90084217,44.0000000,23.0000000,1.00000000,0.0480555556,0.354414645,0.00836389720,-0.00000000,-0.00000000,1.00000000,1.00000000,1.00000000,0.00000000,0.0147222222,0.00000000,0.00000000,0.00000000,0.0833333333,-0.354414645
50126734,120|120|120,27|39|28,1,-2.37756503,-1.86857498,120.000000,0.00000000,31.3333333,0.218750000,0.580658574,0.542028202,0.583481867,0.574890945,0.116666667,0.350000000,31.3333333,0.411111111,0.0231944444,0.00875000000,0.0203252033,0.00555555556,0.111111111,0.00282329378
50126743,120|120|120,29|27|22,1,-1.61983240,-0.102315388,120.000000,0.00000000,26.0000000,0.291666667,0.585530216,0.518684665,0.518216102,0.529770420,0.166666667,0.422222222,26.0000000,0.383333333,0.0548611111,0.105138889,0.0860433604,0.0833333333,0.222222222,-0.0673141142
50132746,120|120|120,39|40|33,1,-3.60558611,-0.152492995,120.000000,0.00000000,37.3333333,0.332824074,0.644408116,0.614503793,0.634938951,0.613502430,0.100000000,0.316666667,37.3333333,0.433333333,0.0501388889,0.0725000000,0.0907859079,0.155555556,0.216666667,-0.00946916516
50163247,120|120|120,26|34|31,1,-1.43748625,-1.55580424,120.000000,0.00000000,30.3333333,0.213009259,0.543351115,0.427646498,0.518539773,0.545873715,0.211111111,0.400000000,30.3333333,0.377777778,0.0373611111,0.0144444444,0.0231707317,0.0166666667,0.133333333,-0.0248113419
50241673,120|120|120,13|9|23,1,1.51248136,-1.38896550,120.000000,0.00000000,15.0000000,0.299768519,0.467404925,0.351643061,0.374244492,0.376989947,0.366666667,0.705555556,15.0000000,0.216666667,0.0308333333,0.00388888889,0.00271002710,0.00000000,0.100000000,-0.0931604329
50321476,120|37|120,2|1|2,0,8.75748387,-1.79535452,92.3333333,83.0000000,1.66666667,0.0622685185,0.364998788,0.0384459092,0.0294466113,0.0294466113,0.955555556,1.00000000,1.66666667,0.00000000,0.0198611111,0.00000000,0.00000000,0.00000000,0.0777777778,-0.335552176
50361472,56|46|43,1|1|1,0,8.59360529,-1.80905580,48.3333333,13.0000000,1.00000000,0.0640277778,0.420645315,0.0290577872,-0.00000000,-0.00000000,1.00000000,1.00000000,1.00000000,0.00000000,0.0161111111,0.000555555556,0.00000000,0.00000000,0.0722222222,-0.420645315
50364271,120|120|120,33|29|16,1,-0.990984216,2.64000542,120.000000,0.00000000,26.0000000,0.328379630,0.576926396,0.411445020,0.499080649,0.498540901,0.238888889,0.533333333,26.0000000,0.300000000,0.0515277778,0.232222222,0.252574526,0.294444444,0.466666667,-0.0778457475
50371624,120|120|120,3|1|4,0,5.41608575,0.376420805,120.000000,0.00000000,2.66666667,0.368148148,0.568491979,0.299066555,0.100628281,0.0485520357,0.927777778,1.00000000,2.66666667,0.0111111111,0.102361111,0.0441666667,0.00271002710,0.00000000,0.211111111,-0.467863697
50412637,120|120|120,27|12|17,1,0.264545096,-0.0755661644,120.000000,0.00000000,18.6666667,0.246666667,0.563104230,0.422649514,0.449400822,0.434992238,0.311111111,0.600000000,18.6666667,0.261111111,0.0536111111,0.0904166667,0.105420054,0.0722222222,0.200000000,-0.113703408
50421637,120|120|120,16|15|13,1,1.00106275,-1.66754143,120.000000,0.00000000,14.6666667,0.182268519,0.580278744,0.430006216,0.442941515,0.388932117,0.344444444,0.672222222,14.6666667,0.205555556,0.0183333333,0.00888888889,0.0127371274,0.00555555556,0.0777777778,-0.137337228
50461327,120|120|120,16|24|23,1,0.215419648,-1.84793491,120.000000,0.00000000,21.0000000,0.291574074,0.466933728,0.321400136,0.452990329,0.467942189,0.250000000,0.522222222,21.0000000,0.277777778,0.00680555556,0.00486111111,0.00907859079,0.00555555556,0.0611111111,-0.0139433988
50463217,120|120|120,10|11|6,0,3.11114835,-1.76959623,120.000000,0.00000000,9.00000000,0.118796296,0.460993943,0.352013841,0.319676328,0.285104601,0.472222222,0.838888889,9.00000000,0.100000000,0.0115277778,0.00888888889,0.00555555556,0.00000000,0.0611111111,-0.141317615
50471326,120|120|120,3|1|3,0,4.96923485,0.720350555,120.000000,0.00000000,2.33333333,0.356527778,0.560506638,0.398853178,0.136215741,0.0666397765,0.888888889,1.00000000,2.33333333,0.0222222222,0.105416667,0.0825000000,0.0128726287,0.00000000,0.272222222,-0.424290896
50621734,120|120|120,29|25|34,1,-2.08861394,-1.08061391,120.000000,0.00000000,29.3333333,0.263657407,0.577179067,0.572445000,0.550860003,0.563994706,0.122222222,0.372222222,29.3333333,0.355555556,0.0411111111,0.0351388889,0.0600271003,0.0277777778,0.166666667,-0.0263190639
50641372,120|120|120,33|26|18,1,-1.24754635,-1.13183326,120.000000,0.00000000,25.6666667,0.283750000,0.545030202,0.510002597,0.517023260,0.527007813,0.177777778,0.427777778,25.6666667,0.305555556,0.0261111111,0.0280555556,0.0471544715,0.0611111111,0.138888889,-0.0280069418
50672314,120|120|120,6|2|5,0,4.02325010,0.973183106,120.000000,0.00000000,4.33333333,0.340277778,0.554433775,0.460310093,0.234225184,0.110370115,0.833333333,0.977777778,4.33333333,0.0611111111,0.130833333,0.100972222,0.0296747967,0.00000000,0.288888889,-0.320208592
50673142,120|120|120,35|13|28,1,-1.25934313,2.10357056,120.000000,0.00000000,25.3333333,0.213287037,0.563646564,0.486557010,0.531615414,0.507426339,0.194444444,0.477777778,25.3333333,0.311111111,0.132777778,0.183472222,0.168699187,0.211111111,0.422222222,-0.0320311499
50712346,120|120|120,27|25|30,1,-1.52758018,0.669026898,120.000000,0.00000000,27.3333333,0.361574074,0.643420247,0.539231851,0.512896659,0.517700049,0.227777778,0.477777778,27.3333333,0.288888889,0.0622222222,0.104166667,0.136043360,0.138888889,0.266666667,-0.130523588
50723146,120|120|120,31|29|27,1,-1.99738754,-1.13346923,120.000000,0.00000000,29.0000000,0.309074074,0.590465359,0.519427416,0.558191528,0.562028271,0.133333333,0.372222222,29.0000000,0.333333333,0.0265277778,0.0443055556,0.0348238482,0.0388888889,0.161111111,-0.0322738308
50724631,120|120|120,21|15|16,1,0.540596393,2.91117325,120.000000,0.00000000,17.3333333,0.287361111,0.565973939,0.437648722,0.425805598,0.396848413,0.372222222,0.683333333,17.3333333,0.238888889,0.0355555556,0.169722222,0.313143631,0.388888889,0.461111111,-0.140168341
50731642,120|120|120,27|29|26,1,-1.29656883,2.39977565,120.000000,0.00000000,27.3333333,0.242638889,0.561434894,0.463294151,0.505565260,0.520353479,0.211111111,0.488888889,27.3333333,0.333333333,0.139444444,0.219166667,0.229268293,0.211111111,0.361111111,-0.0558696337
50746213,120|120|120,34|34|39,1,-2.84174350,-0.471028449,120.000000,0.00000000,35.6666667,0.305879630,0.571218387,0.523171591,0.554737338,0.607428968,0.100000000,0.305555556,35.6666667,0.438888889,0.0894444444,0.0827777778,0.0497289973,0.0500000000,0.172222222,-0.0164810491
51026437,120|120|120,31|15|37,1,-1.19758661,-1.49067209,120.000000,0.00000000,27.6666667,0.175740741,0.605373108,0.517230670,0.502525425,0.510972998,0.244444444,0.438888889,27.6666667,0.344444444,0.0284722222,0.0205555556,0.0277777778,0.0500000000,0.116666667,-0.102847683
51027364,120|120|120,7|16|11,0,2.28294273,2.64575125,120.000000,0.00000000,11.3333333,0.200925926,0.530273181,0.357421559,0.308694445,0.309191999,0.361111111,0.855555556,11.3333333,0.155555556,0.119166667,0.251250000,0.177777778,0.194444444,0.416666667,-0.221578736
51076243,120|120|120,30|32|25,1,-1.85183139,0.518551612,120.000000,0.00000000,29.0000000,0.231620370,0.615638656,0.528811649,0.533699831,0.555693439,0.127777778,0.400000000,29.0000000,0.311111111,0.109583333,0.128333333,0.0890243902,0.105555556,0.255555556,-0.0819388249
51230674,120|120|120,44|40|47,1,-4.35749636,-0.327918707,120.000000,0.00000000,43.6666667,0.314490741,0.626313871,0.630240157,0.638246269,0.662216366,0.0666666667,0.200000000,43.6666667,0.477777778,0.0975000000,0.0666666667,0.0765582656,0.0666666667,0.211111111,0.0119323984
51240763,120|120|120,39|38|38,1,-3.61862547,0.831536448,120.000000,0.00000000,38.3333333,0.298796296,0.601238539,0.569501999,0.598053533,0.628515446,0.0944444444,0.261111111,38.3333333,0.494444444,0.115277778,0.150138889,0.117073171,0.105555556,0.322222222,-0.00318500635
51246073,120|120|120,20|16|25,1,-0.245453038,3.16028400,120.000000,0.00000000,20.3333333,0.294490741,0.604347866,0.510080984,0.441935149,0.426671606,0.355555556,0.633333333,20.3333333,0.311111111,0.0820833333,0.186527778,0.322086721,0.355555556,0.438888889,-0.162412717
51270643,120|120|120,22|32|27,1,-1.50339327,-1.43265560,120.000000,0.00000000,27.0000000,0.182361111,0.590456659,0.556622793,0.527328010,0.531222425,0.216666667,0.405555556,27.0000000,0.361111111,0.0406944444,0.0294444444,0.0341463415,0.0333333333,0.111111111,-0.0631286483
51340762,120|120|120,6|6|8,0,3.21439999,2.58009399,120.000000,0.00000000,6.66666667,0.163750000,0.581708487,0.366883914,0.254944443,0.254100452,0.438888889,0.944444444,6.66666667,0.0944444444,0.114861111,0.200277778,0.223983740,0.188888889,0.394444444,-0.326764044
51342067,120|120|120,39|40|35,1,-3.60400509,-1.18441111,120.000000,0.00000000,38.0000000,0.262870370,0.623291259,0.608344015,0.619715747,0.622267902,0.0944444444,0.283333333,38.0000000,0.494444444,0.0525000000,0.0434722222,0.0468834688,0.0500000000,0.138888889,-0.00357551161
51437602,120|120|120,42|37|41,1,-4.15759516,-0.472166771,120.000000,0.00000000,40.0000000,0.320324074,0.665882545,0.653621395,0.641651219,0.636438994,0.0722222222,0.255555556,40.0000000,0.488888889,0.0681944444,0.0754166667,0.0754742547,0.0722222222,0.200000000,-0.0242313258
51473206,120|120|120,28|20|23,1,-0.820923451,1.18670780,120.000000,0.00000000,23.6666667,0.233101852,0.558309806,0.440871821,0.467221895,0.503935753,0.188888889,0.483333333,23.6666667,0.350000000,0.0765277778,0.161527778,0.190108401,0.122222222,0.350000000,-0.0910879110
51476023,120|120|120,29|24|22,1,-1.03602629,0.962611450,120.000000,0.00000000,25.0000000,0.222916667,0.564222300,0.465374146,0.503060823,0.510109856,0.194444444,0.477777778,25.0000000,0.316666667,0.0923611111,0.190277778,0.123306233,0.0888888889,0.327777778,-0.0611614767
51642307,120|120|120,9|4|4,0,3.29598406,0.395657130,120.000000,0.00000000,5.66666667,0.143796296,0.558832969,0.365773264,0.250703638,0.256042917,0.377777778,0.950000000,5.66666667,0.138888889,0.0569444444,0.0951388889,0.109078591,0.111111111,0.222222222,-0.308129331
51674302,120|120|120,13|9|3,0,3.43893190,-1.52121414,120.000000,0.00000000,8.33333333,0.0866203704,0.551778501,0.293752413,0.277663108,0.249158495,0.455555556,0.922222222,8.33333333,0.133333333,0.0255555556,0.00194444444,0.00230352304,0.00555555556,0.100000000,-0.274115393
51743620,120|120|120,23|11|21,1,0.523573528,-1.80222649,120.000000,0.00000000,18.3333333,0.122500000,0.547097756,0.440237881,0.436627237,0.437810017,0.244444444,0.605555556,18.3333333,0.250000000,0.0176388889,0.0100000000,0.0197831978,0.0166666667,0.0777777778,-0.110470519
51746230,120|120|120,26|28|21,1,-0.698900011,-1.73342671,120.000000,0.00000000,25.0000000,0.194583333,0.571509430,0.487182115,0.506934631,0.499808092,0.255555556,0.494444444,25.0000000,0.272222222,0.0247222222,0.0206944444,0.0180216802,0.00555555556,0.0833333333,-0.0645747984
52014367,120|120|120,47|45|41,1,-4.60008136,-1.29686069,120.000000,0.00000000,44.3333333,0.276250000,0.663875383,0.639276826,0.643766641,0.661663080,0.0777777778,0.216666667,44.3333333,0.588888889,0.0502777778,0.0579166667,0.0430894309,0.0333333333,0.138888889,-0.0201087419
52340176,120|120|120,1|1|1,0,7.51386418,-1.14071527,120.000000,0.00000000,1.00000000,0.0740740741,0.357928289,0.0117933143,-0.00000000,-0.00000000,1.00000000,1.00000000,1.00000000,0.00000000,0.0398611111,0.00180555556,0.00000000,0.00000000,0.111111111,-0.357928289
52340671,120|120|120,18|18|18,1,1.26203419,0.226524678,120.000000,0.00000000,18.0000000,0.145509259,0.545406330,0.399029332,0.394622940,0.373159474,0.383333333,0.705555556,18.0000000,0.177777778,0.100138889,0.102777778,0.0765582656,0.0333333333,0.266666667,-0.150783389
52347061,120|120|120,27|20|32,1,-0.974196113,-0.836432802,120.000000,0.00000000,26.3333333,0.276944444,0.534514463,0.483110537,0.501371568,0.516737104,0.194444444,0.483333333,26.3333333,0.272222222,0.0701388889,0.0440277778,0.0235772358,0.0222222222,0.166666667,-0.0331428952
52347160,120|120|120,21|25|21,1,-0.224486510,-1.84842599,120.000000,0.00000000,22.3333333,0.292453704,0.515318753,0.415948491,0.449622231,0.482812450,0.205555556,0.533333333,22.3333333,0.300000000,0.0115277778,0.00250000000,0.00176151762,0.00000000,0.0666666667,-0.0656965221
52410736,120|106|110,6|1|1,0,5.23913047,11.4254361,112.000000,14.0000000,2.66666667,0.202777778,0.567395329,0.310684298,0.110074089,0.0541424012,0.922222222,0.977777778,2.66666667,0.0277777778,0.180972222,0.581250000,0.846070461,0.922222222,0.927777778,-0.457321240
52413076,120|120|120,7|1|6,0,4.26864869,1.66011981,120.000000,0.00000000,4.66666667,0.383796296,0.567557914,0.361052519,0.200691236,0.117179476,0.822222222,0.966666667,4.66666667,0.0388888889,0.102638889,0.162222222,0.114363144,0.0500000000,0.305555556,-0.366866678
52413670,120|120|120,8|1|7,0,4.74271828,-1.04530993,120.000000,0.00000000,5.33333333,0.369675926,0.552667795,0.251230440,0.137356106,0.144170876,0.772222222,0.933333333,5.33333333,0.0555555556,0.0163888889,0.00263888889,0.00216802168,0.00000000,0.0611111111,-0.415311689
52461703,120|120|120,32|25|24,1,-1.52137729,1.16443644,120.000000,0.00000000,27.0000000,0.251064815,0.500967117,0.500959325,0.582110060,0.514300444,0.227777778,0.483333333,27.0000000,0.322222222,0.126250000,0.192777778,0.0887533875,0.0666666667,0.388888889,0.0811429433
52463170,120|120|120,2|6|5,0,4.40912079,-1.18919390,120.000000,0.00000000,4.33333333,0.335277778,0.534947580,0.403993785,0.234450544,0.0967096168,0.861111111,0.977777778,4.33333333,0.0444444444,0.0125000000,0.00263888889,0.000135501355,0.00000000,0.0611111111,-0.300497036
52467031,120|120|120,13|10|9,0,2.04888725,2.52942598,120.000000,0.00000000,10.6666667,0.139259259,0.552342435,0.420147669,0.350109807,0.332932988,0.350000000,0.811111111,10.6666667,0.111111111,0.118472222,0.176250000,0.249593496,0.283333333,0.327777778,-0.202232629
52643071,120|120|120,11|11|3,0,3.42515322,-1.04401241,120.000000,0.00000000,8.33333333,0.249814815,0.514052071,0.343505250,0.282256157,0.230372817,0.638888889,0.861111111,8.33333333,0.0888888889,0.0318055556,0.00902777778,0.0149051491,0.0166666667,0.111111111,-0.231795914
52716043,120|118|120,31|20|26,1,-1.04329343,-1.16697536,119.333333,2.00000000,25.6666667,0.235000000,0.626408775,0.547020199,0.495168549,0.519862373,0.183333333,0.455555556,25.6666667,0.244444444,0.0461111111,0.0393055556,0.0172086721,0.0388888889,0.122222222,-0.131240226
52740361,120|120|120,13|17|18,1,0.511804426,3.31516085,120.000000,0.00000000,16.0000000,0.173796296,0.565131689,0.405010690,0.427673258,0.434603805,0.200000000,0.611111111,16.0000000,0.183333333,0.116250000,0.236111111,0.339972900,0.200000000,0.538888889,-0.137458431
52743061,120|120|120,17|25|21,1,-0.535114538,0.388878128,120.000000,0.00000000,21.0000000,0.198379630,0.563031742,0.505247114,0.480468332,0.486911319,0.188888889,0.483333333,21.0000000,0.255555556,0.0700000000,0.118888889,0.136043360,0.0777777778,0.283333333,-0.0825634107
52760134,120|120|120,1|1|1,0,7.39858377,-1.13320742,120.000000,0.00000000,1.00000000,0.0883333333,0.415703693,0.0209381679,-0.00000000,-0.00000000,1.00000000,1.00000000,1.00000000,0.00000000,0.0344444444,0.00791666667,0.00000000,0.00000000,0.100000000,-0.415703693
53064271,120|120|120,28|25|10,1,-0.857157253,1.09006498,120.000000,0.00000000,21.0000000,0.373425926,0.621642869,0.549646601,0.499159532,0.459226309,0.211111111,0.600000000,21.0000000,0.277777778,0.0565277778,0.134722222,0.131436314,0.200000000,0.277777778,-0.122483337
53076214,120|120|120,26|24|18,1,-1.34302135,1.28004324,120.000000,0.00000000,22.6666667,0.368888889,0.638533058,0.593528672,0.524868858,0.483614946,0.200000000,0.533333333,22.6666667,0.277777778,0.0912500000,0.128888889,0.168699187,0.122222222,0.316666667,-0.113664200
53076421,120|120|120,39|31|39,1,-3.51510521,-0.352116549,120.000000,0.00000000,36.3333333,0.288425926,0.618672549,0.608041926,0.637536076,0.616262269,0.0888888889,0.272222222,36.3333333,0.422222222,0.0937500000,0.0779166667,0.0380758808,0.0555555556,0.238888889,0.0188635264
53264071,120|120|120,27|22|4,1,0.598343568,7.06132651,120.000000,0.00000000,17.6666667,0.314305556,0.598887389,0.473794905,0.405373412,0.351992472,0.477777778,0.744444444,17.6666667,0.205555556,0.174583333,0.376527778,0.513008130,0.605555556,0.638888889,-0.193513977
53276410,120|120|120,30|34|26,1,-1.89452951,-1.32763123,120.000000,0.00000000,30.0000000,0.313564815,0.634298981,0.612336779,0.543877927,0.527455871,0.244444444,0.483333333,30.0000000,0.338888889,0.0334722222,0.0318055556,0.0155826558,0.0277777778,0.111111111,-0.0904210543
53467021,120|120|120,20|3|15,0,1.85083570,3.42915923,120.000000,0.00000000,12.6666667,0.362037037,0.556229947,0.464591376,0.358131594,0.274214580,0.572222222,0.816666667,12.6666667,0.116666667,0.152916667,0.218472222,0.209078591,0.238888889,0.450000000,-0.198098352
53467102,120|120|120,17|36|32,1,-1.99818054,1.89163567,120.000000,0.00000000,28.3333333,0.295277778,0.583776590,0.571581348,0.529824673,0.551325040,0.144444444,0.383333333,28.3333333,0.311111111,0.174027778,0.167500000,0.172086721,0.100000000,0.355555556,-0.0539519169
53470162,120|120|120,29|24|21,1,-1.08220133,2.62385573,120.000000,0.00000000,24.6666667,0.295462963,0.597661500,0.566525919,0.488693589,0.479462012,0.272222222,0.561111111,24.6666667,0.305555556,0.121111111,0.153055556,0.265311653,0.288888889,0.383333333,-0.108967911
53647012,120|120|120,29|25|31,1,-1.73904148,-0.253259572,120.000000,0.00000000,28.3333333,0.277916667,0.581482643,0.551288062,0.560004080,0.546549497,0.155555556,0.416666667,28.3333333,0.255555556,0.0670833333,0.0616666667,0.0952574526,0.0722222222,0.211111111,-0.0214785624
53670412,120|120|120,32|31|33,1,-2.47867414,1.46103265,120.000000,0.00000000,32.0000000,0.301620370,0.616033090,0.574546503,0.557154645,0.575173262,0.161111111,0.355555556,32.0000000,0.344444444,0.101805556,0.128472222,0.172764228,0.211111111,0.344444444,-0.0588784446
54076231,120|120|120,26|28|35,1,-2.02790544,0.976139138,120.000000,0.00000000,29.6666667,0.260231481,0.556076916,0.519550718,0.557823952,0.561560255,0.138888889,0.383333333,29.6666667,0.333333333,0.112777778,0.143750000,0.141192412,0.116666667,0.305555556,0.00174703606
54271306,120|120|120,20|30|15,1,-0.200559280,0.624962553,120.000000,0.00000000,21.6666667,0.185833333,0.507654839,0.432411748,0.460959479,0.482462814,0.194444444,0.522222222,21.6666667,0.261111111,0.0722222222,0.133055556,0.137940379,0.150000000,0.261111111,-0.0466953599
54371602,120|120|120,18|35|27,1,-1.65829313,-0.0896785934,120.000000,0.00000000,26.6666667,0.216018519,0.566641081,0.539476901,0.514855084,0.541906770,0.111111111,0.377777778,26.6666667,0.355555556,0.0808333333,0.0952777778,0.0815718157,0.0500000000,0.266666667,-0.0517859969
54372601,120|120|120,34|27|32,1,-2.31708842,-0.916843857,120.000000,0.00000000,31.0000000,0.297083333,0.574830895,0.550761739,0.567334325,0.578233243,0.116666667,0.350000000,31.0000000,0.350000000,0.0618055556,0.0413888889,0.0410569106,0.0500000000,0.144444444,-0.00749656995
54376012,120|120|120,35|33|30,1,-2.05800357,0.219239133,120.000000,0.00000000,32.6666667,0.227731481,0.586767163,0.583377876,0.550027073,0.557915870,0.200000000,0.422222222,32.6666667,0.311111111,0.0901388889,0.0648611111,0.122764228,0.122222222,0.255555556,-0.0367400903
56041372,120|120|120,1|1|1,0,7.29762857,-1.11907124,120.000000,0.00000000,1.00000000,0.0884722222,0.407844075,0.0725924572,0.00126129154,-0.00000000,1.00000000,1.00000000,1.00000000,0.00000000,0.0379166667,0.00611111111,0.000677506775,0.00000000,0.100000000,-0.406582783
56074132,120|120|120,19|23|18,1,0.694909993,1.18832142,120.000000,0.00000000,20.0000000,0.195138889,0.519623318,0.418533944,0.414277131,0.410831027,0.361111111,0.666666667,20.0000000,0.216666667,0.137361111,0.174861111,0.0974254743,0.0722222222,0.311111111,-0.105346187
56140723,120|120|120,26|36|37,1,-2.44430276,1.89825459,120.000000,0.00000000,33.0000000,0.321250000,0.557301996,0.563547849,0.557607735,0.570598716,0.172222222,0.388888889,33.0000000,0.350000000,0.154583333,0.181944444,0.144444444,0.166666667,0.361111111,0.000305739901
56372041,120|120|120,19|23|24,1,-0.358602857,-0.0365295359,120.000000,0.00000000,22.0000000,0.205925926,0.581298940,0.543543721,0.480204375,0.461332890,0.277777778,0.566666667,22.0000000,0.233333333,0.0697222222,0.0847222222,0.104742547,0.0833333333,0.205555556,-0.101094565
56372104,108|120|48,9|7|3,0,5.10716111,6.83041808,92.0000000,72.0000000,6.33333333,0.180509259,0.553131210,0.358592676,0.230351259,0.172792603,0.672222222,0.938888889,6.33333333,0.0555555556,0.100138889,0.378055556,0.573035230,0.661111111,0.694444444,-0.322779950
56742013,40|120|120,2|2|2,0,7.67991546,-1.97961079,93.3333333,80.0000000,2.00000000,0.0476851852,0.305891934,0.116679989,0.116679989,0.116679989,0.644444444,1.00000000,2.00000000,0.00000000,0.0150000000,0.00000000,0.00000000,0.00000000,0.0777777778,-0.189211945
70132465,120|120|120,47|40|39,1,-4.32853352,-1.18523034,120.000000,0.00000000,42.0000000,0.382129630,0.659809100,0.640098357,0.648244527,0.648298419,0.0833333333,0.227777778,42.0000000,0.483333333,0.0288888889,0.0238888889,0.0575880759,0.0555555556,0.155555556,-0.0115645734
70132645,120|120|120,41|36|39,1,-3.64557934,-0.809660602,120.000000,0.00000000,38.6666667,0.398194444,0.644396637,0.615132444,0.620244222,0.634254795,0.0666666667,0.238888889,38.6666667,0.344444444,0.0404166667,0.0506944444,0.0723577236,0.0666666667,0.138888889,-0.0241524147
70142536,120|120|120,13|13|23,1,1.06883417,-0.772847991,120.000000,0.00000000,16.3333333,0.288055556,0.552920271,0.408159150,0.392514148,0.390342352,0.355555556,0.700000000,16.3333333,0.211111111,0.0420833333,0.0595833333,0.0307588076,0.00555555556,0.155555556,-0.160406123
70145326,120|120|120,36|34|30,1,-2.78533506,-1.76003185,120.000000,0.00000000,33.3333333,0.350324074,0.615505503,0.563840749,0.585309952,0.592052781,0.116666667,0.327777778,33.3333333,0.394444444,0.0200000000,0.00958333333,0.0184281843,0.0166666667,0.0666666667,-0.0301955511
70214653,120|120|120,19|18|13,1,0.720368881,-1.93598280,120.000000,0.00000000,16.6666667,0.171342593,0.584075246,0.494319152,0.454517761,0.397337104,0.366666667,0.655555556,16.6666667,0.205555556,0.00986111111,0.00263888889,0.00162601626,0.00555555556,0.0500000000,-0.129557485
70215346,120|120|120,26|18|13,1,-0.438556255,0.699749913,120.000000,0.00000000,19.0000000,0.410277778,0.637122111,0.563690196,0.465292592,0.441801914,0.261111111,0.600000000,19.0000000,0.222222222,0.0341666667,0.107083333,0.143495935,0.144444444,0.250000000,-0.171829518
70235641,120|120|120,38|45|33,1,-3.97291691,-1.30584457,120.000000,0.00000000,38.6666667,0.363472222,0.626547228,0.624974291,0.651500457,0.629355847,0.0888888889,0.266666667,38.6666667,0.488888889,0.0391666667,0.0388888889,0.0357723577,0.0444444444,0.111111111,0.0249532287
70254163,120|120|120,31|39|39,1,-3.54062294,-0.359485387,120.000000,0.00000000,36.3333333,0.430462963,0.621000070,0.615251577,0.607702696,0.615962128,0.0944444444,0.288888889,36.3333333,0.422222222,0.0723611111,0.0647222222,0.0775067751,0.0500000000,0.177777778,-0.0132973736
70341562,120|120|120,8|7|7,0,3.32406454,-1.40860427,120.000000,0.00000000,7.33333333,0.202129630,0.512933476,0.300629872,0.266487643,0.253029680,0.377777778,0.938888889,7.33333333,0.144444444,0.0255555556,0.00444444444,0.00203252033,0.00000000,0.0777777778,-0.246445832
70345621,120|120|120,19|22|21,1,-0.715127175,-2.02443695,120.000000,0.00000000,20.6666667,0.249814815,0.568258810,0.519958838,0.518992173,0.486099132,0.172222222,0.494444444,20.6666667,0.277777778,0.00555555556,0.00361111111,0.00121951220,0.00000000,0.0500000000,-0.0492666364
70354162,120|120|120,35|38|30,1,-3.19711531,-0.597754059,120.000000,0.00000000,34.3333333,0.379583333,0.590543608,0.585404236,0.597496639,0.605854380,0.0888888889,0.277777778,34.3333333,0.416666667,0.0840277778,0.0601388889,0.0304878049,0.0388888889,0.172222222,0.00695303064
70432651,120|120|120,29|11|11,1,-0.0208405811,-1.36844707,120.000000,0.00000000,17.0000000,0.295138889,0.569319229,0.497122313,0.469635455,0.442467937,0.222222222,0.555555556,17.0000000,0.238888889,0.0337500000,0.00791666667,0.0128726287,0.00555555556,0.105555556,-0.0996837738
70435612,120|120|120,10|21|15,1,1.39917565,-1.70701410,120.000000,0.00000000,15.3333333,0.257129630,0.513106080,0.426344975,0.379871456,0.370789885,0.377777778,0.700000000,15.3333333,0.194444444,0.0104166667,0.00277777778,0.00650406504,0.00555555556,0.0555555556,-0.133234624
70546321,120|120|120,31|32|29,1,-2.50178178,1.32018289,120.000000,0.00000000,30.6666667,0.375555556,0.576027156,0.558505634,0.568184660,0.569028927,0.133333333,0.366666667,30.6666667,0.350000000,0.171666667,0.158611111,0.0754742547,0.0555555556,0.333333333,-0.00784249557
70563412,39|67|39,1|1|1,0,8.75219533,-1.37796294,48.3333333,28.0000000,1.00000000,0.0768981481,0.425529093,0.0277539995,-0.00000000,-0.00000000,1.00000000,1.00000000,1.00000000,0.00000000,0.0540277778,0.00152777778,0.00000000,0.00000000,0.116666667,-0.425529093
70632514,120|120|120,4|4|4,0,3.67731220,-0.840261606,120.000000,0.00000000,4.00000000,0.477083333,0.537490317,0.247786326,0.231021855,0.225482341,0.405555556,1.00000000,4.00000000,0.0833333333,0.0238888889,0.00333333333,0.00000000,0.00000000,0.0777777778,-0.306468462
70643152,120|120|120,13|13|5,0,2.55342576,-1.54090287,120.000000,0.00000000,10.3333333,0.172546296,0.548542468,0.457848621,0.340239957,0.282750768,0.516666667,0.861111111,10.3333333,0.127777778,0.0158333333,0.0181944444,0.00392953930,0.00000000,0.0777777778,-0.208302511
70652413,120|120|120,1|10|24,0,1.81244648,1.25844012,120.000000,0.00000000,11.6666667,0.455138889,0.562737658,0.401609976,0.355836047,0.282574611,0.505555556,0.744444444,11.6666667,0.127777778,0.109444444,0.100833333,0.0704607046,0.111111111,0.277777778,-0.206901611
71026354,120|120|120,37|40|35,1,-3.36305063,-1.78148701,120.000000,0.00000000,37.3333333,0.267916667,0.638809459,0.641480260,0.623282809,0.608905146,0.138888889,0.316666667,37.3333333,0.427777778,0.0247222222,0.0243055556,0.0298102981,0.0111111111,0.0888888889,-0.0155266499
71032465,120|120|120,31|36|37,1,-3.65390557,-0.716785494,120.000000,0.00000000,34.6666667,0.395833333,0.651965943,0.645698441,0.625843788,0.606707922,0.105555556,0.283333333,34.6666667,0.472222222,0.0431944444,0.0495833333,0.0747967480,0.0722222222,0.155555556,-0.0261221546
71035246,120|120|120,31|29|33,1,-2.27371994,-1.58529409,120.000000,0.00000000,31.0000000,0.230231481,0.656702535,0.603285236,0.567091013,0.552833130,0.200000000,0.422222222,31.0000000,0.400000000,0.0281944444,0.0240277778,0.0226287263,0.0388888889,0.0944444444,-0.0896115222
71046325,120|120|120,30|27|31,1,-2.18253978,0.212206758,120.000000,0.00000000,29.3333333,0.280277778,0.622686114,0.566700467,0.553116074,0.549626681,0.172222222,0.422222222,29.3333333,0.394444444,0.0954166667,0.0994444444,0.0841463415,0.0722222222,0.261111111,-0.0695700398
71062453,120|120|120,25|14|24,1,-0.228512476,-1.81987106,120.000000,0.00000000,21.0000000,0.281064815,0.546998747,0.478252166,0.469191820,0.474280000,0.188888889,0.527777778,21.0000000,0.222222222,0.0105555556,0.00208333333,0.00338753388,0.0166666667,0.0500000000,-0.0778069271
71064325,120|120|120,7|6|8,0,2.79544694,3.28170550,120.000000,0.00000000,7.00000000,0.494768519,0.549887707,0.296471511,0.254932760,0.246968350,0.411111111,0.944444444,7.00000000,0.138888889,0.129583333,0.246111111,0.197560976,0.144444444,0.427777778,-0.294954946
71065243,120|120|120,30|27|30,1,-2.19049721,1.39916415,120.000000,0.00000000,29.0000000,0.354490741,0.613900821,0.555103572,0.549784881,0.553241009,0.150000000,0.405555556,29.0000000,0.338888889,0.0852777778,0.160972222,0.187669377,0.155555556,0.322222222,-0.0641159399
71324506,120|120|120,27|33|32,1,-2.26963992,-2.07455528,120.000000,0.00000000,30.6666667,0.176157407,0.627255385,0.567390662,0.565595254,0.576463627,0.100000000,0.338888889,30.6666667,0.377777778,0.0147222222,0.00847222222,0.0121951220,0.00555555556,0.0833333333,-0.0616601306
71430562,120|120|120,33|26|46,1,-2.75840327,-2.27811436,120.000000,0.00000000,35.0000000,0.150138889,0.628613886,0.576273490,0.567512372,0.601889445,0.0944444444,0.300000000,35.0000000,0.444444444,0.0158333333,0.00722222222,0.00799457995,0.00000000,0.0666666667,-0.0611015144
71462305,120|120|120,24|22|16,1,0.349680787,-1.92805068,120.000000,0.00000000,20.6666667,0.0863888889,0.555534753,0.426860389,0.412243119,0.484173834,0.194444444,0.494444444,20.6666667,0.216666667,0.0190277778,0.00583333333,0.00271002710,0.0111111111,0.0944444444,-0.143291634
71620435,120|120|120,13|28|27,1,0.0328949689,-2.05160075,120.000000,0.00000000,22.6666667,0.127407407,0.587355876,0.400603349,0.453153931,0.468218020,0.277777778,0.550000000,22.6666667,0.300000000,0.0129166667,0.00486111111,0.00433604336,0.0111111111,0.0555555556,-0.134201945
71623504,120|120|120,30|31|41,1,-2.72199477,-2.01248693,120.000000,0.00000000,34.0000000,0.216342593,0.626597694,0.592493316,0.590137059,0.584873130,0.150000000,0.344444444,34.0000000,0.422222222,0.0202777778,0.0140277778,0.0128726287,0.00000000,0.0833333333,-0.0364606342
71642305,120|120|120,10|24|15,1,0.555102616,-1.54743257,120.000000,0.00000000,16.3333333,0.142870370,0.575151614,0.487156089,0.445937967,0.428731838,0.227777778,0.605555556,16.3333333,0.188888889,0.0273611111,0.0166666667,0.0140921409,0.0222222222,0.100000000,-0.129213647
71642350,120|120|120,25|20|22,1,-0.629032153,-2.08909870,120.000000,0.00000000,22.3333333,0.213981481,0.581083197,0.505494943,0.481357809,0.494411674,0.183333333,0.494444444,22.3333333,0.300000000,0.00541666667,0.00236111111,0.000406504065,0.00000000,0.0500000000,-0.0997253879
72016345,120|120|120,30|28|34,1,-2.37962151,-0.569252106,120.000000,0.00000000,30.6666667,0.320879630,0.608454544,0.535177556,0.570864432,0.568958588,0.150000000,0.366666667,30.6666667,0.388888889,0.0451388889,0.0691666667,0.0598915989,0.0666666667,0.205555556,-0.0375901119
72046153,120|120|120,24|19|16,1,0.621492864,-1.38498735,120.000000,0.00000000,19.6666667,0.158935185,0.599341172,0.483601179,0.422021608,0.400609984,0.411111111,0.638888889,19.6666667,0.244444444,0.0325000000,0.0340277778,0.0210027100,0.00555555556,0.116666667,-0.177319564
72064531,120|120|120,14|17|14,0,2.11781440,-1.68709441,120.000000,0.00000000,15.0000000,0.0896296296,0.509555090,0.354170866,0.331713689,0.354416292,0.377777778,0.777777778,15.0000000,0.200000000,0.0222222222,0.0177777778,0.0128726287,0.00000000,0.0888888889,-0.177841401
72143065,120|120|120,18|19|15,1,0.575130936,-2.02484454,120.000000,0.00000000,17.3333333,0.118842593,0.551129215,0.429210550,0.445945484,0.450716863,0.205555556,0.550000000,17.3333333,0.183333333,0.0163888889,0.00277777778,0.00203252033,0.00000000,0.0555555556,-0.105183730
72143560,120|120|120,9|19|12,0,1.88208971,-2.05113954,120.000000,0.00000000,13.3333333,0.0860185185,0.535783097,0.378747597,0.355145017,0.362334282,0.305555556,0.744444444,13.3333333,0.205555556,0.00833333333,0.00194444444,0.000677506775,0.00000000,0.0444444444,-0.180638080
72150364,120|120|120,24|25|27,1,-1.21352554,-2.04792633,120.000000,0.00000000,25.3333333,0.158750000,0.583958174,0.536543198,0.539377875,0.528525232,0.144444444,0.438888889,25.3333333,0.283333333,0.0183333333,0.0125000000,0.00487804878,0.00000000,0.0666666667,-0.0445802998
72165304,120|120|120,22|18|18,1,0.161283634,-2.12654381,120.000000,0.00000000,19.3333333,0.122314815,0.583950997,0.487075805,0.465803588,0.455326817,0.238888889,0.572222222,19.3333333,0.233333333,0.00763888889,0.00208333333,0.000271002710,0.00000000,0.0555555556,-0.118147409
72365104,120|120|120,12|28|13,1,1.24287794,-2.01762807,120.000000,0.00000000,17.6666667,0.104537037,0.578935454,0.489116392,0.412038131,0.365752222,0.466666667,0.705555556,17.6666667,0.194444444,0.00805555556,0.000833333333,0.00176151762,0.00555555556,0.0555555556,-0.166897323
72543061,120|120|120,17|22|15,1,0.236277903,-1.22938027,120.000000,0.00000000,18.0000000,0.204027778,0.551676175,0.489407807,0.479842871,0.432956676,0.216666667,0.627777778,18.0000000,0.194444444,0.0215277778,0.0475000000,0.0276422764,0.0111111111,0.155555556,-0.0718333040
72564103,120|120|117,12|17|10,0,1.76372685,-1.98181765,119.000000,3.00000000,13.0000000,0.0695370370,0.546580199,0.386481685,0.391007216,0.377793629,0.316666667,0.705555556,13.0000000,0.183333333,0.0102777778,0.000833333333,0.000406504065,0.00000000,0.0833333333,-0.155572984
72614305,120|120|120,32|38|30,1,-2.82876328,-1.97572978,120.000000,0.00000000,33.3333333,0.223611111,0.646586045,0.609215223,0.612324681,0.589686694,0.138888889,0.316666667,33.3333333,0.383333333,0.0216666667,0.0123611111,0.0172086721,0.0166666667,0.0611111111,-0.0342613646
72641530,120|120|120,15|21|19,1,0.900492177,-1.97760370,120.000000,0.00000000,18.3333333,0.175462963,0.522996649,0.441936156,0.425683906,0.408178812,0.361111111,0.661111111,18.3333333,0.216666667,0.00625000000,0.00583333333,0.00203252033,0.00555555556,0.0500000000,-0.0973127437
72645103,120|120|120,7|4|2,0,4.66935081,-1.60766360,120.000000,0.00000000,4.33333333,0.111666667,0.581667195,0.380073357,0.192451873,0.136930491,0.750000000,0.983333333,4.33333333,0.0500000000,0.00902777778,0.00125000000,0.000406504065,0.00000000,0.0500000000,-0.389215321
72654103,120|120|120,26|34|34,1,-2.19616145,-2.04891356,120.000000,0.00000000,31.3333333,0.176435185,0.596780932,0.574925055,0.564202352,0.576736730,0.122222222,0.350000000,31.3333333,0.361111111,0.0180555556,0.0176388889,0.0128726287,0.0111111111,0.0666666667,-0.0325785795
73046512,120|120|120,43|37|41,1,-3.83165722,-1.15791457,120.000000,0.00000000,40.3333333,0.347453704,0.649026222,0.624439188,0.631455500,0.639382627,0.0888888889,0.250000000,40.3333333,0.400000000,0.0483333333,0.0388888889,0.0510840108,0.0222222222,0.138888889,-0.0175707216
73056412,120|120|120,27|15|29,1,-1.02109302,-1.44158516,120.000000,0.00000000,23.6666667,0.247870370,0.623672303,0.570615003,0.514925685,0.480697250,0.222222222,0.561111111,23.6666667,0.322222222,0.0443055556,0.0229166667,0.00663956640,0.00000000,0.105555556,-0.108746618
73056421,120|120|120,26|37|20,1,-1.54755329,0.283500391,120.000000,0.00000000,27.6666667,0.409722222,0.643507562,0.608832319,0.523619545,0.484454484,0.311111111,0.533333333,27.6666667,0.294444444,0.0544444444,0.0781944444,0.0789972900,0.127777778,0.250000000,-0.119888017
73150264,120|120|120,35|37|39,1,-3.49729586,-1.47120637,120.000000,0.00000000,37.0000000,0.258425926,0.653462915,0.625714268,0.627546344,0.612761500,0.127777778,0.294444444,37.0000000,0.466666667,0.0327777778,0.0370833333,0.0426829268,0.0222222222,0.133333333,-0.0259165708
73150624,120|120|120,32|40|32,1,-3.08928679,-1.68964255,120.000000,0.00000000,34.6666667,0.239537037,0.657834972,0.619351539,0.617977501,0.596923405,0.133333333,0.305555556,34.6666667,0.405555556,0.0318055556,0.0238888889,0.0279132791,0.00555555556,0.111111111,-0.0398574718
73240156,120|120|120,19|40|27,1,-1.39638576,-2.01989533,120.000000,0.00000000,28.6666667,0.159027778,0.629345123,0.536912327,0.526532026,0.525868601,0.194444444,0.461111111,28.6666667,0.322222222,0.0138888889,0.00763888889,0.00596205962,0.0277777778,0.0611111111,-0.102813096
73256014,120|120|120,20|22|34,1,-1.53790810,-1.28217609,120.000000,0.00000000,25.3333333,0.292407407,0.642617792,0.602295551,0.566463353,0.510059917,0.233333333,0.466666667,25.3333333,0.266666667,0.0284722222,0.0319444444,0.0212737127,0.0444444444,0.105555556,-0.0761544388
73561402,120|120|120,37|32|29,1,-2.42253213,-2.14496653,120.000000,0.00000000,32.6666667,0.208518519,0.582518334,0.546145723,0.586358792,0.584661226,0.122222222,0.338888889,32.6666667,0.388888889,0.0130555556,0.0104166667,0.0128726287,0.00555555556,0.0611111111,0.00384045778
73562104,120|120|120,36|33|36,1,-2.81370545,-1.65170051,120.000000,0.00000000,35.0000000,0.216296296,0.614276241,0.568409427,0.605923503,0.597131106,0.111111111,0.344444444,35.0000000,0.394444444,0.0323611111,0.0248611111,0.0249322493,0.0166666667,0.127777778,-0.00835273753
74051632,120|120|120,21|27|27,1,-1.13286144,1.01908512,120.000000,0.00000000,25.0000000,0.266064815,0.519229690,0.504579059,0.511773405,0.520576477,0.166666667,0.444444444,25.0000000,0.266666667,0.105555556,0.0994444444,0.144037940,0.161111111,0.311111111,-0.00745628498
74056312,120|120|120,28|24|26,1,-1.45432786,1.65445467,120.000000,0.00000000,26.0000000,0.312037037,0.529326445,0.499879858,0.526225252,0.527483482,0.161111111,0.450000000,26.0000000,0.300000000,0.150000000,0.179027778,0.126016260,0.133333333,0.327777778,-0.00310119301
74150236,120|120|120,30|25|27,1,-1.63001694,-1.53396258,120.000000,0.00000000,27.3333333,0.216759259,0.555435232,0.535869686,0.549335574,0.535756793,0.188888889,0.422222222,27.3333333,0.377777778,0.0331944444,0.0322222222,0.0235772358,0.00555555556,0.133333333,-0.00609965831
74156230,120|120|120,35|38|17,1,-2.22591289,-0.545815038,120.000000,0.00000000,30.0000000,0.300370370,0.584304563,0.583815658,0.562469321,0.563510771,0.116666667,0.366666667,30.0000000,0.322222222,0.0552777778,0.0711111111,0.0704607046,0.0555555556,0.188888889,-0.0218352421
74351602,118|120|120,15|14|10,0,2.60976060,-1.17749553,119.333333,2.00000000,13.0000000,0.129583333,0.543277106,0.451793915,0.323822362,0.276329161,0.611111111,0.783333333,13.0000000,0.122222222,0.0287500000,0.0418055556,0.0138211382,0.0277777778,0.122222222,-0.219454745
74352601,120|120|120,15|4|18,0,2.49063109,-0.906503123,120.000000,0.00000000,12.3333333,0.171527778,0.568184329,0.467644872,0.337751040,0.240658619,0.627777778,0.838888889,12.3333333,0.155555556,0.0581944444,0.0298611111,0.00772357724,0.0111111111,0.144444444,-0.230433289
74560123,49|27|21,1|1|1,0,9.18216239,-2.01746144,32.3333333,28.0000000,1.00000000,0.0480092593,0.345491343,0.0152476128,-0.00000000,-0.00000000,1.00000000,1.00000000,1.00000000,0.00000000,0.0148611111,0.00125000000,0.00000000,0.00000000,0.0666666667,-0.345491343
74561023,47|55|45,1|1|1,0,8.59037993,-1.77548051,49.0000000,10.0000000,1.00000000,0.0615740741,0.383556149,0.0309324884,-0.00000000,-0.00000000,1.00000000,1.00000000,1.00000000,0.00000000,0.0191666667,0.00250000000,0.00000000,0.00000000,0.0777777778,-0.383556149
74652130,120|36|120,2|2|2,0,7.92663447,-1.80380530,92.0000000,84.0000000,2.00000000,0.180601852,0.325166091,0.0889664534,0.0889664534,0.0889664534,0.755555556,1.00000000,2.00000000,0.00000000,0.00875000000,0.00000000,0.00000000,0.00000000,0.0666666667,-0.236199638
75041326,120|120|120,1|1|1,0,6.71832619,0.436211113,120.000000,0.00000000,1.00000000,0.440601852,0.437788275,0.0739189232,-0.00000000,-0.00000000,1.00000000,1.00000000,1.00000000,0.00000000,0.0984722222,0.0305555556,0.00000000,0.00000000,0.211111111,-0.437788275
75042631,120|120|120,15|1|8,0,2.91778957,1.79992844,120.000000,0.00000000,8.00000000,0.480833333,0.570410191,0.420343355,0.277013398,0.203358568,0.633333333,0.888888889,8.00000000,0.0611111111,0.117083333,0.182083333,0.0498644986,0.0111111111,0.400000000,-0.293396793
75243106,120|120|120,18|12|16,1,1.03109957,-0.152432322,120.000000,0.00000000,15.3333333,0.169861111,0.547104515,0.441800515,0.371393928,0.422104068,0.255555556,0.611111111,15.3333333,0.188888889,0.0473611111,0.0463888889,0.128048780,0.0722222222,0.238888889,-0.175710587
75246301,120|120|120,24|23|20,1,-0.853331392,2.03829814,120.000000,0.00000000,22.3333333,0.308009259,0.560036836,0.487543364,0.505612581,0.480504676,0.227777778,0.511111111,22.3333333,0.272222222,0.109166667,0.180555556,0.208265583,0.211111111,0.338888889,-0.0544242545
76143025,120|120|120,23|20|26,1,-0.634296984,-0.898797209,120.000000,0.00000000,23.0000000,0.272453704,0.554619220,0.458565379,0.481320879,0.507451780,0.161111111,0.461111111,23.0000000,0.238888889,0.0427777778,0.0520833333,0.0253387534,0.0500000000,0.155555556,-0.0732983412
76145023,120|120|120,21|29|20,1,-0.750046713,-1.82644971,120.000000,0.00000000,23.3333333,0.316898148,0.544114756,0.539245303,0.501257727,0.480683962,0.250000000,0.533333333,23.3333333,0.288888889,0.00722222222,0.00333333333,0.00501355014,0.0111111111,0.0611111111,-0.0428570288
